cid,z_hd,m_b_corr,mu_theory_m28,residual,is_calibrator,in_shoes_hf,M_hat_m28,M_hat_g10
2011fe,0.00122,9.74571,29.177,-0.18767442763743247,1,0,-19.243615572362565,-19.38224385616367
2011fe,0.00122,9.80286,29.177,-0.13052442763743244,1,0,-19.243615572362565,-19.38224385616367
2012cg,0.00256,11.4703,30.8433,-0.12938442763743296,1,0,-19.243615572362565,-19.38224385616367
2012cg,0.00256,11.4919,30.8433,-0.10778442763743357,1,0,-19.243615572362565,-19.38224385616367
1981B,0.00317,11.5416,30.8338,-0.048584427637436534,1,0,-19.243615572362565,-19.38224385616367
2013aa,0.00331,11.2074,30.5454,-0.09438442763743637,1,0,-19.243615572362565,-19.38224385616367
2013aa,0.00331,11.2998,30.5454,-0.001984427637438557,1,0,-19.243615572362565,-19.38224385616367
2017cbv,0.00331,11.1483,30.5454,-0.1534844276374372,1,0,-19.243615572362565,-19.38224385616367
2017cbv,0.00331,11.2577,30.5454,-0.04408442763743636,1,0,-19.243615572362565,-19.38224385616367
2001el,0.00333,12.2481,31.2859,0.20581557236256387,1,0,-19.243615572362565,-19.38224385616367
2011by,0.00349,12.5403,31.6336,0.15031557236256532,1,0,-19.243615572362565,-19.38224385616367
1998aq,0.00349,12.2437,31.7216,-0.23428442763743362,1,0,-19.243615572362565,-19.38224385616367
1990N,0.00359,12.4439,31.8115,-0.12398442763743489,1,0,-19.243615572362565,-19.38224385616367
2021pit,0.00384,11.7469,31.2859,-0.2953844276374369,1,0,-19.243615572362565,-19.38224385616367
2005df,0.00407,12.1403,31.4903,-0.10638442763743683,1,0,-19.243615572362565,-19.38224385616367
2005df_ANU,0.00407,12.1249,31.4903,-0.12178442763743647,1,0,-19.243615572362565,-19.38224385616367
2013dy,0.00432,12.246,31.6272,-0.13758442763743517,1,0,-19.243615572362565,-19.38224385616367
2013dy,0.00432,12.3081,31.6272,-0.07548442763743424,1,0,-19.243615572362565,-19.38224385616367
2012ht,0.00465,12.6779,31.9348,-0.01328442763743709,1,0,-19.243615572362565,-19.38224385616367
2012ht,0.00465,12.78,31.9348,0.08881557236256299,1,0,-19.243615572362565,-19.38224385616367
2012fr,0.00483,11.8801,31.3773,-0.25358442763743483,1,0,-19.243615572362565,-19.38224385616367
2012fr,0.00483,11.9704,31.3773,-0.16328442763743567,1,0,-19.243615572362565,-19.38224385616367
2015F,0.00488,12.1943,31.4489,-0.010984427637431793,1,0,-19.243615572362565,-19.38224385616367
2015F,0.00488,12.286,31.4489,0.0807155723625641,1,0,-19.243615572362565,-19.38224385616367
2007sr,0.00571,12.4269,31.6025,0.06801557236256528,1,0,-19.243615572362565,-19.38224385616367
2007sr,0.00571,12.3762,31.6025,0.0173155723625662,1,0,-19.243615572362565,-19.38224385616367
1994ae,0.00588,12.9292,32.1194,0.05341557236256733,1,0,-19.243615572362565,-19.38224385616367
2018gv,0.00602,12.6874,32.0504,-0.1193844276374385,1,0,-19.243615572362565,-19.38224385616367
2018gv,0.00602,12.8136,32.0504,0.00681557236256225,1,0,-19.243615572362565,-19.38224385616367
2018gv,0.00602,12.6572,32.0504,-0.14958442763743918,1,0,-19.243615572362565,-19.38224385616367
2007af,0.00625,12.8137,31.7708,0.2865155723625641,1,0,-19.243615572362565,-19.38224385616367
2007af,0.00625,12.7493,31.7708,0.2221155723625614,1,0,-19.243615572362565,-19.38224385616367
2007af,0.00625,12.8469,31.7708,0.3197155723625613,1,0,-19.243615572362565,-19.38224385616367
2007af,0.00625,12.7807,31.7708,0.25351557236256284,1,0,-19.243615572362565,-19.38224385616367
2019np,0.00648,13.2078,32.3302,0.12121557236256564,1,0,-19.243615572362565,-19.38224385616367
2019np,0.00648,13.1808,32.3302,0.09421557236256461,1,0,-19.243615572362565,-19.38224385616367
1995al,0.00673,13.1063,32.4626,-0.11268442763743991,1,0,-19.243615572362565,-19.38224385616367
2017erp,0.00677,12.9421,32.2221,-0.03638442763743299,1,0,-19.243615572362565,-19.38224385616367
2017erp,0.00677,12.9199,32.2221,-0.058584427637434544,1,0,-19.243615572362565,-19.38224385616367
2017erp,0.00677,12.9518,32.2221,-0.026684427637434283,1,0,-19.243615572362565,-19.38224385616367
2005cf,0.0071,13.0663,32.3624,-0.0524844276374381,1,0,-19.243615572362565,-19.38224385616367
2005cf,0.0071,13.0797,32.3624,-0.039084427637433805,1,0,-19.243615572362565,-19.38224385616367
2005cf,0.0071,13.0691,32.3624,-0.04968442763743752,1,0,-19.243615572362565,-19.38224385616367
2002fk,0.00719,13.1893,32.5404,-0.10748442763743427,1,0,-19.243615572362565,-19.38224385616367
2002fk,0.00719,13.2112,32.5404,-0.08558442763743557,1,0,-19.243615572362565,-19.38224385616367
2003du,0.00747,13.5413,32.8472,-0.06228442763743658,1,0,-19.243615572362565,-19.38224385616367
2003du,0.00747,13.4893,32.8472,-0.11428442763743618,1,0,-19.243615572362565,-19.38224385616367
2003du,0.00747,13.5155,32.8472,-0.08808442763743685,1,0,-19.243615572362565,-19.38224385616367
1998dh,0.00814,13.4634,32.4996,0.2074155723625637,1,0,-19.243615572362565,-19.38224385616367
1998dh,0.00814,13.3621,32.4996,0.10611557236256175,1,0,-19.243615572362565,-19.38224385616367
2009ig,0.00815,13.1181,32.5621,-0.20038442763743802,1,0,-19.243615572362565,-19.38224385616367
2009ig,0.00815,13.4904,32.5621,0.17191557236256472,1,0,-19.243615572362565,-19.38224385616367
2009ig,0.00815,13.4177,32.5621,0.09921557236256362,1,0,-19.243615572362565,-19.38224385616367
2001bg,0.00855,13.4398,32.6114,0.07201557236255951,1,0,-19.243615572362565,-19.38224385616367
2005W,0.00855,13.599,32.8293,0.013315572362561312,1,0,-19.243615572362565,-19.38224385616367
ASASSN-15so,0.00857,13.4997,32.8026,-0.05928442763743291,1,0,-19.243615572362565,-19.38224385616367
1997bp,0.00864,13.1668,32.5982,-0.18778442763743186,1,0,-19.243615572362565,-19.38224385616367
2006D,0.00925,13.6384,32.9183,-0.03628442763743678,1,0,-19.243615572362565,-19.38224385616367
2006D,0.00925,13.6443,32.9183,-0.030384427637436318,1,0,-19.243615572362565,-19.38224385616367
2006D,0.00925,13.6629,32.9183,-0.011784427637437034,1,0,-19.243615572362565,-19.38224385616367
1999cp,0.00954,13.7869,33.1156,-0.08508442763743673,1,0,-19.243615572362565,-19.38224385616367
1999cp,0.00954,13.9605,33.1156,0.08851557236256369,1,0,-19.243615572362565,-19.38224385616367
2002cr,0.00954,13.9779,33.1156,0.10591557236256222,1,0,-19.243615572362565,-19.38224385616367
2002cr,0.00954,13.9939,33.1156,0.121915572362564,1,0,-19.243615572362565,-19.38224385616367
2009Y,0.00996,13.3927,33.0928,-0.45648442763743446,1,0,-19.243615572362565,-19.38224385616367
2009Y,0.00996,13.4928,33.0928,-0.3563844276374297,1,0,-19.243615572362565,-19.38224385616367
2009Y,0.00996,13.6485,33.0928,-0.20068442763743377,1,0,-19.243615572362565,-19.38224385616367
2013E,0.01016,13.5264,33.11219386027061,-0.34217828790804106,0,0,-19.243615572362565,-19.38224385616367
1999ac,0.01017,13.6652,33.1145574518104,-0.20574187944783517,0,0,-19.243615572362565,-19.38224385616367
1999ac,0.01017,13.7144,33.1145574518104,-0.15654187944783615,0,0,-19.243615572362565,-19.38224385616367
2009an,0.01026,14.0848,33.132315236292804,0.19610033606976174,0,0,-19.243615572362565,-19.38224385616367
2009an,0.01026,13.9723,33.132315236292804,0.08360033606976103,0,0,-19.243615572362565,-19.38224385616367
2006bh,0.01028,14.0258,33.245,0.024415572362567417,1,0,-19.243615572362565,-19.38224385616367
2004S,0.01042,13.8706,33.16669446041587,-0.05247888805330447,0,0,-19.243615572362565,-19.38224385616367
2021hpr,0.01044,13.8339,33.0131,0.06441557236256301,1,0,-19.243615572362565,-19.38224385616367
2002dp,0.01061,14.1276,33.1859,0.18531557236256901,1,0,-19.243615572362565,-19.38224385616367
2002dp,0.01061,14.0401,33.1859,0.09781557236257044,1,0,-19.243615572362565,-19.38224385616367
1997do,0.01073,13.8551,33.231831757876094,-0.13311618551352922,0,0,-19.243615572362565,-19.38224385616367
1997bq,0.01079,13.8153,33.0131,0.04581557236256373,1,0,-19.243615572362565,-19.38224385616367
2008fv_comb,0.01079,13.9279,33.0131,0.1584155723625642,1,0,-19.243615572362565,-19.38224385616367
ASASSN-16jf,0.01096,14.3179,33.280509628311194,0.2810059440513726,0,0,-19.243615572362565,-19.38224385616367
iPTF13ebh,0.01114,14.4807,33.31942797479075,0.4048875975718147,0,0,-19.243615572362565,-19.38224385616367
iPTF13ebh,0.01114,14.3839,33.31942797479075,0.3080875975718165,0,0,-19.243615572362565,-19.38224385616367
2010ko,0.01122,14.5817,33.329850156633114,0.49546541572944847,0,0,-19.243615572362565,-19.38224385616367
2013ex,0.01122,14.1806,33.329850156633114,0.0943654157294489,0,0,-19.243615572362565,-19.38224385616367
2013ex,0.01122,14.2417,33.329850156633114,0.15546541572945216,0,0,-19.243615572362565,-19.38224385616367
2009ab,0.01155,14.3303,33.39543337910556,0.17848219325700398,0,0,-19.243615572362565,-19.38224385616367
2011ao,0.01195,14.2444,33.4658827206718,0.02213285169076329,0,0,-19.243615572362565,-19.38224385616367
2001cz,0.01213,14.6253,33.50041526567259,0.36850030668997036,0,0,-19.243615572362565,-19.38224385616367
2009kk,0.0122,14.4493,33.51516294880065,0.1777526235619149,0,0,-19.243615572362565,-19.38224385616367
2010Y,0.01233,14.4873,33.534176102982954,0.19673946937960807,0,0,-19.243615572362565,-19.38224385616367
2008R,0.01246,14.5756,33.56146608798826,0.2577494843743082,0,0,-19.243615572362565,-19.38224385616367
2002ha,0.01258,14.455,33.58216925854939,0.11644631381317083,0,0,-19.243615572362565,-19.38224385616367
2002ha,0.01258,14.4716,33.58216925854939,0.13304631381317478,0,0,-19.243615572362565,-19.38224385616367
2009kq,0.01259,14.3344,33.58062551851687,-0.0026099461543012126,0,0,-19.243615572362565,-19.38224385616367
2009kq,0.01259,14.2648,33.58062551851687,-0.07220994615430243,0,0,-19.243615572362565,-19.38224385616367
2001bt,0.01279,14.4962,33.62017592153322,0.11963965082934891,0,0,-19.243615572362565,-19.38224385616367
2001ep,0.01283,14.3835,33.62447786520066,0.0026377071619023695,0,0,-19.243615572362565,-19.38224385616367
2001ep,0.01283,14.2498,33.62447786520066,-0.13106229283809512,0,0,-19.243615572362565,-19.38224385616367
2013gy,0.01303,14.4825,33.658805433248446,0.0673101391141202,0,0,-19.243615572362565,-19.38224385616367
2013gy,0.01303,14.5077,33.658805433248446,0.09251013911411832,0,0,-19.243615572362565,-19.38224385616367
AT2017cfd,0.01304,14.3222,33.65731051958376,-0.091494947221193,0,0,-19.243615572362565,-19.38224385616367
2017cfd,0.01304,14.3143,33.65731051958376,-0.0993949472211959,0,0,-19.243615572362565,-19.38224385616367
1999dq,0.01312,14.267,33.7082,-0.1975844276374339,1,0,-19.243615572362565,-19.38224385616367
1999dq,0.01312,14.2187,33.7082,-0.245884427637435,1,0,-19.243615572362565,-19.38224385616367
2007hj,0.01325,14.7152,33.69616147226799,0.2626541000945757,0,0,-19.243615572362565,-19.38224385616367
2007hj,0.01325,14.7316,33.69616147226799,0.27905410009457654,0,0,-19.243615572362565,-19.38224385616367
2007hj,0.01325,14.6717,33.69616147226799,0.2191541000945776,0,0,-19.243615572362565,-19.38224385616367
2008hv,0.01375,14.544,33.772797128649614,0.014818443712950824,0,0,-19.243615572362565,-19.38224385616367
2008hv,0.01375,14.5153,33.772797128649614,-0.01388155628704979,0,0,-19.243615572362565,-19.38224385616367
2008hv,0.01375,14.519,33.772797128649614,-0.010181556287051308,0,0,-19.243615572362565,-19.38224385616367
1997E,0.01376,14.5119,33.77565303600566,-0.02013746364309199,0,0,-19.243615572362565,-19.38224385616367
2007cv,0.01386,14.4211,33.789785224546414,-0.1250696521838499,0,0,-19.243615572362565,-19.38224385616367
1992al,0.01388,14.4438,33.798018161049946,-0.1106025886873816,0,0,-19.243615572362565,-19.38224385616367
1999dk,0.01389,14.5523,33.799958092844655,-0.0040425204820877525,0,0,-19.243615572362565,-19.38224385616367
1999dk,0.01389,14.4121,33.799958092844655,-0.14424252048208785,0,0,-19.243615572362565,-19.38224385616367
ASASSN-16dn,0.01411,14.5676,33.829234628138636,-0.018019055776072435,0,0,-19.243615572362565,-19.38224385616367
ASASSN-16la,0.01424,14.5914,33.853764344522034,-0.01874877215946924,0,0,-19.243615572362565,-19.38224385616367
2005kc,0.01442,14.7657,33.880941498339034,0.12837407402353307,0,0,-19.243615572362565,-19.38224385616367
2005kc,0.01442,14.7719,33.880941498339034,0.13457407402353283,0,0,-19.243615572362565,-19.38224385616367
2007ca,0.01442,15.0836,33.87873701195419,0.44847856040837186,0,0,-19.243615572362565,-19.38224385616367
2007ca,0.01442,14.9251,33.87873701195419,0.2899785604083718,0,0,-19.243615572362565,-19.38224385616367
2007ca,0.01442,14.999,33.87873701195419,0.36387856040837363,0,0,-19.243615572362565,-19.38224385616367
2006N,0.01446,14.6548,33.88493002737256,0.013485544990004428,0,0,-19.243615572362565,-19.38224385616367
2006td,0.0145,14.9197,33.89457198379875,0.2687435885638152,0,0,-19.243615572362565,-19.38224385616367
2013gq,0.01453,14.4996,33.894603605057014,-0.15138803269444878,0,0,-19.243615572362565,-19.38224385616367
2004eo,0.0146,14.6296,33.907887406931145,-0.034671834568580806,0,0,-19.243615572362565,-19.38224385616367
2003gt,0.01462,14.6723,33.91088460647093,0.005030965891634764,0,0,-19.243615572362565,-19.38224385616367
2005bo,0.01463,14.5023,33.90957785262305,-0.163662280260489,0,0,-19.243615572362565,-19.38224385616367
2005bo,0.01463,14.4659,33.90957785262305,-0.20006228026048944,0,0,-19.243615572362565,-19.38224385616367
2001fe,0.01467,14.6386,33.91465653258176,-0.03244096021919418,0,0,-19.243615572362565,-19.38224385616367
2013fa,0.01472,14.5364,33.92583144923265,-0.14581587687008835,0,0,-19.243615572362565,-19.38224385616367
2000dm,0.01484,14.7579,33.94292543454432,0.05859013781824274,0,0,-19.243615572362565,-19.38224385616367
PSNJ2043531,0.01492,14.9372,33.95536172355402,0.22545384880854513,0,0,-19.243615572362565,-19.38224385616367
2011df,0.01493,14.5994,33.95477521229226,-0.11175963992969784,0,0,-19.243615572362565,-19.38224385616367
2005el,0.01499,14.721,33.96407205978575,0.000543512576815175,0,0,-19.243615572362565,-19.38224385616367
2005el,0.01499,14.6731,33.96407205978575,-0.04735648742318688,0,0,-19.243615572362565,-19.38224385616367
2001cn,0.01515,14.6347,33.98764556523902,-0.10932999287645373,0,0,-19.243615572362565,-19.38224385616367
2005de,0.01519,14.9263,33.99357036592102,0.17634520644153895,0,0,-19.243615572362565,-19.38224385616367
SN2017jl,0.01525,14.5176,34.004363848253675,-0.24314827589110877,0,0,-19.243615572362565,-19.38224385616367
ASASSN-16ad,0.01529,14.7804,34.009588526040694,0.014427046321870307,0,0,-19.243615572362565,-19.38224385616367
ATLAS16cxr,0.01542,15.0896,34.02655155222,0.30666402014256633,0,0,-19.243615572362565,-19.38224385616367
iPTF16auf,0.01543,14.8214,34.02688087650279,0.038134695859778134,0,0,-19.243615572362565,-19.38224385616367
2008bc,0.01546,14.7801,34.03122136319036,-0.007505790827799785,0,0,-19.243615572362565,-19.38224385616367
2011im,0.01549,15.0202,34.03769164687892,0.22612392548364824,0,0,-19.243615572362565,-19.38224385616367
1999ej,0.0155,15.0051,34.03938319404227,0.2093323783202905,0,0,-19.243615572362565,-19.38224385616367
1999ej,0.0155,14.9582,34.03938319404227,0.16243237832028967,0,0,-19.243615572362565,-19.38224385616367
2001en,0.0155,14.7464,34.0393618274862,-0.04934625512363766,0,0,-19.243615572362565,-19.38224385616367
2001en,0.0155,14.6322,34.0393618274862,-0.16354625512364152,0,0,-19.243615572362565,-19.38224385616367
2001V,0.01557,14.5372,34.04606838871733,-0.26525281635476716,0,0,-19.243615572362565,-19.38224385616367
2001V,0.01557,14.5542,34.04606838871733,-0.24825281635476415,0,0,-19.243615572362565,-19.38224385616367
2008ec,0.01562,14.9202,34.056042876863216,0.10777269549934942,0,0,-19.243615572362565,-19.38224385616367
2008ec,0.01562,14.8772,34.056042876863216,0.06477269549935016,0,0,-19.243615572362565,-19.38224385616367
2008eo,0.01565,15.0787,34.060438784047065,0.2618767883154973,0,0,-19.243615572362565,-19.38224385616367
2009nq,0.01576,14.9127,34.07567708040469,0.08063849195787753,0,0,-19.243615572362565,-19.38224385616367
2005al,0.01578,14.7456,34.07604043559466,-0.08682486323209915,0,0,-19.243615572362565,-19.38224385616367
2013hn,0.01578,14.8167,34.07604043559466,-0.015724863232097874,0,0,-19.243615572362565,-19.38224385616367
2001bf,0.01581,14.7396,34.081185405792056,-0.09796983342949162,0,0,-19.243615572362565,-19.38224385616367
2001bf,0.01581,14.6474,34.081185405792056,-0.19016983342949345,0,0,-19.243615572362565,-19.38224385616367
ASASSN-15oh,0.01587,15.1386,34.09140767245615,0.2908078999064152,0,0,-19.243615572362565,-19.38224385616367
1994S,0.01588,14.7757,34.089368363926994,-0.07005279156442867,0,0,-19.243615572362565,-19.38224385616367
1999aa,0.0159,14.9133,34.09150593016463,0.06540964219793466,0,0,-19.243615572362565,-19.38224385616367
1999aa,0.0159,14.8793,34.09150593016463,0.03140964219793574,0,0,-19.243615572362565,-19.38224385616367
2002cs,0.0159,14.7799,34.0933664499689,-0.0698508776063349,0,0,-19.243615572362565,-19.38224385616367
iPTF14bdn,0.01603,14.8532,34.11037543885268,-0.013559866490112427,0,0,-19.243615572362565,-19.38224385616367
2007ss,0.01652,15.1607,34.17529583091199,0.22901974145057125,0,0,-19.243615572362565,-19.38224385616367
2010kg,0.01652,14.7469,34.176514252149175,-0.18599867978661067,0,0,-19.243615572362565,-19.38224385616367
2013fw,0.01656,14.9078,34.18311836064926,-0.03170278828669382,0,0,-19.243615572362565,-19.38224385616367
2013Q,0.01657,14.7196,34.18544509883539,-0.22222952647282312,0,0,-19.243615572362565,-19.38224385616367
iPTF13dge,0.01662,15.0263,34.18893085144559,0.08098472091697317,0,0,-19.243615572362565,-19.38224385616367
2007fs,0.01666,15.0878,34.19734015792354,0.1340754144390246,0,0,-19.243615572362565,-19.38224385616367
SN2016gfr,0.01671,14.6455,34.20235064652553,-0.3132350741629679,0,0,-19.243615572362565,-19.38224385616367
ASASSN-16ip,0.01678,14.9149,34.21204868331639,-0.05353311095382551,0,0,-19.243615572362565,-19.38224385616367
2007A,0.01682,15.2119,34.526,-0.07048442763743878,1,0,-19.243615572362565,-19.38224385616367
2007A,0.01682,15.2811,34.526,-0.001284427637436636,1,0,-19.243615572362565,-19.38224385616367
PSNJ0107203,0.01682,14.7143,34.2171829570381,-0.2592673846755318,0,0,-19.243615572362565,-19.38224385616367
1998ef,0.0169,14.588,34.22762827529425,-0.3960127029316851,0,0,-19.243615572362565,-19.38224385616367
1998ef,0.0169,14.6445,34.22762827529425,-0.33951270293168534,0,0,-19.243615572362565,-19.38224385616367
ASASSN-15ti,0.01692,15.2364,34.23062686539021,0.2493887069723577,0,0,-19.243615572362565,-19.38224385616367
ASASSN-15od,0.01698,15.0879,34.238857264593,0.09265830776956108,0,0,-19.243615572362565,-19.38224385616367
1996bv,0.01699,14.8225,34.2381413228796,-0.1720257505170366,0,0,-19.243615572362565,-19.38224385616367
1997Y,0.01705,14.9443,34.244482039228245,-0.05656646686568223,0,0,-19.243615572362565,-19.38224385616367
2001da,0.01718,14.769,34.264574763392474,-0.25195919102991127,0,0,-19.243615572362565,-19.38224385616367
2001da,0.01718,14.9473,34.264574763392474,-0.07365919102991114,0,0,-19.243615572362565,-19.38224385616367
ASASSN-15kx,0.0172,15.3554,34.26750996020348,0.3315056121590807,0,0,-19.243615572362565,-19.38224385616367
2000dk,0.0173,14.8906,34.278877866665255,-0.14466229430269095,0,0,-19.243615572362565,-19.38224385616367
2000dk,0.0173,14.8987,34.278877866665255,-0.13656229430269207,0,0,-19.243615572362565,-19.38224385616367
2007fb,0.01733,15.1479,34.28376540449969,0.10775016786287495,0,0,-19.243615572362565,-19.38224385616367
2007fb,0.01733,15.2571,34.28376540449969,0.21695016786287624,0,0,-19.243615572362565,-19.38224385616367
2006ef,0.01734,15.108,34.284539798963856,0.06707577339870952,0,0,-19.243615572362565,-19.38224385616367
2008C,0.01737,15.057,34.28572623600729,0.014889336355274452,0,0,-19.243615572362565,-19.38224385616367
2008C,0.01737,15.0139,34.28572623600729,-0.02821066364472813,0,0,-19.243615572362565,-19.38224385616367
2004fz,0.01743,14.5269,34.29465503890118,-0.524139466538621,0,0,-19.243615572362565,-19.38224385616367
2006ax,0.01747,15.0698,34.297824471404965,0.01559110095760019,0,0,-19.243615572362565,-19.38224385616367
2006ax,0.01747,15.0603,34.297824471404965,0.006091100957597462,0,0,-19.243615572362565,-19.38224385616367
1998V,0.01752,14.8935,34.30631297944363,-0.169197407081068,0,0,-19.243615572362565,-19.38224385616367
2013gs,0.01776,14.9691,34.333998922474414,-0.12128335011185243,0,0,-19.243615572362565,-19.38224385616367
2008L,0.01778,15.0834,34.33873021156477,-0.01171463920221072,0,0,-19.243615572362565,-19.38224385616367
2008L,0.01778,14.9934,34.33873021156477,-0.10171463920220702,0,0,-19.243615572362565,-19.38224385616367
2009le,0.01784,15.0409,34.34654666935204,-0.062031096989471735,0,0,-19.243615572362565,-19.38224385616367
2009le,0.01784,14.9888,34.34654666935204,-0.11413109698947466,0,0,-19.243615572362565,-19.38224385616367
2000dr,0.0179,15.0445,34.354892753095164,-0.06677718073260053,0,0,-19.243615572362565,-19.38224385616367
2007as,0.01802,15.0131,34.36694825057329,-0.11023267821072125,0,0,-19.243615572362565,-19.38224385616367
1992bo,0.01808,15.3548,34.37682136050872,0.22159421185384076,0,0,-19.243615572362565,-19.38224385616367
2010ai,0.01826,15.7262,34.39693602395695,0.5728795484056164,0,0,-19.243615572362565,-19.38224385616367
ASASSN-17co,0.01826,14.9475,34.39693602395695,-0.20582045159438422,0,0,-19.243615572362565,-19.38224385616367
PS15coh,0.01839,15.1863,34.41346143794702,0.01645413441554311,0,0,-19.243615572362565,-19.38224385616367
2009gf,0.01855,15.239,34.4312771526218,0.051338419740762475,0,0,-19.243615572362565,-19.38224385616367
2009gf,0.01855,15.323,34.4312771526218,0.1353384197407621,0,0,-19.243615572362565,-19.38224385616367
2016ffh,0.01865,15.3641,34.442329628203346,0.16538594415921892,0,0,-19.243615572362565,-19.38224385616367
ATLAS16cpu,0.01865,15.3186,34.442329628203346,0.11988594415921838,0,0,-19.243615572362565,-19.38224385616367
2000cu,0.01866,15.3536,34.44642582973917,0.15078974262339528,0,0,-19.243615572362565,-19.38224385616367
2011fs,0.01875,15.2936,34.456197497110736,0.08101807525182636,0,0,-19.243615572362565,-19.38224385616367
2011fs,0.01875,15.2336,34.456197497110736,0.02101807525182764,0,0,-19.243615572362565,-19.38224385616367
ASASSN-16cs,0.01905,15.1756,34.487692035507486,-0.06847646314492195,0,0,-19.243615572362565,-19.38224385616367
2006kf,0.01947,15.5217,34.53897850000752,0.2263370723550473,0,0,-19.243615572362565,-19.38224385616367
2006kf,0.01947,15.5555,34.53897850000752,0.26013707235505024,0,0,-19.243615572362565,-19.38224385616367
2008hs,0.01975,15.504,34.56764886622611,0.1799667061364545,0,0,-19.243615572362565,-19.38224385616367
2008hs,0.01975,15.4863,34.56764886622611,0.16226670613645666,0,0,-19.243615572362565,-19.38224385616367
2007au,0.01976,15.4335,34.56997473953717,0.10714083282539377,0,0,-19.243615572362565,-19.38224385616367
2016W,0.01995,15.1118,34.589755621266406,-0.23434004890383875,0,0,-19.243615572362565,-19.38224385616367
2002kf,0.02001,15.4324,34.59632997755632,0.07968559480624293,0,0,-19.243615572362565,-19.38224385616367
1992bc,0.02006,15.2591,34.6035575663581,-0.10084199399553384,0,0,-19.243615572362565,-19.38224385616367
2009ds,0.02019,15.2542,34.61516952227887,-0.11735394991630343,0,0,-19.243615572362565,-19.38224385616367
2009ds,0.02019,15.449,34.61516952227887,0.07744605008369376,0,0,-19.243615572362565,-19.38224385616367
2006ej,0.02023,15.3465,34.622178963782524,-0.032063391419960396,0,0,-19.243615572362565,-19.38224385616367
2006ej,0.02023,15.2482,34.622178963782524,-0.13036339141995867,0,0,-19.243615572362565,-19.38224385616367
2006ej,0.02023,15.323,34.622178963782524,-0.05556339141995892,0,0,-19.243615572362565,-19.38224385616367
2006ej,0.02023,15.3952,34.622178963782524,0.016636608580043344,0,0,-19.243615572362565,-19.38224385616367
2002jy,0.02024,15.7458,34.621582706649,0.367832865713563,0,0,-19.243615572362565,-19.38224385616367
2016hpw,0.02034,15.5635,34.635537650940876,0.1715779214216866,0,0,-19.243615572362565,-19.38224385616367
ATLAS16dqf,0.02034,15.3219,34.635537650940876,-0.07002207857831166,0,0,-19.243615572362565,-19.38224385616367
2005ki,0.02035,15.3179,34.632956871726044,-0.0714412993634781,0,0,-19.243615572362565,-19.38224385616367
2005ki,0.02035,15.3126,34.632956871726044,-0.07674129936347995,0,0,-19.243615572362565,-19.38224385616367
2005ki,0.02035,15.2401,34.632956871726044,-0.14924129936348152,0,0,-19.243615572362565,-19.38224385616367
ASASSN-15lg,0.02044,15.4022,34.643928974478335,0.0018865978842299569,0,0,-19.243615572362565,-19.38224385616367
2001dl,0.02049,15.8733,34.650892360558345,0.46602321180422024,0,0,-19.243615572362565,-19.38224385616367
PSNJ1602512,0.02052,15.303,34.65255350928278,-0.10593793692021691,0,0,-19.243615572362565,-19.38224385616367
2007st,0.02056,15.1638,34.658619142323964,-0.2512035699613975,0,0,-19.243615572362565,-19.38224385616367
ASASSN-17bs,0.02056,15.3117,34.6570449332509,-0.10172936088833495,0,0,-19.243615572362565,-19.38224385616367
2010A,0.02081,15.2333,34.68562146294376,-0.20870589058119293,0,0,-19.243615572362565,-19.38224385616367
2003W,0.02082,15.421,34.68282644352645,-0.018210871163887532,0,0,-19.243615572362565,-19.38224385616367
2003W,0.02082,15.3819,34.68282644352645,-0.057310871163885224,0,0,-19.243615572362565,-19.38224385616367
2001br,0.0209,15.5588,34.69344603608499,0.10896953627757,0,0,-19.243615572362565,-19.38224385616367
ASASSN-16lc,0.02096,15.4426,34.69840537609843,-0.012189803735864757,0,0,-19.243615572362565,-19.38224385616367
AT2016eoa,0.02106,15.4163,34.710269574107784,-0.050354001745219534,0,0,-19.243615572362565,-19.38224385616367
ASASSN-16lg,0.02116,15.122,34.72063813975637,-0.355022567393803,0,0,-19.243615572362565,-19.38224385616367
2004bw,0.02116,15.5664,34.721127169416356,0.08888840294621048,0,0,-19.243615572362565,-19.38224385616367
2008Z,0.02118,15.865,34.721502125088946,0.3871134472736202,0,0,-19.243615572362565,-19.38224385616367
2008Z,0.02118,15.9526,34.721502125088946,0.4747134472736185,0,0,-19.243615572362565,-19.38224385616367
2007bc,0.02131,15.5031,34.734951789844196,0.011763782518368515,0,0,-19.243615572362565,-19.38224385616367
2007bc,0.02131,15.4814,34.734951789844196,-0.00993621748163065,0,0,-19.243615572362565,-19.38224385616367
2007bc,0.02131,15.4889,34.734951789844196,-0.002436217481630365,0,0,-19.243615572362565,-19.38224385616367
SN2016ajf,0.02134,15.5097,34.73706528516269,0.01625028719987398,0,0,-19.243615572362565,-19.38224385616367
2009dc,0.02137,15.0938,34.74251425368804,-0.40509868132547666,0,0,-19.243615572362565,-19.38224385616367
2018fop,0.02151,15.3369,34.75603909914748,-0.17552352678491445,0,0,-19.243615572362565,-19.38224385616367
ASASSN-15uv,0.02153,15.3584,34.7560611856036,-0.15404561324103483,0,0,-19.243615572362565,-19.38224385616367
ASASSN-18da,0.0217,15.5179,34.77664800751609,-0.015132435153525137,0,0,-19.243615572362565,-19.38224385616367
2006et,0.02183,15.5053,34.790353599229555,-0.041438026866991606,0,0,-19.243615572362565,-19.38224385616367
2006et,0.02183,15.5212,34.790353599229555,-0.025538026866989583,0,0,-19.243615572362565,-19.38224385616367
1999dg,0.02197,15.6059,34.803390135614954,0.04612543674760872,0,0,-19.243615572362565,-19.38224385616367
2001cp,0.02198,15.7124,34.80521919638735,0.15079637597521867,0,0,-19.243615572362565,-19.38224385616367
1995ak,0.02203,15.4209,34.810597808941694,-0.14608223657912944,0,0,-19.243615572362565,-19.38224385616367
2009na,0.02205,15.4947,34.80904451355902,-0.07072894119645667,0,0,-19.243615572362565,-19.38224385616367
ASASSN-18iu,0.02207,15.6317,34.813673676665346,0.061641895697221116,0,0,-19.243615572362565,-19.38224385616367
ATLAS16dpb,0.02215,15.7951,34.823137960763646,0.21557761159891697,0,0,-19.243615572362565,-19.38224385616367
SNF20080514-002,0.02219,15.7606,34.82457854612814,0.17963702623442757,0,0,-19.243615572362565,-19.38224385616367
2006dm,0.02228,15.5529,34.835200644701814,-0.03868507233924845,0,0,-19.243615572362565,-19.38224385616367
2006dm,0.02228,15.5704,34.835200644701814,-0.021185072339250155,0,0,-19.243615572362565,-19.38224385616367
2008ia,0.02231,15.6715,34.8361847712931,0.07893080106946826,0,0,-19.243615572362565,-19.38224385616367
2004bg,0.02234,15.5197,34.83714201595369,-0.07382644359112334,0,0,-19.243615572362565,-19.38224385616367
2004bg,0.02234,15.6174,34.83714201595369,0.02387355640887634,0,0,-19.243615572362565,-19.38224385616367
2002cu,0.02236,15.5284,34.842234199693124,-0.07021862733056139,0,0,-19.243615572362565,-19.38224385616367
2006cp,0.02239,15.5184,34.84463091333202,-0.08261534096945411,0,0,-19.243615572362565,-19.38224385616367
2006cp,0.02239,15.6073,34.84463091333202,0.006284659030548312,0,0,-19.243615572362565,-19.38224385616367
2000fa,0.0224,15.506,34.84344537053427,-0.09382979817170423,0,0,-19.243615572362565,-19.38224385616367
2000fa,0.0224,15.5467,34.84344537053427,-0.05312979817170316,0,0,-19.243615572362565,-19.38224385616367
ASASSN-16bn,0.02241,15.7862,34.8484206470673,0.18139492529526535,0,0,-19.243615572362565,-19.38224385616367
ASASSN-17aj,0.02255,15.4776,34.85778548439975,-0.1365699120371815,0,0,-19.243615572362565,-19.38224385616367
AT2017cfb,0.02266,15.5908,34.871719082061645,-0.03730350969907903,0,0,-19.243615572362565,-19.38224385616367
2006bq,0.0227,15.6163,34.87511050254145,-0.015194930178886068,0,0,-19.243615572362565,-19.38224385616367
2002ef,0.02273,15.4319,34.87943791753506,-0.20392234517249364,0,0,-19.243615572362565,-19.38224385616367
2010cr,0.02295,16.0155,34.89863376695429,0.36048180540827346,0,0,-19.243615572362565,-19.38224385616367
ASASSN-15il,0.02295,15.6054,34.89994981087912,-0.05093423851655743,0,0,-19.243615572362565,-19.38224385616367
2000cn,0.02298,15.7462,34.90186883946366,0.08794673289890653,0,0,-19.243615572362565,-19.38224385616367
2000cn,0.02298,15.7182,34.90186883946366,0.05994673289890429,0,0,-19.243615572362565,-19.38224385616367
2017hoq,0.02303,15.732,34.90764837256896,0.06796719979360688,0,0,-19.243615572362565,-19.38224385616367
2009jb,0.02307,15.5136,34.91131808581323,-0.15410251345066328,0,0,-19.243615572362565,-19.38224385616367
2014ai,0.02313,15.7695,34.91467681661578,0.09843875574678407,0,0,-19.243615572362565,-19.38224385616367
ASASSN-14fa,0.02316,15.63,34.91920627695992,-0.04559070459735182,0,0,-19.243615572362565,-19.38224385616367
2004at,0.02321,15.6638,34.922189530031744,-0.014773957669177662,0,0,-19.243615572362565,-19.38224385616367
PS15cku,0.02325,15.8007,34.92780446380718,0.11651110855538604,0,0,-19.243615572362565,-19.38224385616367
2007ci,0.02331,15.3948,34.9303119994163,-0.2918964270537323,0,0,-19.243615572362565,-19.38224385616367
2007ci,0.02331,15.1771,34.9303119994163,-0.509596427053733,0,0,-19.243615572362565,-19.38224385616367
2009al,0.02342,15.7321,34.94092790586975,0.03478766649281795,0,0,-19.243615572362565,-19.38224385616367
2009al,0.02342,15.7551,34.94092790586975,0.05778766649281408,0,0,-19.243615572362565,-19.38224385616367
2009al,0.02342,15.7253,34.94092790586975,0.027987666492816032,0,0,-19.243615572362565,-19.38224385616367
2009cz,0.02343,15.6052,34.94227105597416,-0.09345548361159572,0,1,-19.243615572362565,-19.38224385616367
2009cz,0.02343,15.6052,34.94227105597416,-0.09345548361159572,0,1,-19.243615572362565,-19.38224385616367
ASASSN-15nr,0.02344,15.5801,34.9451635203783,-0.12144794801573511,0,1,-19.243615572362565,-19.38224385616367
2004bk,0.02352,15.5861,34.95219523351441,-0.12247966115184283,0,1,-19.243615572362565,-19.38224385616367
2018enc,0.02354,15.7468,34.95578450879921,0.03463106356335288,0,0,-19.243615572362565,-19.38224385616367
2007qe,0.02357,15.7876,34.9586724456596,0.07254312670296059,0,1,-19.243615572362565,-19.38224385616367
2007qe,0.02357,15.6979,34.9586724456596,-0.017156873297036412,0,1,-19.243615572362565,-19.38224385616367
ATLAS17bas,0.02357,15.3185,34.95497935619211,-0.39286378382954723,0,1,-19.243615572362565,-19.38224385616367
ASASSN-15tz,0.02365,15.7013,34.96362664112258,-0.018711068760016047,0,1,-19.243615572362565,-19.38224385616367
2010ao,0.02369,15.69,34.96806795444331,-0.034452382080750965,0,1,-19.243615572362565,-19.38224385616367
2006sr,0.02388,15.7419,34.987391267020634,-0.0018756946580680278,0,1,-19.243615572362565,-19.38224385616367
ASASSN-15jt,0.0239,15.636,34.98666744813897,-0.10705187577640274,0,0,-19.243615572362565,-19.38224385616367
ASASSN-16em,0.0239,15.741,34.986582545401646,-0.0019669730390816653,0,0,-19.243615572362565,-19.38224385616367
2000ca,0.02391,15.6463,34.98873419061502,-0.09881861825245508,0,1,-19.243615572362565,-19.38224385616367
1998eg,0.02401,15.8488,35.00029672401809,0.09211884834447304,0,0,-19.243615572362565,-19.38224385616367
PS1-14xw,0.02411,15.8519,35.00804819069302,0.0874673816695477,0,1,-19.243615572362565,-19.38224385616367
2010gp,0.02411,15.2181,35.00804819069302,-0.5463326183304531,0,0,-19.243615572362565,-19.38224385616367
2000bh,0.02412,15.6252,35.00633077065092,-0.13751519828835512,0,1,-19.243615572362565,-19.38224385616367
2007F,0.02417,15.6891,35.01201481327058,-0.07929924090801777,0,1,-19.243615572362565,-19.38224385616367
2007F,0.02417,15.831,35.01201481327058,0.06260075909198193,0,1,-19.243615572362565,-19.38224385616367
1993H,0.02428,15.9273,35.02173702673586,0.14917854562670385,0,0,-19.243615572362565,-19.38224385616367
AT2016bln,0.02429,15.8241,35.02198599880342,0.04572957355914298,0,0,-19.243615572362565,-19.38224385616367
2006ac,0.02432,15.7341,35.02419455779927,-0.04647898543670692,0,1,-19.243615572362565,-19.38224385616367
2006ac,0.02432,15.7,35.02419455779927,-0.08057898543670561,0,1,-19.243615572362565,-19.38224385616367
ASASSN-15sf,0.02432,15.9787,35.02756665703402,0.19474891532854244,0,1,-19.243615572362565,-19.38224385616367
2005bg,0.02434,15.7572,35.02583487033787,-0.02501929797530522,0,1,-19.243615572362565,-19.38224385616367
2009D,0.02453,15.755,35.04694422104526,-0.048328648682691266,0,1,-19.243615572362565,-19.38224385616367
2009D,0.02453,15.8216,35.04694422104526,0.018271351317306284,0,1,-19.243615572362565,-19.38224385616367
2009D,0.02453,15.6963,35.04694422104526,-0.10702864868269302,0,1,-19.243615572362565,-19.38224385616367
PS16ccn,0.02457,15.9254,35.04877347341967,0.12024209894289228,0,1,-19.243615572362565,-19.38224385616367
2008bf,0.02462,15.8531,35.0512570231474,0.045458549215162236,0,0,-19.243615572362565,-19.38224385616367
2008bf,0.02462,15.7991,35.0512570231474,-0.008541450784836258,0,0,-19.243615572362565,-19.38224385616367
2008bf,0.02462,15.6368,35.0512570231474,-0.1708414507848346,0,0,-19.243615572362565,-19.38224385616367
1994M,0.02464,15.6998,35.05228144295647,-0.10886587059390607,0,0,-19.243615572362565,-19.38224385616367
2004br,0.02464,15.554,35.05228144295647,-0.2546658705939038,0,0,-19.243615572362565,-19.38224385616367
ASASSN-16hz,0.02466,15.5582,35.058753943813414,-0.2569383714508504,0,1,-19.243615572362565,-19.38224385616367
2003he,0.02491,15.8332,35.08033477007843,-0.003519197715867506,0,1,-19.243615572362565,-19.38224385616367
2001cj,0.02494,15.9443,35.08044296485714,0.10747260750542154,0,1,-19.243615572362565,-19.38224385616367
Gaia16agf,0.02509,15.9622,35.095411215217055,0.11040435714550867,0,1,-19.243615572362565,-19.38224385616367
2007cq,0.0251,15.5839,35.0983217210844,-0.2708061487218387,0,1,-19.243615572362565,-19.38224385616367
2007cq,0.0251,15.5952,35.0983217210844,-0.2595061487218402,0,1,-19.243615572362565,-19.38224385616367
2003it,0.0251,15.826,35.09671268972241,-0.027097117359843992,0,1,-19.243615572362565,-19.38224385616367
2007cq,0.0251,15.756,35.0983217210844,-0.09870614872183836,0,1,-19.243615572362565,-19.38224385616367
AT2017cfc,0.02512,15.7746,35.09575470430387,-0.07753913194130746,0,0,-19.243615572362565,-19.38224385616367
2011dn,0.02513,15.2053,35.09925937760066,-0.6503438052380943,0,1,-19.243615572362565,-19.38224385616367
2007sw,0.02517,15.6587,35.10058063403385,-0.19826506167128244,0,1,-19.243615572362565,-19.38224385616367
2012bh,0.02517,15.9459,35.10058063403385,0.08893493832871968,0,1,-19.243615572362565,-19.38224385616367
370356,0.02517,15.9747,35.10058063403385,0.11773493832871651,0,0,-19.243615572362565,-19.38224385616367
2002he,0.02519,15.8609,35.10256368831007,0.0019518840524952452,0,0,-19.243615572362565,-19.38224385616367
2002he,0.02519,15.8615,35.10256368831007,0.002551884052493847,0,0,-19.243615572362565,-19.38224385616367
2018jjd,0.02521,15.7312,35.10679080092291,-0.13197522856034283,0,0,-19.243615572362565,-19.38224385616367
2002bf,0.02525,15.6911,35.10761430937677,-0.17289873701420788,0,0,-19.243615572362565,-19.38224385616367
2002bf,0.02525,15.6533,35.10761430937677,-0.21069873701420505,0,1,-19.243615572362565,-19.38224385616367
ASASSN-16bq,0.02534,15.9352,35.11642822460632,0.06238734775624977,0,0,-19.243615572362565,-19.38224385616367
PS15ahs,0.02534,15.9444,35.11765669657439,0.07035887578817324,0,1,-19.243615572362565,-19.38224385616367
PSNJ0153424,0.02556,15.9298,35.13653430297944,0.03688126938312308,0,1,-19.243615572362565,-19.38224385616367
SN2017hn,0.02557,15.8091,35.13356080810342,-0.08084523574085267,0,1,-19.243615572362565,-19.38224385616367
1992ag,0.02585,15.5134,35.15919415872297,-0.40217858636040305,0,0,-19.243615572362565,-19.38224385616367
SN2017ms,0.02591,15.8651,35.163286706898276,-0.054571134535713384,0,1,-19.243615572362565,-19.38224385616367
PSNJ2352371,0.02596,16.1484,35.17166502724416,0.22035054511840357,0,0,-19.243615572362565,-19.38224385616367
2005M,0.02598,16.0401,35.16984795869507,0.11386761366749099,0,1,-19.243615572362565,-19.38224385616367
2005M,0.02598,15.8551,35.16984795869507,-0.07113238633250774,0,1,-19.243615572362565,-19.38224385616367
2005M,0.02598,15.582,35.16984795869507,-0.3442323863325072,0,1,-19.243615572362565,-19.38224385616367
SN2017mf,0.02598,16.0581,35.17147885321474,0.13023671914782753,0,1,-19.243615572362565,-19.38224385616367
2005mc,0.02626,16.0325,35.19354145687974,0.08257411548282079,0,0,-19.243615572362565,-19.38224385616367
2005mc,0.02626,16.0899,35.19354145687974,0.13997411548282201,0,0,-19.243615572362565,-19.38224385616367
ASASSN-15uu,0.02632,15.7693,35.20189555913966,-0.18897998677709182,0,0,-19.243615572362565,-19.38224385616367
2005ms,0.02669,16.055,35.228589262586254,0.07002630977630986,0,1,-19.243615572362565,-19.38224385616367
1999gp,0.02691,16.0158,35.249464198788104,0.00995137357445941,0,1,-19.243615572362565,-19.38224385616367
1999gp,0.02691,16.0362,35.249464198788104,0.030351373574461604,0,1,-19.243615572362565,-19.38224385616367
ASASSN-15mf,0.02695,15.8654,35.251153147350465,-0.14213757498789903,0,0,-19.243615572362565,-19.38224385616367
ASASSN-17at,0.02713,15.9983,35.264035438502276,-0.022119866139711064,0,1,-19.243615572362565,-19.38224385616367
SNF20071021-000,0.02714,16.0694,35.26954456264207,0.043471009720498444,0,0,-19.243615572362565,-19.38224385616367
2013fn,0.0273,16.0362,35.283502344733044,-0.0036867723704787636,0,1,-19.243615572362565,-19.38224385616367
2002eb,0.02731,16.0143,35.28276796335592,-0.024852390993359563,0,1,-19.243615572362565,-19.38224385616367
2007co,0.02731,16.0907,35.281605318144486,0.05271025421807707,0,1,-19.243615572362565,-19.38224385616367
2007co,0.02731,15.8588,35.281605318144486,-0.17918974578191893,0,1,-19.243615572362565,-19.38224385616367
2007co,0.02731,15.974,35.281605318144486,-0.06398974578192096,0,1,-19.243615572362565,-19.38224385616367
1992P,0.02736,16.06,35.28204277746581,0.0215727948967519,0,1,-19.243615572362565,-19.38224385616367
2007su,0.0274,16.0512,35.290511363117204,0.00430420924536179,0,0,-19.243615572362565,-19.38224385616367
ASASSN-15fa,0.02741,16.2706,35.290259693278415,0.22395587908415138,0,0,-19.243615572362565,-19.38224385616367
2005na,0.02748,15.86,35.294279286435504,-0.19066371407294014,0,1,-19.243615572362565,-19.38224385616367
2005na,0.02748,15.9008,35.294279286435504,-0.1498637140729393,0,1,-19.243615572362565,-19.38224385616367
2005na,0.02748,15.8587,35.294279286435504,-0.19196371407294066,0,1,-19.243615572362565,-19.38224385616367
ASASSN-16av,0.02773,16.0937,35.31165730213496,0.02565827022760203,0,0,-19.243615572362565,-19.38224385616367
2006gj,0.02803,16.4728,35.340327987574625,0.376087584787939,0,0,-19.243615572362565,-19.38224385616367
2010ii,0.02805,15.8776,35.34152186432321,-0.22030629196064666,0,1,-19.243615572362565,-19.38224385616367
2006ev,0.0281,16.4209,35.346592189788346,0.31792338257421804,0,0,-19.243615572362565,-19.38224385616367
PSNJ0252467,0.02816,16.1083,35.34982126255737,0.0020943098051944276,0,1,-19.243615572362565,-19.38224385616367
2009aa,0.02819,16.0644,35.34991004566722,-0.041894473304658675,0,1,-19.243615572362565,-19.38224385616367
2011hb,0.0282,16.0344,35.35481172708888,-0.0767961547263134,0,1,-19.243615572362565,-19.38224385616367
2005eq,0.02823,16.2531,35.35692613278332,0.13978943957924272,0,1,-19.243615572362565,-19.38224385616367
2005eq,0.02823,16.3033,35.35692613278332,0.18998943957924297,0,1,-19.243615572362565,-19.38224385616367
2005eq,0.02823,16.305,35.35692613278332,0.19168943957924256,0,1,-19.243615572362565,-19.38224385616367
2003U,0.02833,16.0135,35.36276695286909,-0.10565138050652223,0,0,-19.243615572362565,-19.38224385616367
2009ad,0.02844,16.119,35.37172179433783,-0.009106221975265782,0,1,-19.243615572362565,-19.38224385616367
2009ad,0.02844,16.0891,35.37172179433783,-0.03900622197526715,0,1,-19.243615572362565,-19.38224385616367
2002el,0.02849,15.8519,35.3761901456446,-0.2806745732820346,0,0,-19.243615572362565,-19.38224385616367
2008ar,0.02849,16.1838,35.3707796903969,0.056635881965664936,0,1,-19.243615572362565,-19.38224385616367
2008ar,0.02849,16.0383,35.3707796903969,-0.08886411803433703,0,1,-19.243615572362565,-19.38224385616367
2008ar,0.02849,16.106,35.3707796903969,-0.021164118034334933,0,1,-19.243615572362565,-19.38224385616367
AT2017ns,0.02849,15.9433,35.376274577135625,-0.18935900477305978,0,0,-19.243615572362565,-19.38224385616367
2004gs,0.02857,16.3466,35.37940170554826,0.21081386681430203,0,0,-19.243615572362565,-19.38224385616367
SN2017ckx,0.02858,16.4066,35.37964579218733,0.2705697801752329,0,0,-19.243615572362565,-19.38224385616367
2007is,0.02866,16.0919,35.390651998435395,-0.05513642607283131,0,1,-19.243615572362565,-19.38224385616367
2013bs,0.02866,16.1575,35.38892177506979,0.012193797292773922,0,0,-19.243615572362565,-19.38224385616367
1998ab,0.02873,15.6957,35.39120213138999,-0.4518865590274217,0,1,-19.243615572362565,-19.38224385616367
1993ah,0.02888,16.0233,35.40658456132766,-0.1396689889650986,0,0,-19.243615572362565,-19.38224385616367
2006qo,0.02898,16.2249,35.41204258501408,0.0564729873484886,0,0,-19.243615572362565,-19.38224385616367
ASASSN-15la,0.02902,15.8028,35.413842030569825,-0.3674264582072624,0,1,-19.243615572362565,-19.38224385616367
1996C,0.02913,16.2622,35.42282993105646,0.08298564130610231,0,1,-19.243615572362565,-19.38224385616367
PS16cvc,0.02915,16.4418,35.42706809059071,0.25834748177185674,0,1,-19.243615572362565,-19.38224385616367
ASASSN-15fs,0.02917,15.9861,35.42744338370805,-0.19772781134548723,0,1,-19.243615572362565,-19.38224385616367
2003ch,0.02919,16.3494,35.42745817396272,0.1655573983998444,0,0,-19.243615572362565,-19.38224385616367
ASASSN-16ay,0.02938,16.3692,35.44142750412238,0.1713880682401836,0,0,-19.243615572362565,-19.38224385616367
PSNJ0859349,0.02938,16.219,35.44094177988982,0.02167379247274681,0,1,-19.243615572362565,-19.38224385616367
ASASSN-16fs,0.02944,16.0231,35.447600771943684,-0.1808851995811196,0,0,-19.243615572362565,-19.38224385616367
LSQ12gdj,0.02947,15.8409,35.45128444256116,-0.36676887019859805,0,1,-19.243615572362565,-19.38224385616367
2000cw,0.02949,16.3549,35.45320445911443,0.14531111324813395,0,1,-19.243615572362565,-19.38224385616367
2002de,0.0295,16.1108,35.454374827426165,-0.09995925506359882,0,1,-19.243615572362565,-19.38224385616367
ASASSN-16aj,0.02953,16.2124,35.45742042614838,-0.0014048537858180055,0,0,-19.243615572362565,-19.38224385616367
ASASSN-16br,0.02956,16.2534,35.454896881409624,0.04211869095293963,0,0,-19.243615572362565,-19.38224385616367
AT2017zd,0.02969,16.0251,35.46632023647961,-0.1976046641170477,0,0,-19.243615572362565,-19.38224385616367
ASASSN-16hh,0.02978,16.2485,35.474482132977236,0.01763343938532813,0,1,-19.243615572362565,-19.38224385616367
ATLAS17ajn,0.02978,16.2586,35.471212747924945,0.031002824437621257,0,0,-19.243615572362565,-19.38224385616367
Gaia16bba,0.0299,16.1824,35.48353444208299,-0.057518869720425414,0,1,-19.243615572362565,-19.38224385616367
1997dg,0.02996,16.608,35.48857413968197,0.36304143268059264,0,0,-19.243615572362565,-19.38224385616367
2004ef,0.03012,16.2665,35.50042574506795,0.009689827294614872,0,1,-19.243615572362565,-19.38224385616367
2004ef,0.03012,16.2308,35.50042574506795,-0.02601017270538719,0,1,-19.243615572362565,-19.38224385616367
2004ef,0.03012,16.2231,35.50042574506795,-0.03371017270538701,0,1,-19.243615572362565,-19.38224385616367
ASASSN-15nq,0.03023,16.2655,35.50687913651575,0.002236435846814544,0,0,-19.243615572362565,-19.38224385616367
AT2017lm,0.03031,16.3012,35.51314044433113,0.031675128031437794,0,1,-19.243615572362565,-19.38224385616367
ASASSN-16fo,0.03036,16.2273,35.51300819011746,-0.042092617754896366,0,0,-19.243615572362565,-19.38224385616367
ASASSN-16es,0.03047,16.2815,35.51992428963974,0.005191282722826429,0,0,-19.243615572362565,-19.38224385616367
AT2016cyt,0.03059,16.1056,35.53308220257829,-0.18386663021572858,0,0,-19.243615572362565,-19.38224385616367
2013fy,0.03075,16.0992,35.54623370067745,-0.20341812831488326,0,0,-19.243615572362565,-19.38224385616367
ASASSN-15uw,0.03076,16.3554,35.54512041171691,0.05389516064565569,0,0,-19.243615572362565,-19.38224385616367
ASASSN-16hr,0.03083,16.2118,35.550102632005654,-0.0946870596430891,0,1,-19.243615572362565,-19.38224385616367
PS15cwx,0.03086,16.1634,35.55052456569184,-0.1435089933292737,0,0,-19.243615572362565,-19.38224385616367
1990O,0.03091,16.2396,35.555936377156215,-0.07272080479365073,0,1,-19.243615572362565,-19.38224385616367
2001ba,0.03096,16.3951,35.55778156470433,0.08093400765823588,0,0,-19.243615572362565,-19.38224385616367
2009eu,0.03108,16.6694,35.56694470418953,0.3460708681730331,0,0,-19.243615572362565,-19.38224385616367
2009fv,0.03108,16.153,35.5669868425193,-0.17037127015673548,0,0,-19.243615572362565,-19.38224385616367
2009fv,0.03108,16.0844,35.5669868425193,-0.23897127015673547,0,0,-19.243615572362565,-19.38224385616367
SNF20080909-030,0.0311,16.312,35.569820168680764,-0.014204596318197815,0,0,-19.243615572362565,-19.38224385616367
2008gg,0.03114,16.417,35.574029848394034,0.08658572396853259,0,1,-19.243615572362565,-19.38224385616367
2008gg,0.03114,16.2879,35.574029848394034,-0.04251427603146851,0,1,-19.243615572362565,-19.38224385616367
1999cc,0.03116,16.3347,35.57347058554713,0.004844986815438546,0,1,-19.243615572362565,-19.38224385616367
AT2017wb,0.03117,16.2774,35.573189966047515,-0.05217439368495036,0,0,-19.243615572362565,-19.38224385616367
MASTEROTJ08,0.03118,16.4145,35.57375166694305,0.08436390541951155,0,0,-19.243615572362565,-19.38224385616367
2007bd,0.0312,16.2427,35.574811173981885,-0.08849560161932146,0,1,-19.243615572362565,-19.38224385616367
2007bd,0.0312,16.3263,35.574811173981885,-0.0048956016193208995,0,1,-19.243615572362565,-19.38224385616367
2007bd,0.0312,16.2311,35.574811173981885,-0.1000956016193193,0,1,-19.243615572362565,-19.38224385616367
2006bt,0.03121,16.519,35.57895188014948,0.18366369221308076,0,0,-19.243615572362565,-19.38224385616367
2006bt,0.03121,16.4898,35.57895188014948,0.15446369221308132,0,0,-19.243615572362565,-19.38224385616367
2006bt,0.03121,16.5337,35.57895188014948,0.19836369221308203,0,0,-19.243615572362565,-19.38224385616367
2006bw,0.03132,16.3701,35.582034146463435,0.031681425899130033,0,0,-19.243615572362565,-19.38224385616367
ASASSN-15hg,0.03143,16.3931,35.58947036054336,0.047245211819205934,0,1,-19.243615572362565,-19.38224385616367
ATLAS17axb,0.03143,16.3072,35.593114814188176,-0.04229924182561007,0,1,-19.243615572362565,-19.38224385616367
2010gn,0.03147,16.6589,35.59523247199044,0.30728310037212125,0,0,-19.243615572362565,-19.38224385616367
CSS160428,0.03148,16.4487,35.59365996594506,0.09865560641750548,0,1,-19.243615572362565,-19.38224385616367
2000dn,0.03148,16.454,35.597408314292295,0.1002072580702702,0,1,-19.243615572362565,-19.38224385616367
2006en,0.03162,16.3944,35.606736902595046,0.03127866976752003,0,1,-19.243615572362565,-19.38224385616367
2006en,0.03162,16.4317,35.606736902595046,0.06857866976751836,0,1,-19.243615572362565,-19.38224385616367
2008bq,0.03166,16.4749,35.61016380502535,0.10835176733721497,0,1,-19.243615572362565,-19.38224385616367
ASASSN-16oz,0.03192,16.2062,35.62492682154,-0.17511124917743714,0,1,-19.243615572362565,-19.38224385616367
2006az,0.03201,16.2366,35.63102840472958,-0.15081283236701282,0,1,-19.243615572362565,-19.38224385616367
010026,0.03236,16.4216,35.65477020130168,0.010445371060885833,0,1,-19.243615572362565,-19.38224385616367
AT2017po,0.03255,16.323,35.668586482281064,-0.10197090991849933,0,1,-19.243615572362565,-19.38224385616367
2007ai,0.0326,16.6032,35.67173032912397,0.1750852432385983,0,0,-19.243615572362565,-19.38224385616367
2007ai,0.0326,16.6047,35.67173032912397,0.17658524323859837,0,0,-19.243615572362565,-19.38224385616367
2007ux,0.03264,16.6278,35.67212752633571,0.199288046026858,0,1,-19.243615572362565,-19.38224385616367
2007ux,0.03264,16.4126,35.67212752633571,-0.01591195397314138,0,0,-19.243615572362565,-19.38224385616367
ASASSN-15pr,0.03264,16.6552,35.67715693473364,0.22165863762892712,0,1,-19.243615572362565,-19.38224385616367
2008gl,0.03272,16.4108,35.68335135092938,-0.028935778566815173,0,0,-19.243615572362565,-19.38224385616367
2008gl,0.03272,16.3836,35.68335135092938,-0.05613577856681218,0,0,-19.243615572362565,-19.38224385616367
2008gl,0.03272,16.3901,35.68335135092938,-0.049635778566813116,0,0,-19.243615572362565,-19.38224385616367
SN2016hpx,0.03282,16.3799,35.68955790296704,-0.06604233060447484,0,1,-19.243615572362565,-19.38224385616367
SN2017cii,0.03289,16.5851,35.6938106216045,0.13490495075806663,0,1,-19.243615572362565,-19.38224385616367
2006te,0.0329,16.4718,35.6909287703451,0.02448680201746356,0,1,-19.243615572362565,-19.38224385616367
2006os,0.03294,16.5462,35.69626865123618,0.09354692112638219,0,0,-19.243615572362565,-19.38224385616367
2004as,0.03296,16.4794,35.69449828350246,0.028517288860101075,0,1,-19.243615572362565,-19.38224385616367
2004as,0.03296,16.6377,35.69449828350246,0.18681728886010163,0,1,-19.243615572362565,-19.38224385616367
ASASSN-16bc,0.03298,16.3634,35.6969564533986,-0.08994088103603559,0,0,-19.243615572362565,-19.38224385616367
2008gp,0.03333,16.4113,35.72187983899212,-0.06696426662955801,0,0,-19.243615572362565,-19.38224385616367
2008gp,0.03333,16.4738,35.72187983899212,-0.004464266629558011,0,1,-19.243615572362565,-19.38224385616367
2010ag,0.03335,16.5629,35.72394339893038,0.08257217343218315,0,1,-19.243615572362565,-19.38224385616367
2005iq,0.03341,16.6117,35.72914091466901,0.12617465769355363,0,1,-19.243615572362565,-19.38224385616367
2005iq,0.03341,16.5986,35.72914091466901,0.11307465769355574,0,1,-19.243615572362565,-19.38224385616367
PS15bsq,0.03371,16.5267,35.74884806583293,0.02146750652963547,0,1,-19.243615572362565,-19.38224385616367
2004L,0.03373,16.576,35.745895316476826,0.07372025588573905,0,1,-19.243615572362565,-19.38224385616367
2003gn,0.03375,16.7699,35.751557817882656,0.26195775447990854,0,1,-19.243615572362565,-19.38224385616367
2003cq,0.03378,16.5746,35.750037594772365,0.06817797759019939,0,1,-19.243615572362565,-19.38224385616367
2006S,0.03393,16.6559,35.75846114671883,0.14105442564373405,0,1,-19.243615572362565,-19.38224385616367
2011dl,0.03403,16.5057,35.768677625613606,-0.019362053251040123,0,0,-19.243615572362565,-19.38224385616367
2006gr,0.03428,16.6658,35.785560602033684,0.12385497032888182,0,1,-19.243615572362565,-19.38224385616367
2006gr,0.03428,16.6848,35.785560602033684,0.14285497032888017,0,1,-19.243615572362565,-19.38224385616367
ASASSN-16dw,0.03437,16.5307,35.791158405595496,-0.01684283323293201,0,1,-19.243615572362565,-19.38224385616367
2007ba,0.03441,16.572,35.793818767542426,0.021796804820137794,0,0,-19.243615572362565,-19.38224385616367
ATLAS17ajs,0.03451,16.7227,35.79564669062754,0.17066888173502193,0,0,-19.243615572362565,-19.38224385616367
1996bl,0.03459,16.4818,35.807641306017565,-0.08222573365500097,0,1,-19.243615572362565,-19.38224385616367
2003kc,0.03479,16.6036,35.81403380873783,0.03318176362473224,0,1,-19.243615572362565,-19.38224385616367
2003iv,0.03491,16.6588,35.823722119087,0.07869345327556232,0,0,-19.243615572362565,-19.38224385616367
ASASSN-15jl,0.03512,16.6286,35.837453006029975,0.03476256633258856,0,1,-19.243615572362565,-19.38224385616367
1992bg,0.03515,16.6407,35.840478204792454,0.043837367570109365,0,1,-19.243615572362565,-19.38224385616367
2005eu,0.03516,16.5482,35.83949288766691,-0.04767731530434105,0,0,-19.243615572362565,-19.38224385616367
2005eu,0.03516,16.5508,35.83949288766691,-0.04507731530434356,0,0,-19.243615572362565,-19.38224385616367
2008at,0.03522,16.5819,35.84362835745145,-0.01811278508888492,0,0,-19.243615572362565,-19.38224385616367
ASASSN-15tg,0.03529,16.608,35.84974890373436,0.0018666686282067246,0,1,-19.243615572362565,-19.38224385616367
2007hu,0.03551,16.7375,35.86216014167129,0.11895543069127612,0,0,-19.243615572362565,-19.38224385616367
PTSS-16efw,0.03568,16.981,35.873208410058666,0.3514071623039001,0,1,-19.243615572362565,-19.38224385616367
2016fbk,0.03576,16.7061,35.87863461260862,0.07108095975394235,0,1,-19.243615572362565,-19.38224385616367
AT2016fbk,0.03576,16.9015,35.87863461260862,0.2664809597539417,0,0,-19.243615572362565,-19.38224385616367
1994T,0.03583,16.6795,35.8800964067736,0.04301916558896224,0,1,-19.243615572362565,-19.38224385616367
ASASSN-15mi,0.03585,16.2985,35.88097680264527,-0.3388612302827063,0,1,-19.243615572362565,-19.38224385616367
ASASSN-15ss,0.03599,16.7379,35.89171644320084,0.08979912916172239,0,1,-19.243615572362565,-19.38224385616367
2001ck,0.03616,16.6056,35.90027778950676,-0.0510622171441959,0,1,-19.243615572362565,-19.38224385616367
PS15bbn,0.03624,16.9315,35.9097687800474,0.2653467923151638,0,1,-19.243615572362565,-19.38224385616367
ASASSN-15lu,0.03635,16.7505,35.91196273239261,0.08215283996995382,0,0,-19.243615572362565,-19.38224385616367
2008hj,0.03682,16.6752,35.94483675208065,-0.026021179718082266,0,1,-19.243615572362565,-19.38224385616367
2008hj,0.03682,16.6306,35.94483675208065,-0.07062117971808135,0,1,-19.243615572362565,-19.38224385616367
2000dg,0.03697,16.8218,35.95538261638813,0.11003295597443596,0,0,-19.243615572362565,-19.38224385616367
2002G,0.03702,16.5526,35.951973327232096,-0.15575775486952992,0,0,-19.243615572362565,-19.38224385616367
2002G,0.03702,16.6757,35.951973327232096,-0.032657754869532596,0,0,-19.243615572362565,-19.38224385616367
2006mo,0.03702,16.8165,35.95555635652548,0.10455921583708871,0,0,-19.243615572362565,-19.38224385616367
2008ei,0.03702,16.827,35.95654013082235,0.1140754415402192,0,0,-19.243615572362565,-19.38224385616367
2002hu,0.03705,16.7107,35.95626459715356,-0.001949024790999232,0,1,-19.243615572362565,-19.38224385616367
2000cf,0.03707,16.7945,35.956833455093964,0.08128211726860002,0,1,-19.243615572362565,-19.38224385616367
2001eh,0.03725,16.7537,35.96869116404521,0.028624408317352135,0,1,-19.243615572362565,-19.38224385616367
2001eh,0.03725,16.7397,35.96869116404521,0.014624408317352788,0,1,-19.243615572362565,-19.38224385616367
ASASSN-16db,0.0373,16.6168,35.96680491641284,-0.10638934405027456,0,1,-19.243615572362565,-19.38224385616367
AT2016hns,0.0374,16.7259,35.979471084721844,-0.00995551235928005,0,1,-19.243615572362565,-19.38224385616367
ASASSN-15bc,0.03753,16.696,35.98386427396511,-0.04424870160254457,0,1,-19.243615572362565,-19.38224385616367
2007jg,0.03756,17.0803,35.986307750003775,0.33760782235879105,0,1,-19.243615572362565,-19.38224385616367
2007jg,0.03756,16.9655,35.986307750003775,0.2228078223587886,0,1,-19.243615572362565,-19.38224385616367
AT2016cvw,0.03787,16.7533,36.00768894621865,-0.01077337385608601,0,0,-19.243615572362565,-19.38224385616367
2002eu,0.0379,16.8094,36.00676959168358,0.04624598067898589,0,0,-19.243615572362565,-19.38224385616367
2008gb,0.03796,16.8359,36.008836624111495,0.07067894825106791,0,1,-19.243615572362565,-19.38224385616367
2007O,0.03818,16.6408,36.02107960513116,-0.13666403276859995,0,1,-19.243615572362565,-19.38224385616367
2007O,0.03818,16.6087,36.02107960513116,-0.16876403276859975,0,1,-19.243615572362565,-19.38224385616367
2008fr,0.03828,16.8611,36.030987478609916,0.07372809375264922,0,1,-19.243615572362565,-19.38224385616367
SN2017ciy,0.03834,17.2647,36.03151605991571,0.47679951244685626,0,0,-19.243615572362565,-19.38224385616367
2008O,0.03847,16.9724,36.04135362447333,0.17466194788923417,0,0,-19.243615572362565,-19.38224385616367
2009bv,0.03848,17.0034,36.037264667257915,0.20975090510464867,0,1,-19.243615572362565,-19.38224385616367
2008051,0.03873,16.7595,36.05342568602764,-0.05031011366507343,0,1,-19.243615572362565,-19.38224385616367
ASASSN-15np,0.03884,16.773,36.059306266946685,-0.04269069458412034,0,1,-19.243615572362565,-19.38224385616367
2010dw,0.03902,16.7595,36.070120321836654,-0.06700474947409063,0,0,-19.243615572362565,-19.38224385616367
ASASSN-15pn,0.03909,16.9432,36.07445728350619,0.11235828885637389,0,0,-19.243615572362565,-19.38224385616367
1999aw,0.0391,16.9595,36.07425159924521,0.12886397311735465,0,0,-19.243615572362565,-19.38224385616367
2008dr,0.04014,17.031,36.137072558218975,0.1375430141435885,0,1,-19.243615572362565,-19.38224385616367
PS15cze,0.04035,17.2956,36.144434133595844,0.3947814387667208,0,1,-19.243615572362565,-19.38224385616367
2003fa,0.04056,16.7637,36.157666039663496,-0.1503504673009317,0,1,-19.243615572362565,-19.38224385616367
2003fa,0.04056,16.8288,36.157666039663496,-0.08525046730093067,0,1,-19.243615572362565,-19.38224385616367
SN2016glz,0.04077,16.7388,36.16996187053991,-0.1875462981773417,0,0,-19.243615572362565,-19.38224385616367
PS16axi,0.04089,16.8733,36.172718680330135,-0.05580310796757004,0,1,-19.243615572362565,-19.38224385616367
SN2017coa,0.04095,17.1574,36.177316224587564,0.22369934777499978,0,0,-19.243615572362565,-19.38224385616367
2009do,0.04099,16.7873,36.178652157833035,-0.1477365854704722,0,1,-19.243615572362565,-19.38224385616367
2001az,0.04101,17.0623,36.181887255558316,0.12402831680424953,0,1,-19.243615572362565,-19.38224385616367
2007jh,0.04167,17.3071,36.216148523927814,0.3345670484347494,0,0,-19.243615572362565,-19.38224385616367
1992bl,0.04222,16.9571,36.250096917025544,-0.04938134466297939,0,1,-19.243615572362565,-19.38224385616367
2014bj,0.04258,17.2576,36.26701683758784,0.23419873477472564,0,1,-19.243615572362565,-19.38224385616367
2006cf,0.04268,17.0401,36.268821774009965,0.014893798352598964,0,1,-19.243615572362565,-19.38224385616367
2006cz,0.04268,16.6608,36.269426347723446,-0.3650107753608829,0,0,-19.243615572362565,-19.38224385616367
2007kk,0.04285,16.9991,36.277963755496344,-0.0352481831337812,0,1,-19.243615572362565,-19.38224385616367
2007kk,0.04285,16.9541,36.277963755496344,-0.08024818313377935,0,1,-19.243615572362565,-19.38224385616367
AT2016htm,0.04289,16.9488,36.28318620522454,-0.09077063286197529,0,1,-19.243615572362565,-19.38224385616367
ASASSN-16ct,0.04306,16.9927,36.288703219603086,-0.05238764724052203,0,0,-19.243615572362565,-19.38224385616367
SN2016ayg,0.04349,17.1635,36.31156093665088,0.09555463571168588,0,0,-19.243615572362565,-19.38224385616367
2007nq,0.04349,16.9607,36.31405858081377,-0.10974300845120766,0,0,-19.243615572362565,-19.38224385616367
2007nq,0.04349,17.0352,36.31405858081377,-0.0352430084512072,0,0,-19.243615572362565,-19.38224385616367
MASTERJ0134,0.04369,17.0064,36.32585792829737,-0.07584235593480315,0,1,-19.243615572362565,-19.38224385616367
ASASSN-15mg,0.04408,17.0768,36.340517137076496,-0.020101564713932873,0,1,-19.243615572362565,-19.38224385616367
AT2016cvv,0.04438,17.2939,36.358751602617836,0.17876396974472897,0,1,-19.243615572362565,-19.38224385616367
2005ku,0.04439,17.0386,36.36064601063785,-0.07843043827528717,0,1,-19.243615572362565,-19.38224385616367
1992bh,0.0444,17.298,36.36060774584426,0.18100782651830016,0,1,-19.243615572362565,-19.38224385616367
2006gt,0.04464,17.2584,36.371707056458725,0.13030851590384174,0,0,-19.243615572362565,-19.38224385616367
2006hx,0.04487,17.2035,36.38390937006125,0.06320620230131624,0,0,-19.243615572362565,-19.38224385616367
PS16cqa,0.04521,17.4336,36.39683014344798,0.2803854289145846,0,0,-19.243615572362565,-19.38224385616367
PSNJ1204051,0.04545,17.2011,36.40813655846304,0.036579013899523005,0,1,-19.243615572362565,-19.38224385616367
2005hc,0.04575,17.2104,36.42648661933299,0.0275289530295737,0,1,-19.243615572362565,-19.38224385616367
2005hc,0.04575,17.2609,36.42648661933299,0.07802895302957324,0,1,-19.243615572362565,-19.38224385616367
SN2016esh,0.04583,16.9049,36.427412431690854,-0.2788968593282881,0,0,-19.243615572362565,-19.38224385616367
PS17tn,0.0459,17.1281,36.43094137324615,-0.05922580088358487,0,0,-19.243615572362565,-19.38224385616367
2008050,0.04625,17.0106,36.448323356755935,-0.1941077843933705,0,1,-19.243615572362565,-19.38224385616367
AT2016ews,0.04631,17.2864,36.45169350794265,0.07832206441991474,0,0,-19.243615572362565,-19.38224385616367
2005lz,0.04643,17.0717,36.45865074469246,-0.14333517232989834,0,1,-19.243615572362565,-19.38224385616367
360156,0.04656,17.2551,36.463103850064684,0.03561172229787957,0,1,-19.243615572362565,-19.38224385616367
2004gu,0.04664,17.2183,36.46691391379661,-0.004998341434045983,0,0,-19.243615572362565,-19.38224385616367
2008cf,0.04682,17.2256,36.47607055928027,-0.006854986917701922,0,1,-19.243615572362565,-19.38224385616367
2008cf,0.04682,17.2327,36.47607055928027,0.00024501308229929464,0,1,-19.243615572362565,-19.38224385616367
AT2017yk,0.04691,17.5052,36.48102065216413,0.26779492019842976,0,1,-19.243615572362565,-19.38224385616367
2016afk,0.04738,17.3112,36.5005546885072,0.05426088385536332,0,0,-19.243615572362565,-19.38224385616367
PS16fa,0.0476,17.3479,36.51149999069163,0.08001558167093137,0,1,-19.243615572362565,-19.38224385616367
PS15aii,0.04777,17.3416,36.52002092633538,0.06519464602718728,0,1,-19.243615572362565,-19.38224385616367
PS17akj,0.04777,17.3097,36.520560329810536,0.03275524255202811,0,1,-19.243615572362565,-19.38224385616367
ATLAS16agv,0.04819,17.2446,36.54127091624845,-0.053055343885887396,0,0,-19.243615572362565,-19.38224385616367
ASASSN-15pm,0.04837,17.1205,36.55129700176944,-0.187181429406877,0,1,-19.243615572362565,-19.38224385616367
1995ac,0.0486,17.0773,36.563714688830224,-0.2427991164676584,0,1,-19.243615572362565,-19.38224385616367
AT2016gmg,0.04865,17.388,36.56495679857409,0.06665877378847895,0,0,-19.243615572362565,-19.38224385616367
1990af,0.04934,17.3467,36.59733565718203,-0.0070200848194659216,0,0,-19.243615572362565,-19.38224385616367
PS16el,0.0494,17.2161,36.594194831600674,-0.134479259238109,0,1,-19.243615572362565,-19.38224385616367
2006cq,0.04944,17.3298,36.59724710576296,-0.02383153340039712,0,1,-19.243615572362565,-19.38224385616367
1993ag,0.04985,17.3872,36.61620668451374,0.01460888784882286,0,0,-19.243615572362565,-19.38224385616367
PS15asb,0.04989,17.2184,36.61696487217907,-0.1549492998165043,0,1,-19.243615572362565,-19.38224385616367
1998dx,0.05018,17.3163,36.632449435340106,-0.0725338629775436,0,0,-19.243615572362565,-19.38224385616367
PS16dnp,0.05023,17.6053,36.636908484603985,0.2120070877585789,0,1,-19.243615572362565,-19.38224385616367
2007kh,0.05032,17.2873,36.638100883075225,-0.10718531071266213,0,1,-19.243615572362565,-19.38224385616367
ASASSN-17eb,0.05044,17.2091,36.641607501210004,-0.18889192884743977,0,0,-19.243615572362565,-19.38224385616367
PS15brr,0.05049,17.2931,36.64901173768613,-0.11229616532356701,0,0,-19.243615572362565,-19.38224385616367
2008hu,0.05052,17.4506,36.646165969328585,0.04804960303398076,0,0,-19.243615572362565,-19.38224385616367
AT2016cor,0.05066,17.5993,36.65150786826666,0.19140770409590147,0,0,-19.243615572362565,-19.38224385616367
PS16fbb,0.05106,17.6274,36.6743911061926,0.19662446616996476,0,1,-19.243615572362565,-19.38224385616367
2003ic,0.05126,17.14,36.68398319391052,-0.3003676215479558,0,0,-19.243615572362565,-19.38224385616367
ASASSN-16hc,0.05151,17.3332,36.68985458598014,-0.11303901361757696,0,1,-19.243615572362565,-19.38224385616367
1993O,0.05194,17.5229,36.706706008998175,0.05980956336438936,0,0,-19.243615572362565,-19.38224385616367
2006ot,0.05202,17.6149,36.7153333200837,0.14318225227886217,0,1,-19.243615572362565,-19.38224385616367
2006ot,0.05202,17.2903,36.7153333200837,-0.18141774772113806,0,0,-19.243615572362565,-19.38224385616367
AT2016htn,0.05222,17.5881,36.72355272278327,0.10816284957929767,0,1,-19.243615572362565,-19.38224385616367
PS16evk,0.05262,17.6614,36.74259594417331,0.16241962818925515,0,1,-19.243615572362565,-19.38224385616367
PS16n,0.05309,17.5222,36.757957351971704,0.007858220390861703,0,0,-19.243615572362565,-19.38224385616367
2010dt,0.05316,17.5944,36.761053510621494,0.0769620617410709,0,1,-19.243615572362565,-19.38224385616367
2006lu,0.05346,17.6101,36.77413568096864,0.07957989139392296,0,1,-19.243615572362565,-19.38224385616367
PS16bby,0.05468,17.5797,36.82226051766162,0.001055054700945135,0,0,-19.243615572362565,-19.38224385616367
PS16ayd,0.05469,17.6051,36.82380400527519,0.024911567087372077,0,1,-19.243615572362565,-19.38224385616367
SN2017cpu,0.05502,17.3903,36.837459791824344,-0.20354421946177936,0,0,-19.243615572362565,-19.38224385616367
490007,0.05541,17.6146,36.85247955676532,0.005736015597246791,0,1,-19.243615572362565,-19.38224385616367
AT2017oz,0.05614,17.5579,36.88302093295589,-0.08150536059332225,0,0,-19.243615572362565,-19.38224385616367
2006py,0.05653,17.6568,36.90223713114858,-0.0018215587860161975,0,0,-19.243615572362565,-19.38224385616367
PS16aer,0.05693,17.7863,36.91231281049116,0.11760276187140661,0,1,-19.243615572362565,-19.38224385616367
2005hj,0.05708,17.7373,36.92185963400426,0.059055938358309135,0,1,-19.243615572362565,-19.38224385616367
2008eq,0.05728,17.8157,36.92809151714101,0.13122405522155134,0,1,-19.243615572362565,-19.38224385616367
2006ob,0.05824,17.7291,36.96715380180979,0.005561770552770184,0,0,-19.243615572362565,-19.38224385616367
2006ob,0.05824,17.6794,36.96715380180979,-0.04413822944722767,0,0,-19.243615572362565,-19.38224385616367
SN2016gmb,0.0583,17.7015,36.96866750686327,-0.023551934500705585,0,1,-19.243615572362565,-19.38224385616367
2001ah,0.05886,17.7272,36.987957769741065,-0.017142197378500867,0,1,-19.243615572362565,-19.38224385616367
2001ah,0.05886,17.893,36.987957769741065,0.14865780262149997,0,0,-19.243615572362565,-19.38224385616367
LSQ13crf,0.05974,17.0471,37.02411566042195,-0.7334000880593834,0,0,-19.243615572362565,-19.38224385616367
SN2017cjv,0.06092,17.779,37.06474381124455,-0.04212823888198258,0,0,-19.243615572362565,-19.38224385616367
2008bz,0.06099,17.9101,37.06845559799507,0.08525997436749577,0,1,-19.243615572362565,-19.38224385616367
2008bz,0.06099,17.9395,37.06845559799507,0.11465997436749475,0,1,-19.243615572362565,-19.38224385616367
SN2016hhv,0.06121,17.8853,37.07977365067273,0.049141921689837886,0,0,-19.243615572362565,-19.38224385616367
2008go,0.06137,17.7078,37.085997875556416,-0.13458230319385223,0,0,-19.243615572362565,-19.38224385616367
2008go,0.06137,17.7161,37.085997875556416,-0.12628230319385025,0,0,-19.243615572362565,-19.38224385616367
2006oa,0.06153,17.8217,37.092145899271976,-0.026830326909411895,0,1,-19.243615572362565,-19.38224385616367
1992bs,0.06372,18.0987,37.16948969656964,0.17282587579292397,0,1,-19.243615572362565,-19.38224385616367
SN2016aqb,0.06384,17.7667,37.171118146431795,-0.16080257406922982,0,0,-19.243615572362565,-19.38224385616367
PS16bnz,0.06446,17.8256,37.19126027935821,-0.12204470699564496,0,0,-19.243615572362565,-19.38224385616367
2007ae,0.06533,17.8321,37.22440715680581,-0.14869158444324526,0,1,-19.243615572362565,-19.38224385616367
PS15cms,0.06627,18.1087,37.25433267200776,0.0979829003548005,0,1,-19.243615572362565,-19.38224385616367
6057,0.06654,17.9097,37.26760930713225,-0.11429373476968152,0,1,-19.243615572362565,-19.38224385616367
SN2016ixf,0.06711,18.1707,37.28357801809777,0.13073755426479394,0,1,-19.243615572362565,-19.38224385616367
AT2016aj,0.06725,17.9814,37.29083087441977,-0.06581530205720298,0,0,-19.243615572362565,-19.38224385616367
PS15bjg,0.06786,18.2405,37.31300376966918,0.17111180269338533,0,0,-19.243615572362565,-19.38224385616367
CSS160129,0.06844,17.9851,37.32856337748245,-0.09984780511988944,0,0,-19.243615572362565,-19.38224385616367
2006al,0.06886,18.1683,37.34182895818349,0.07008661417907192,0,0,-19.243615572362565,-19.38224385616367
PTSS17-niq,0.06897,18.0287,37.34619130032003,-0.07387572795746422,0,0,-19.243615572362565,-19.38224385616367
1993B,0.07023,18.0414,37.38727552767632,-0.10225995531375887,0,1,-19.243615572362565,-19.38224385616367
2008Y,0.07056,18.0431,37.39731906153735,-0.1106034891747889,0,1,-19.243615572362565,-19.38224385616367
2008Y,0.07056,18.0245,37.39731906153735,-0.1292034891747882,0,1,-19.243615572362565,-19.38224385616367
PS17yt,0.07073,18.2257,37.40264555494064,0.06667001742192369,0,0,-19.243615572362565,-19.38224385616367
PS16em,0.07083,18.2284,37.40574309943693,0.06627247292563254,0,0,-19.243615572362565,-19.38224385616367
2006on,0.07089,18.2013,37.41179701463434,0.03311855772822625,0,0,-19.243615572362565,-19.38224385616367
470043,0.0709,18.4761,37.4082234045471,0.3114921678154623,0,0,-19.243615572362565,-19.38224385616367
ATLAS16bwu,0.07091,18.1182,37.41217234394121,-0.05035677157864171,0,0,-19.243615572362565,-19.38224385616367
PS15bdr,0.07116,18.1022,37.41793260856226,-0.07211703619969612,0,0,-19.243615572362565,-19.38224385616367
PS15bwh,0.07158,17.9964,37.433874623404364,-0.19385905104179812,0,1,-19.243615572362565,-19.38224385616367
370566,0.07167,18.1625,37.43274983738778,-0.026634265025215598,0,0,-19.243615572362565,-19.38224385616367
PS15mt,0.07193,18.3088,37.44052836027447,0.11188721208809582,0,0,-19.243615572362565,-19.38224385616367
2007jd,0.07222,18.3789,37.45276577284872,0.16974979951384483,0,0,-19.243615572362565,-19.38224385616367
PS15atx,0.07252,18.3695,37.459932912492135,0.15318265987042778,0,0,-19.243615572362565,-19.38224385616367
Gaia16aki,0.07393,18.3005,37.5042855720975,0.03983000026506289,0,1,-19.243615572362565,-19.38224385616367
1992ae,0.0744,18.1816,37.520886205852996,-0.09567063349043181,0,0,-19.243615572362565,-19.38224385616367
PS17bii,0.07446,18.1971,37.518935583643625,-0.07822001128106137,0,1,-19.243615572362565,-19.38224385616367
7876,0.0752,18.2233,37.54519963848595,-0.07828406612338412,0,0,-19.243615572362565,-19.38224385616367
2005ir,0.0752,18.3126,37.54519963848595,0.011015933876617368,0,1,-19.243615572362565,-19.38224385616367
2010hs,0.0756,18.5612,37.556396399371046,0.24841917299151817,0,0,-19.243615572362565,-19.38224385616367
AT2016gsu,0.07575,18.2931,37.561442153705244,-0.02472658134268002,0,0,-19.243615572362565,-19.38224385616367
370333,0.07588,18.3812,37.56220737887946,0.06260819348310775,0,1,-19.243615572362565,-19.38224385616367
PS15bif,0.07845,18.3185,37.64154033685872,-0.07942476449615299,0,0,-19.243615572362565,-19.38224385616367
Gaia16acv,0.07859,18.5785,37.641992205999706,0.18012336636285653,0,0,-19.243615572362565,-19.38224385616367
17186,0.07875,18.7624,37.649759657393886,0.3562559149686777,0,0,-19.243615572362565,-19.38224385616367
2007hx,0.07875,18.8412,37.649759657393886,0.4350559149686788,0,1,-19.243615572362565,-19.38224385616367
560033,0.07895,18.3458,37.65625416589207,-0.06683859352950705,0,1,-19.243615572362565,-19.38224385616367
12779,0.07906,18.5313,37.65910027458339,0.11581529777917865,0,1,-19.243615572362565,-19.38224385616367
PS15bzz,0.07931,18.277,37.666364720831865,-0.14574914846929943,0,1,-19.243615572362565,-19.38224385616367
350316,0.07991,18.3473,37.67981892555426,-0.08890335319169296,0,1,-19.243615572362565,-19.38224385616367
2005ag,0.08009,18.4138,37.68566608877843,-0.028250516415869953,0,1,-19.243615572362565,-19.38224385616367
12950,0.08167,18.4685,37.73339965037625,-0.021284078013685814,0,1,-19.243615572362565,-19.38224385616367
130308,0.08245,18.5662,37.75157569851416,0.05823987384840379,0,0,-19.243615572362565,-19.38224385616367
12898,0.08282,18.4244,37.76467392838087,-0.09665835601830963,0,0,-19.243615572362565,-19.38224385616367
12781,0.08309,18.7409,37.7725576000478,0.21195797231476732,0,0,-19.243615572362565,-19.38224385616367
SN2016glp,0.0841,18.7156,37.79980240395485,0.15941316840771336,0,1,-19.243615572362565,-19.38224385616367
3592,0.08572,18.5876,37.84342615849269,-0.012210586130127155,0,1,-19.243615572362565,-19.38224385616367
SN2016grz,0.08704,18.5954,37.87751013024254,-0.03849455787997513,0,1,-19.243615572362565,-19.38224385616367
1241,0.0887,18.5242,37.92201855379524,-0.1542029814326753,0,1,-19.243615572362565,-19.38224385616367
590194,0.09039,18.6672,37.96130755856262,-0.05049198620005768,0,1,-19.243615572362565,-19.38224385616367
370066,0.09089,18.7739,37.97392741545605,0.04358815690651241,0,1,-19.243615572362565,-19.38224385616367
300105,0.09205,18.9072,38.00693697905057,0.14387859331199238,0,1,-19.243615572362565,-19.38224385616367
iPTF17dz,0.09293,18.9696,38.02474575587968,0.1884698164828862,0,1,-19.243615572362565,-19.38224385616367
010010,0.0995,19.1847,38.18144688758386,0.24686868477870405,0,0,-19.243615572362565,-19.38224385616367
160099,0.10165,19.0452,38.23164632331192,0.05716924905064502,0,1,-19.243615572362565,-19.38224385616367
000190,0.10221,19.1555,38.24337217762158,0.1557433947409841,0,1,-19.243615572362565,-19.38224385616367
140181,0.10246,18.9981,38.249383162714466,-0.007667590351900344,0,1,-19.243615572362565,-19.38224385616367
100405,0.10294,18.9285,38.26288626316694,-0.09077069080437639,0,0,-19.243615572362565,-19.38224385616367
13135,0.10361,19.0808,38.279040469936206,0.04537510242635889,0,0,-19.243615572362565,-19.38224385616367
20064,0.10374,18.9549,38.282013895223145,-0.08349832286058145,0,0,-19.243615572362565,-19.38224385616367
13038,0.10507,19.1765,38.31149457028913,0.10862100207343772,0,0,-19.243615572362565,-19.38224385616367
18697,0.10661,19.0081,38.34489280881851,-0.09317723645594356,0,1,-19.243615572362565,-19.38224385616367
20625,0.10707,19.2094,38.35494883603103,0.09806673633153551,0,1,-19.243615572362565,-19.38224385616367
3256,0.10711,19.1765,38.35591082625945,0.06420474610311189,0,0,-19.243615572362565,-19.38224385616367
120225,0.10713,19.5271,38.351949246727344,0.41876632563522165,0,0,-19.243615572362565,-19.38224385616367
21034,0.10774,19.2454,38.368891675981196,0.12012389638136867,0,1,-19.243615572362565,-19.38224385616367
500038,0.10794,19.1487,38.36940048688511,0.0229150854774538,0,1,-19.243615572362565,-19.38224385616367
7147,0.10908,19.1486,38.39815206911426,-0.005936496751697717,0,0,-19.243615572362565,-19.38224385616367
020027,0.11001,19.3171,38.413808148714125,0.14690742364843956,0,1,-19.243615572362565,-19.38224385616367
18650,0.11259,19.3684,38.47153229701635,0.14048327534621308,0,1,-19.243615572362565,-19.38224385616367
18612,0.11388,19.1346,38.49776392686602,-0.11954835450345769,0,1,-19.243615572362565,-19.38224385616367
8719,0.1165,19.2878,38.55074178929996,-0.019326216937397334,0,1,-19.243615572362565,-19.38224385616367
5395,0.11653,19.3772,38.55017451008734,0.07064106227522515,0,1,-19.243615572362565,-19.38224385616367
2561,0.1176,19.3197,38.571556630386475,-0.008241058023909176,0,1,-19.243615572362565,-19.38224385616367
16259,0.11792,19.3558,38.57910412520717,0.020311447155396678,0,0,-19.243615572362565,-19.38224385616367
1371,0.11818,19.1627,38.58423087563763,-0.17791530327506422,0,0,-19.243615572362565,-19.38224385616367
000137,0.11901,19.3099,38.59670467441597,-0.04318910205340387,0,0,-19.243615572362565,-19.38224385616367
5549,0.12014,19.3428,38.62242735611896,-0.03601178375639691,0,0,-19.243615572362565,-19.38224385616367
12860,0.12058,19.5396,38.63094806513232,0.15226750723024196,0,0,-19.243615572362565,-19.38224385616367
490008,0.12086,19.3818,38.6325585060863,-0.007142933723734757,0,1,-19.243615572362565,-19.38224385616367
19953,0.12207,19.3415,38.65970467595825,-0.07458910359568804,0,1,-19.243615572362565,-19.38224385616367
390259,0.12231,19.3589,38.66144431216523,-0.058928739802666996,0,0,-19.243615572362565,-19.38224385616367
18835,0.12278,19.4323,38.671788278494326,0.0041272938682404,0,0,-19.243615572362565,-19.38224385616367
2916,0.12316,19.3437,38.680219162599094,-0.09290359023653139,0,0,-19.243615572362565,-19.38224385616367
16021,0.12357,19.3634,38.68795936265247,-0.08094379028990772,0,1,-19.243615572362565,-19.38224385616367
13894,0.12377,19.5479,38.69192884706268,0.09958672529988633,0,0,-19.243615572362565,-19.38224385616367
570062,0.12383,19.5712,38.69313787036918,0.1216777019933879,0,0,-19.243615572362565,-19.38224385616367
6406,0.12393,19.3974,38.69384545144721,-0.052829879084644205,0,1,-19.243615572362565,-19.38224385616367
19543,0.12405,19.582,38.69724488430181,0.12837068806075536,0,1,-19.243615572362565,-19.38224385616367
13044,0.12472,19.5086,38.7098474476046,0.0423681247579637,0,1,-19.243615572362565,-19.38224385616367
15459,0.1256,19.8887,38.7263373540072,0.4059782183553651,0,0,-19.243615572362565,-19.38224385616367
2992,0.12623,19.2426,38.736474910794236,-0.2502593384316718,0,1,-19.243615572362565,-19.38224385616367
16069,0.12706,19.5595,38.75336494770987,0.04975062465269531,0,0,-19.243615572362565,-19.38224385616367
744,0.1271,19.4319,38.75402437719543,-0.0785088048328646,0,1,-19.243615572362565,-19.38224385616367
14871,0.1272,19.4899,38.75442064225522,-0.02090506989265606,0,1,-19.243615572362565,-19.38224385616367
18855,0.12732,19.5311,38.75683893366019,0.017876638702372105,0,1,-19.243615572362565,-19.38224385616367
22075,0.1292,19.5017,38.79177213232721,-0.04645655996464626,0,0,-19.243615572362565,-19.38224385616367
1032,0.12921,19.5873,38.7914153143624,0.039500258000160215,0,0,-19.243615572362565,-19.38224385616367
5751,0.1295,19.58,38.79764713555599,0.025968436806572015,0,0,-19.243615572362565,-19.38224385616367
18415,0.12958,19.5899,38.799343640663785,0.03417193169877919,0,0,-19.243615572362565,-19.38224385616367
18809,0.13169,19.549,38.835827088609825,-0.04321151624726127,0,0,-19.243615572362565,-19.38224385616367
151034,0.13281,19.5311,38.85305299970055,-0.07833742733798843,0,0,-19.243615572362565,-19.38224385616367
1334084,0.13366,19.5736,38.87102124372878,-0.05380567136621295,0,0,-19.243615572362565,-19.38224385616367
15508,0.13372,19.5904,38.87253451613939,-0.03851894377682541,0,1,-19.243615572362565,-19.38224385616367
14108,0.13477,19.9836,38.89002704818109,0.3371885241814745,0,0,-19.243615572362565,-19.38224385616367
15234,0.13535,19.8245,38.901227824777536,0.16688774758502944,0,1,-19.243615572362565,-19.38224385616367
000014,0.13614,19.7241,38.91443160854754,0.053283963815026425,0,1,-19.243615572362565,-19.38224385616367
17629,0.13658,19.5945,38.92217261891862,-0.08405704655605817,0,1,-19.243615572362565,-19.38224385616367
19775,0.137,19.7565,38.9298718929042,0.07024367945836119,0,1,-19.243615572362565,-19.38224385616367
18602,0.13713,19.7086,38.93233205436945,0.01988351799311161,0,1,-19.243615572362565,-19.38224385616367
21062,0.13745,20.0981,38.93777781128105,0.4039377610815116,0,0,-19.243615572362565,-19.38224385616367
17366,0.13822,19.6327,38.950696496823255,-0.07438092446069078,0,1,-19.243615572362565,-19.38224385616367
15171,0.13826,19.6973,38.951129850438164,-0.010214278075601158,0,1,-19.243615572362565,-19.38224385616367
190340,0.1384,19.7699,38.954007904691004,0.05950766767156068,0,1,-19.243615572362565,-19.38224385616367
20084,0.13851,19.7871,38.95591642026464,0.07479915209792054,0,1,-19.243615572362565,-19.38224385616367
12928,0.13875,19.7469,38.95947817699602,0.031037395366542597,0,0,-19.243615572362565,-19.38224385616367
190230,0.1388,19.7937,38.9608028239527,0.07651274840986844,0,0,-19.243615572362565,-19.38224385616367
090275,0.13955,19.7683,38.97206650218581,0.03984907017675354,0,1,-19.243615572362565,-19.38224385616367
1794,0.14082,19.9245,38.99463382390033,0.1734817484622333,0,1,-19.243615572362565,-19.38224385616367
17208,0.14104,20.0305,38.99844699602197,0.27566857634059616,0,0,-19.243615572362565,-19.38224385616367
340229,0.14123,19.7877,39.000879520567494,0.03043605179507125,0,1,-19.243615572362565,-19.38224385616367
1317666,0.14134,19.8707,39.002696338387615,0.11161923397494888,0,0,-19.243615572362565,-19.38224385616367
2635,0.14325,19.794,39.03377593159257,0.0038396407699927693,0,1,-19.243615572362565,-19.38224385616367
17568,0.14345,20.2624,39.0382081640284,0.467807408334167,0,0,-19.243615572362565,-19.38224385616367
190260,0.14359,19.8605,39.04081449665861,0.06330107570395072,0,0,-19.243615572362565,-19.38224385616367
17497,0.14404,19.8226,39.04732992825216,0.018885644110405053,0,1,-19.243615572362565,-19.38224385616367
8921,0.14423,19.763,39.051220402471664,-0.04460483010909755,0,1,-19.243615572362565,-19.38224385616367
17605,0.14542,19.8988,39.07034733077077,0.07206824159179348,0,0,-19.243615572362565,-19.38224385616367
1296657,0.14638,19.9327,39.08544612531701,0.09086944704555222,0,0,-19.243615572362565,-19.38224385616367
440008,0.14652,19.905,39.08715751762861,0.06145805473395427,0,0,-19.243615572362565,-19.38224385616367
1316385,0.14737,19.7624,39.100819922161314,-0.09480434979874985,0,0,-19.243615572362565,-19.38224385616367
13796,0.14747,19.7142,39.10386186479202,-0.14604629242945677,0,1,-19.243615572362565,-19.38224385616367
14024,0.14771,19.881,39.1074632442112,0.017152328151361473,0,1,-19.243615572362565,-19.38224385616367
180166,0.14778,19.908,39.10597436611615,0.04564120624641532,0,1,-19.243615572362565,-19.38224385616367
1293758,0.14803,19.9755,39.11226254481295,0.10685302754961512,0,0,-19.243615572362565,-19.38224385616367
14437,0.14806,19.7852,39.11327119048799,-0.08445561812542834,0,0,-19.243615572362565,-19.38224385616367
1255502,0.14834,19.7709,39.11698671830314,-0.10247114594057294,0,0,-19.243615572362565,-19.38224385616367
13736,0.14898,19.9076,39.12797106076693,0.02324451159563168,0,1,-19.243615572362565,-19.38224385616367
2308,0.1494,19.8574,39.13382525344774,-0.03280968108517612,0,0,-19.243615572362565,-19.38224385616367
000038,0.1505,19.8528,39.15120270915284,-0.05478713679027791,0,0,-19.243615572362565,-19.38224385616367
460003,0.15084,19.9157,39.153455755675886,0.005859816686680119,0,0,-19.243615572362565,-19.38224385616367
2031,0.15195,19.7947,39.17440238984313,-0.1360868174805674,0,0,-19.243615572362565,-19.38224385616367
18323,0.15291,20.0709,39.18956622937614,0.1249493429864259,0,0,-19.243615572362565,-19.38224385616367
15132,0.15318,19.9645,39.19380838220738,0.014307190155186333,0,0,-19.243615572362565,-19.38224385616367
18740,0.15336,19.8461,39.196312949208355,-0.10659737684579085,0,0,-19.243615572362565,-19.38224385616367
19353,0.15341,20.0034,39.19633400389582,0.05068156846674299,0,0,-19.243615572362565,-19.38224385616367
16073,0.15357,20.1109,39.1997484106717,0.15476716169086302,0,0,-19.243615572362565,-19.38224385616367
5550,0.15511,19.9546,39.22349472702633,-0.025279154663763848,0,0,-19.243615572362565,-19.38224385616367
16116,0.15526,20.025,39.22588449384201,0.04273107852055347,0,0,-19.243615572362565,-19.38224385616367
18030,0.15536,20.1464,39.227301289730065,0.16271428263249987,0,0,-19.243615572362565,-19.38224385616367
19940,0.15601,19.7174,39.237070627131004,-0.27605505476843817,0,0,-19.243615572362565,-19.38224385616367
13354,0.15671,19.9557,39.247391954764986,-0.04807638240242085,0,0,-19.243615572362565,-19.38224385616367
16206,0.15856,19.8264,39.27577224897376,-0.20575667661119468,0,0,-19.243615572362565,-19.38224385616367
440042,0.15921,20.1737,39.284796733684935,0.1325188386776297,0,0,-19.243615572362565,-19.38224385616367
14782,0.15931,19.6973,39.28685282203926,-0.3459372496766946,0,0,-19.243615572362565,-19.38224385616367
15425,0.15948,19.8378,39.2881376611475,-0.20672208878493592,0,0,-19.243615572362565,-19.38224385616367
1299775,0.16004,19.7898,39.29657738330187,-0.2631618109393088,0,0,-19.243615572362565,-19.38224385616367
3317,0.16008,19.9756,39.29803302983712,-0.07881745747455682,0,0,-19.243615572362565,-19.38224385616367
2689,0.16053,19.9527,39.30477454372381,-0.1084589713612445,0,0,-19.243615572362565,-19.38224385616367
390627,0.16061,20.1712,39.303024270441824,0.11179130192073927,0,0,-19.243615572362565,-19.38224385616367
5103,0.16077,19.9632,39.308818990639494,-0.10200341827692938,0,0,-19.243615572362565,-19.38224385616367
120336,0.16122,20.0576,39.310915113900606,-0.009699541538040535,0,0,-19.243615572362565,-19.38224385616367
17825,0.16236,20.0722,39.33156180339463,-0.015746231032064628,0,0,-19.243615572362565,-19.38224385616367
19174,0.16375,20.0277,39.352097850487034,-0.08078227812447025,0,0,-19.243615572362565,-19.38224385616367
3087,0.16448,20.0104,39.36286085702506,-0.10884528466249677,0,0,-19.243615572362565,-19.38224385616367
19616,0.16471,20.0763,39.36573026536863,-0.04581469300606855,0,0,-19.243615572362565,-19.38224385616367
20764,0.16495,20.0652,39.369522606863114,-0.06070703450054893,0,0,-19.243615572362565,-19.38224385616367
20430,0.16603,20.2408,39.38532905776121,0.09908651460135331,0,0,-19.243615572362565,-19.38224385616367
12843,0.16606,19.9287,39.38598384171202,-0.21366826934945493,0,0,-19.243615572362565,-19.38224385616367
12853,0.16828,20.0227,39.41759018507871,-0.1512746127161435,0,0,-19.243615572362565,-19.38224385616367
350233,0.16924,20.2625,39.42681229151502,0.07930328084754379,0,0,-19.243615572362565,-19.38224385616367
17389,0.16971,20.4191,39.43796038986951,0.22475518249305537,0,0,-19.243615572362565,-19.38224385616367
12856,0.17042,20.2212,39.44806296034227,0.016752612020294322,0,0,-19.243615572362565,-19.38224385616367
590005,0.17124,20.2894,39.45493845449812,0.07807711786444571,0,0,-19.243615572362565,-19.38224385616367
310039,0.17169,20.2073,39.46502530010145,-0.014109727738887301,0,0,-19.243615572362565,-19.38224385616367
19282,0.17256,20.2491,39.47793016232292,0.014785410039642954,0,0,-19.243615572362565,-19.38224385616367
1303279,0.1727,20.0146,39.47841168032272,-0.22019610796015598,0,0,-19.243615572362565,-19.38224385616367
100090,0.17297,20.4733,39.479711630032405,0.23720394233015796,0,0,-19.243615572362565,-19.38224385616367
3080,0.17331,20.1341,39.48806503889241,-0.11034946652984345,0,0,-19.243615572362565,-19.38224385616367
15897,0.17374,20.2873,39.49409806094651,0.03681751141605005,0,0,-19.243615572362565,-19.38224385616367
120143,0.17378,20.0963,39.49108008344866,-0.15116451108609397,0,0,-19.243615572362565,-19.38224385616367
15648,0.17392,20.3456,39.49646993837598,0.09274563398658486,0,0,-19.243615572362565,-19.38224385616367
14421,0.17417,20.3204,39.49950781714588,0.06450775521668106,0,0,-19.243615572362565,-19.38224385616367
16165,0.1742,20.0787,39.49997629094541,-0.17766071858284604,0,0,-19.243615572362565,-19.38224385616367
5350,0.17438,20.2523,39.50267482433891,-0.006759251976344416,0,0,-19.243615572362565,-19.38224385616367
15583,0.17443,20.3016,39.502900520910735,0.04231505145182979,0,0,-19.243615572362565,-19.38224385616367
19969,0.17444,20.2319,39.50324126151699,-0.027725689154426192,0,0,-19.243615572362565,-19.38224385616367
18604,0.17498,20.4904,39.511393990636165,0.22262158172640056,0,0,-19.243615572362565,-19.38224385616367
14979,0.17666,20.2634,39.532777081705994,-0.025761509343428912,0,0,-19.243615572362565,-19.38224385616367
17218,0.17713,20.2565,39.5406691062544,-0.0405535338918348,0,0,-19.243615572362565,-19.38224385616367
14451,0.17737,20.2241,39.543497144106254,-0.07578157174368982,0,0,-19.243615572362565,-19.38224385616367
17220,0.17786,20.0864,39.55038184700533,-0.22036627464276748,0,0,-19.243615572362565,-19.38224385616367
370428,0.17791,20.3947,39.54722305599027,0.09109251637229221,0,0,-19.243615572362565,-19.38224385616367
5635,0.17852,20.7139,39.55946538159121,0.39805019077135384,0,0,-19.243615572362565,-19.38224385616367
6936,0.17901,20.388,39.5659242639469,0.06569130841566917,0,0,-19.243615572362565,-19.38224385616367
300179,0.17911,20.5142,39.56743224279817,0.1903833295643942,0,0,-19.243615572362565,-19.38224385616367
13045,0.17931,20.2825,39.57011497634595,-0.043999403983384866,0,0,-19.243615572362565,-19.38224385616367
1347120,0.17952,20.2979,39.57143882813732,-0.02992325577475441,0,0,-19.243615572362565,-19.38224385616367
2372,0.17973,20.2989,39.57472833602036,-0.032212763657792465,0,0,-19.243615572362565,-19.38224385616367
1303496,0.17975,20.3432,39.574480792978925,0.012334779383639471,0,0,-19.243615572362565,-19.38224385616367
13254,0.18004,20.7449,39.57881740328204,0.4096981690805279,0,0,-19.243615572362565,-19.38224385616367
14284,0.1805,20.1158,39.584697553544196,-0.2252819811816309,0,0,-19.243615572362565,-19.38224385616367
420159,0.18073,20.2505,39.58904737286862,-0.09493180050605687,0,0,-19.243615572362565,-19.38224385616367
330023,0.18078,20.4636,39.58888599097726,0.11832958138530358,0,0,-19.243615572362565,-19.38224385616367
350548,0.18082,20.3861,39.5864023691468,0.043313203215760154,0,0,-19.243615572362565,-19.38224385616367
360112,0.18086,20.3621,39.58686101771772,0.01885455464484309,0,0,-19.243615572362565,-19.38224385616367
17215,0.18092,20.3683,39.590068446205095,0.021847126157471308,0,0,-19.243615572362565,-19.38224385616367
370595,0.18126,20.4055,39.591441727925805,0.057673844436759936,0,0,-19.243615572362565,-19.38224385616367
15443,0.18136,20.2338,39.59609726875993,-0.11868169639736337,0,0,-19.243615572362565,-19.38224385616367
1339392,0.18145,20.1423,39.59712589877208,-0.21121032640951398,0,0,-19.243615572362565,-19.38224385616367
17332,0.18217,20.3333,39.607043927105565,-0.03012835474299891,0,0,-19.243615572362565,-19.38224385616367
1580,0.18229,20.2729,39.608574217303286,-0.09205864494072102,0,0,-19.243615572362565,-19.38224385616367
1250017,0.18231,20.4355,39.608911776489805,0.07020379587276082,0,0,-19.243615572362565,-19.38224385616367
15453,0.18252,20.5291,39.612601013896835,0.16011455846572886,0,0,-19.243615572362565,-19.38224385616367
17391,0.1836,20.3465,39.62702924552434,-0.03691367316177718,0,0,-19.243615572362565,-19.38224385616367
1257695,0.18375,20.427,39.62839177922477,0.042223793137793564,0,0,-19.243615572362565,-19.38224385616367
17168,0.18389,20.499,39.630831380188546,0.11178419217401725,0,0,-19.243615572362565,-19.38224385616367
20048,0.18402,20.543,39.63251568797137,0.1540998843911936,0,0,-19.243615572362565,-19.38224385616367
1296321,0.18458,20.6854,39.6388118876924,0.29020368467016766,0,0,-19.243615572362565,-19.38224385616367
15421,0.18459,20.5361,39.63918060328069,0.14053496908187313,0,0,-19.243615572362565,-19.38224385616367
8213,0.18484,20.4018,39.64319348953569,0.0022220828268757487,0,0,-19.243615572362565,-19.38224385616367
15461,0.18493,20.36,39.644311900134966,-0.04069632777240173,0,0,-19.243615572362565,-19.38224385616367
1336453,0.18506,20.4905,39.6450720622421,0.08904351012046519,0,0,-19.243615572362565,-19.38224385616367
6422,0.18515,20.3817,39.64728767470402,-0.021972102341454303,0,0,-19.243615572362565,-19.38224385616367
16281,0.18522,20.2897,39.64818060860948,-0.1148650362469148,0,0,-19.243615572362565,-19.38224385616367
370563,0.18527,20.5352,39.64414129316532,0.13467427919724528,0,0,-19.243615572362565,-19.38224385616367
15365,0.18667,20.5029,39.66698587039256,0.07952970197000653,0,0,-19.243615572362565,-19.38224385616367
18807,0.18728,20.5164,39.673632810335036,0.08638276202752948,0,0,-19.243615572362565,-19.38224385616367
5994,0.18809,20.4921,39.68494459040401,0.050770981958557115,0,0,-19.243615572362565,-19.38224385616367
12927,0.18906,20.1854,39.69665295313242,-0.2676373807698553,0,0,-19.243615572362565,-19.38224385616367
16100,0.18908,20.5559,39.697273419358595,0.10224215300397077,0,0,-19.243615572362565,-19.38224385616367
1273127,0.18929,20.6829,39.70000916844494,0.22650640391762167,0,0,-19.243615572362565,-19.38224385616367
18787,0.18929,20.8878,39.69999092438045,0.4314246479821122,0,0,-19.243615572362565,-19.38224385616367
18749,0.18948,20.4883,39.70281553111435,0.029100041248216968,0,0,-19.243615572362565,-19.38224385616367
440643,0.18952,20.5094,39.70208492431542,0.05093064804714231,0,0,-19.243615572362565,-19.38224385616367
6304,0.18995,20.4756,39.708490487486046,0.01072508487651902,0,0,-19.243615572362565,-19.38224385616367
762,0.19025,20.6277,39.71255883771569,0.15875673464687523,0,0,-19.243615572362565,-19.38224385616367
20687,0.19042,20.4362,39.71469893374669,-0.03488336138412507,0,0,-19.243615572362565,-19.38224385616367
2440,0.19044,20.6652,39.71418720553641,0.19462836682615148,0,0,-19.243615572362565,-19.38224385616367
16276,0.19413,20.5453,39.761277801512975,0.027637770849590737,0,0,-19.243615572362565,-19.38224385616367
2246,0.19434,20.6257,39.76296848360889,0.10634708875367593,0,0,-19.243615572362565,-19.38224385616367
20821,0.19546,20.8813,39.776666982221464,0.3482485901411003,0,0,-19.243615572362565,-19.38224385616367
1253920,0.19553,20.4581,39.777570664455325,-0.07585509209275898,0,0,-19.243615572362565,-19.38224385616367
14984,0.19557,20.6552,39.77928226522517,0.11953330713739518,0,0,-19.243615572362565,-19.38224385616367
15674,0.19568,20.705,39.78098903936882,0.16762653299374364,0,0,-19.243615572362565,-19.38224385616367
000236,0.19616,20.4758,39.7829675684645,-0.06355199610193552,0,0,-19.243615572362565,-19.38224385616367
15129,0.19621,20.5217,39.78728793434332,-0.021972361980754584,0,0,-19.243615572362565,-19.38224385616367
1298893,0.19627,20.5867,39.787430243175464,0.04288532918710075,0,0,-19.243615572362565,-19.38224385616367
1334620,0.19635,20.6397,39.78841772120404,0.09489785115852456,0,0,-19.243615572362565,-19.38224385616367
13070,0.19733,20.5488,39.80130001212662,-0.008884439764052843,0,0,-19.243615572362565,-19.38224385616367
18804,0.19741,20.4402,39.801775316346024,-0.11795974398345876,0,0,-19.243615572362565,-19.38224385616367
1302058,0.19782,20.239,39.80582721826951,-0.32321164590694806,0,0,-19.243615572362565,-19.38224385616367
15222,0.19817,20.5031,39.811526675187615,-0.06481110282505043,0,0,-19.243615572362565,-19.38224385616367
1316431,0.19828,20.6349,39.81189466450836,0.0666209078542046,0,0,-19.243615572362565,-19.38224385616367
13370,0.19861,21.0716,39.81641689306516,0.49879867929740485,0,0,-19.243615572362565,-19.38224385616367
360145,0.19877,20.6351,39.81518242832028,0.06353314404228882,0,0,-19.243615572362565,-19.38224385616367
19658,0.19878,20.636,39.818908505152926,0.0607070672096377,0,0,-19.243615572362565,-19.38224385616367
18768,0.19908,20.7686,39.82238596284559,0.18982960951697692,0,0,-19.243615572362565,-19.38224385616367
110460,0.19953,20.5981,39.82668828598702,0.015027286375545401,0,0,-19.243615572362565,-19.38224385616367
500504,0.19961,20.4234,39.82570601627618,-0.15869044391361342,0,0,-19.243615572362565,-19.38224385616367
560150,0.1997,20.6435,39.83025627565975,0.05685929670281453,0,0,-19.243615572362565,-19.38224385616367
19101,0.20077,20.4307,39.84310023006864,-0.16878465770607676,0,0,-19.243615572362565,-19.38224385616367
470232,0.20083,20.7308,39.840101205575465,0.1343143667870983,0,0,-19.243615572362565,-19.38224385616367
370308,0.20087,20.5142,39.84051249724226,-0.08269692487969493,0,0,-19.243615572362565,-19.38224385616367
590002,0.20128,20.6045,39.84472309792709,0.003392474435479187,0,0,-19.243615572362565,-19.38224385616367
13152,0.20231,20.3654,39.86167616338862,-0.2526605910260571,0,0,-19.243615572362565,-19.38224385616367
19913,0.20249,20.7419,39.863963250898955,0.12155232146361072,0,0,-19.243615572362565,-19.38224385616367
6780,0.20279,20.5843,39.86748821318959,-0.03957264082702494,0,0,-19.243615572362565,-19.38224385616367
14212,0.2032,20.7128,39.872432673935506,0.08398289842705964,0,0,-19.243615572362565,-19.38224385616367
15203,0.20329,20.6292,39.87325652508268,-0.0004409527201154617,0,0,-19.243615572362565,-19.38224385616367
16032,0.20331,20.6747,39.87266616619492,0.04564940616764801,0,0,-19.243615572362565,-19.38224385616367
7243,0.20334,20.6805,39.874088629100086,0.05002694326247692,0,0,-19.243615572362565,-19.38224385616367
15901,0.20382,20.6511,39.87917120327201,0.015544369090555676,0,0,-19.243615572362565,-19.38224385616367
18965,0.20469,20.6279,39.88999672749895,-0.018481155136388594,0,0,-19.243615572362565,-19.38224385616367
110033,0.20483,20.5897,39.89110137991293,-0.057785807550367,0,0,-19.243615572362565,-19.38224385616367
17801,0.20523,20.9131,39.8963870080459,0.26032856431666573,0,0,-19.243615572362565,-19.38224385616367
15872,0.20562,20.5596,39.900411833613404,-0.09719626125083991,0,0,-19.243615572362565,-19.38224385616367
1327978,0.20691,20.6695,39.915830704747265,-0.0027151323847007802,0,0,-19.243615572362565,-19.38224385616367
15201,0.20748,21.063,39.92321146907956,0.38340410328300223,0,0,-19.243615572362565,-19.38224385616367
1283373,0.20751,20.8195,39.92200015561736,0.14111541674520467,0,0,-19.243615572362565,-19.38224385616367
20376,0.2084,20.4769,39.933770943303614,-0.21325537094104874,0,0,-19.243615572362565,-19.38224385616367
15467,0.20856,20.6228,39.93565843134468,-0.06924285898211124,0,0,-19.243615572362565,-19.38224385616367
200132,0.20868,20.8504,39.93723909999266,0.15677647236990566,0,0,-19.243615572362565,-19.38224385616367
15259,0.2087,20.6109,39.937490511139494,-0.0829749387769283,0,0,-19.243615572362565,-19.38224385616367
140152,0.20879,20.6268,39.93473335254924,-0.06431778018667345,0,0,-19.243615572362565,-19.38224385616367
16482,0.20948,20.5883,39.94650837768653,-0.11459280532396221,0,0,-19.243615572362565,-19.38224385616367
550154,0.21015,20.8949,39.95350253911164,0.18501303325092522,0,0,-19.243615572362565,-19.38224385616367
19149,0.21037,20.2013,39.95621474895736,-0.5112991765947932,0,0,-19.243615572362565,-19.38224385616367
460105,0.21084,20.7102,39.95846404108311,-0.0046484687205463615,0,0,-19.243615572362565,-19.38224385616367
14157,0.21095,20.553,39.96222915898988,-0.16561358662731251,0,0,-19.243615572362565,-19.38224385616367
18940,0.21114,20.7022,39.96562510005652,-0.01980952769395472,0,0,-19.243615572362565,-19.38224385616367
1257366,0.21134,20.8885,39.966608527040606,0.16550704532195937,0,0,-19.243615572362565,-19.38224385616367
7847,0.21174,20.7146,39.97200910617393,-0.013793533811362835,0,0,-19.243615572362565,-19.38224385616367
17811,0.212,20.6606,39.975504207955765,-0.07128863559320209,0,0,-19.243615572362565,-19.38224385616367
18927,0.21225,20.6844,39.97739495725841,-0.04937938489584681,0,0,-19.243615572362565,-19.38224385616367
13305,0.2135,20.7688,39.99290675491329,0.01950881744927102,0,0,-19.243615572362565,-19.38224385616367
8495,0.21365,20.7554,39.994656887086165,0.00435868527640082,0,0,-19.243615572362565,-19.38224385616367
6933,0.21398,20.6344,39.99822847241739,-0.12021290005482399,0,0,-19.243615572362565,-19.38224385616367
110567,0.2144,20.7649,40.001729989537175,0.006785582825390435,0,0,-19.243615572362565,-19.38224385616367
1249851,0.21507,20.6295,40.0092619105404,-0.13614633817783783,0,0,-19.243615572362565,-19.38224385616367
14019,0.21521,21.2111,40.01217303615668,0.442542536205881,0,0,-19.243615572362565,-19.38224385616367
1316,0.21578,20.9723,40.01888513563583,0.19703043672673815,0,0,-19.243615572362565,-19.38224385616367
100206,0.2165,20.5723,40.0255453965641,-0.2096298242015351,0,0,-19.243615572362565,-19.38224385616367
17435,0.21689,20.8142,40.03103275121863,0.026782821143932267,0,0,-19.243615572362565,-19.38224385616367
7473,0.21692,20.8402,40.0316739320881,0.052141640274466994,0,0,-19.243615572362565,-19.38224385616367
20364,0.21742,20.8865,40.03687503553164,0.0932405368309297,0,0,-19.243615572362565,-19.38224385616367
13641,0.21794,20.7412,40.04328663169634,-0.058471059333776054,0,0,-19.243615572362565,-19.38224385616367
1290816,0.21845,20.9686,40.047418420838646,0.16479715152391705,0,0,-19.243615572362565,-19.38224385616367
1304678,0.21881,20.8886,40.051429008248704,0.0807865641138612,0,0,-19.243615572362565,-19.38224385616367
9467,0.21897,20.9395,40.05471290141331,0.12840267094925295,0,0,-19.243615572362565,-19.38224385616367
5533,0.21898,20.8762,40.054824640670134,0.06499093169243153,0,0,-19.243615572362565,-19.38224385616367
1342255,0.21899,20.7766,40.053993050461244,-0.03377747809868126,0,0,-19.243615572362565,-19.38224385616367
1302187,0.21941,20.7518,40.058218796164546,-0.062803223801982,0,0,-19.243615572362565,-19.38224385616367
15433,0.2195,20.8568,40.06041473369734,0.04000083866522175,0,0,-19.243615572362565,-19.38224385616367
000220,0.21972,20.8086,40.0584151890051,-0.006199616642540207,0,0,-19.243615572362565,-19.38224385616367
18466,0.21978,20.8352,40.06253825191533,0.016277320447237287,0,0,-19.243615572362565,-19.38224385616367
14331,0.2199,20.9857,40.06501271215004,0.16430286021252272,0,0,-19.243615572362565,-19.38224385616367
19230,0.22017,20.6698,40.06814058403278,-0.15472501167021946,0,0,-19.243615572362565,-19.38224385616367
7512,0.22066,20.9346,40.07217842518459,0.1060371471779753,0,0,-19.243615572362565,-19.38224385616367
15354,0.22083,20.8268,40.07536160471497,-0.004946032352407315,0,0,-19.243615572362565,-19.38224385616367
370098,0.22132,20.7911,40.07618391368591,-0.04146834132334476,0,0,-19.243615572362565,-19.38224385616367
480464,0.22132,20.8058,40.07618391368591,-0.026768341323343492,0,0,-19.243615572362565,-19.38224385616367
1331123,0.2215,20.9407,40.082264993372064,0.10205057899050018,0,0,-19.243615572362565,-19.38224385616367
13025,0.22299,21.0727,40.0993818529888,0.21693371937376682,0,0,-19.243615572362565,-19.38224385616367
14846,0.22349,20.8981,40.10469364232922,0.03702193003334742,0,0,-19.243615572362565,-19.38224385616367
330083,0.22385,20.7632,40.10487793958034,-0.09806236721777495,0,0,-19.243615572362565,-19.38224385616367
1304442,0.22449,20.8763,40.114291672151964,0.005623900210601107,0,0,-19.243615572362565,-19.38224385616367
550096,0.22449,20.6919,40.114291672151964,-0.178776099789399,0,0,-19.243615572362565,-19.38224385616367
1292560,0.22493,20.8596,40.11976700120099,-0.016551428838425863,0,0,-19.243615572362565,-19.38224385616367
030066,0.22542,20.8961,40.121187627309055,0.018527945053509853,0,0,-19.243615572362565,-19.38224385616367
13727,0.22543,20.8799,40.12577986951494,-0.002264297152379413,0,0,-19.243615572362565,-19.38224385616367
15229,0.22551,20.9326,40.12679188190478,0.04942369045778605,0,0,-19.243615572362565,-19.38224385616367
020096,0.22578,20.7335,40.126060838106945,-0.1489452657443806,0,0,-19.243615572362565,-19.38224385616367
19992,0.22645,21.1382,40.13710345174203,0.24471212062053738,0,0,-19.243615572362565,-19.38224385616367
1315192,0.22726,20.844,40.14478806785649,-0.05717249549392278,0,0,-19.243615572362565,-19.38224385616367
1315259,0.22818,20.9706,40.154778244614526,0.05943732774803934,0,0,-19.243615572362565,-19.38224385616367
180561,0.22865,20.9074,40.160838257101936,-0.009822684739372534,0,0,-19.243615572362565,-19.38224385616367
13072,0.22928,20.9699,40.16759669786796,0.045918874494606854,0,0,-19.243615572362565,-19.38224385616367
3452,0.22978,20.8821,40.17296615357331,-0.0472505812107471,0,0,-19.243615572362565,-19.38224385616367
21033,0.2302,20.8753,40.176818638419974,-0.0579030660574098,0,0,-19.243615572362565,-19.38224385616367
000006,0.23041,21.0532,40.178160136610416,0.11865543575214943,0,0,-19.243615572362565,-19.38224385616367
040780,0.23082,20.8187,40.18127777956123,-0.11896220719866335,0,0,-19.243615572362565,-19.38224385616367
19008,0.23086,20.8519,40.184454701427,-0.08893912906443546,0,0,-19.243615572362565,-19.38224385616367
360140,0.23092,21.0428,40.18110730727233,0.10530826509023683,0,0,-19.243615572362565,-19.38224385616367
17875,0.23125,21.0639,40.18821635869941,0.1192992136631581,0,0,-19.243615572362565,-19.38224385616367
430004,0.23162,20.948,40.192605069458416,-0.0009894970958512772,0,0,-19.243615572362565,-19.38224385616367
1302648,0.23164,20.8345,40.192059955322925,-0.11394438296036213,0,0,-19.243615572362565,-19.38224385616367
1275946,0.23205,20.9515,40.19640876717976,-0.0012931948171974739,0,0,-19.243615572362565,-19.38224385616367
15369,0.23282,20.5811,40.20531364122836,-0.38059806886579395,0,0,-19.243615572362565,-19.38224385616367
1292336,0.23367,20.9327,40.21324188597055,-0.0369263136079816,0,0,-19.243615572362565,-19.38224385616367
350047,0.23378,21.1618,40.21163686210892,0.19377871025364612,0,0,-19.243615572362565,-19.38224385616367
1336687,0.23391,20.9258,40.21594413537564,-0.04652856301308006,0,0,-19.243615572362565,-19.38224385616367
12971,0.23395,20.8859,40.21706827601482,-0.08755270365225698,0,0,-19.243615572362565,-19.38224385616367
110536,0.23472,20.9382,40.223732307215926,-0.04191673485336267,0,0,-19.243615572362565,-19.38224385616367
1279500,0.23481,21.0254,40.22536160181424,0.04365397054832343,0,0,-19.243615572362565,-19.38224385616367
1319366,0.23494,20.905,40.22656617896237,-0.07795060659980635,0,0,-19.243615572362565,-19.38224385616367
1298281,0.2352,20.9099,40.22932452736275,-0.07580895500018414,0,0,-19.243615572362565,-19.38224385616367
19341,0.23556,20.9806,40.233793180167226,-0.00957760780466188,0,0,-19.243615572362565,-19.38224385616367
15287,0.23639,21.1275,40.242613701331244,0.1285018710313217,0,0,-19.243615572362565,-19.38224385616367
310574,0.23662,21.0106,40.24516711622066,0.00904845614190819,0,0,-19.243615572362565,-19.38224385616367
13511,0.23664,21.2144,40.24435776063716,0.2136578117254082,0,0,-19.243615572362565,-19.38224385616367
12881,0.23685,20.866,40.24735004922682,-0.137734476864253,0,0,-19.243615572362565,-19.38224385616367
16350,0.23693,20.9749,40.24823471189897,-0.029719139536400263,0,0,-19.243615572362565,-19.38224385616367
1317277,0.23721,20.9715,40.25044319446086,-0.03532762209829343,0,0,-19.243615572362565,-19.38224385616367
20768,0.23746,21.4835,40.2528811557803,0.47423441658226295,0,0,-19.243615572362565,-19.38224385616367
17884,0.23789,20.9787,40.257760615265134,-0.03544504290256967,0,0,-19.243615572362565,-19.38224385616367
470008,0.2395,20.6529,40.27344432507729,-0.37692875271472914,0,0,-19.243615572362565,-19.38224385616367
18486,0.23981,20.877,40.276617080927046,-0.1560015085644828,0,0,-19.243615572362565,-19.38224385616367
510251,0.2402,21.1317,40.27941747121006,0.0958981011525033,0,0,-19.243615572362565,-19.38224385616367
580300,0.24085,21.1486,40.284947590974646,0.10726798138791693,0,0,-19.243615572362565,-19.38224385616367
510550,0.24122,21.0761,40.28983889292181,0.02987667944075767,0,0,-19.243615572362565,-19.38224385616367
460064,0.24151,20.8684,40.29404625083717,-0.18203067847460375,0,0,-19.243615572362565,-19.38224385616367
17223,0.24164,20.919,40.29637058908958,-0.13375501672701162,0,0,-19.243615572362565,-19.38224385616367
14481,0.2422,21.311,40.30257312722753,0.25204244513503227,0,0,-19.243615572362565,-19.38224385616367
20111,0.2428,21.1687,40.308768466986706,0.10354710537585987,0,0,-19.243615572362565,-19.38224385616367
480064,0.24284,21.3204,40.305279827061796,0.25873574530076837,0,0,-19.243615572362565,-19.38224385616367
20088,0.24329,20.9986,40.31348476911039,-0.07126919674782428,0,0,-19.243615572362565,-19.38224385616367
13506,0.24354,21.285,40.31574205297304,0.2128735193895217,0,0,-19.243615572362565,-19.38224385616367
19023,0.2441,21.0426,40.321449767727024,-0.03523419536445971,0,0,-19.243615572362565,-19.38224385616367
15466,0.24444,20.9534,40.325114870075375,-0.12809929771281148,0,0,-19.243615572362565,-19.38224385616367
3377,0.24459,20.8733,40.3253750656351,-0.2084594932725352,0,0,-19.243615572362565,-19.38224385616367
000174,0.24511,21.0806,40.32832054334685,-0.004104970984283085,0,0,-19.243615572362565,-19.38224385616367
420407,0.24523,21.2427,40.333331024138815,0.15298454822374907,0,0,-19.243615572362565,-19.38224385616367
20039,0.24553,21.1052,40.33619565317462,0.012619919187944362,0,0,-19.243615572362565,-19.38224385616367
000010,0.24585,21.1788,40.334830459689485,0.08758511267307867,0,0,-19.243615572362565,-19.38224385616367
13835,0.24617,21.0943,40.342699395482754,-0.004783823120188657,0,0,-19.243615572362565,-19.38224385616367
15219,0.2465,21.125,40.34531496218881,0.023300610173755842,0,0,-19.243615572362565,-19.38224385616367
12977,0.24656,21.0299,40.34647357194592,-0.07295799958335536,0,0,-19.243615572362565,-19.38224385616367
05D3mq,0.2466,21.1377,40.34367029222216,0.037645280140406356,0,0,-19.243615572362565,-19.38224385616367
1334645,0.24711,20.9453,40.351373895132085,-0.16245832276952044,0,0,-19.243615572362565,-19.38224385616367
3451,0.24846,20.95,40.365701461989815,-0.17208588962725102,0,0,-19.243615572362565,-19.38224385616367
420087,0.2486,21.2382,40.36712974740744,0.11468582495512436,0,0,-19.243615572362565,-19.38224385616367
450082,0.24861,21.1746,40.36721188385769,0.051003688504874134,0,0,-19.243615572362565,-19.38224385616367
560152,0.24862,21.1127,40.367294017201225,-0.01097844483865984,0,0,-19.243615572362565,-19.38224385616367
15161,0.24865,21.0726,40.36677590574712,-0.05056033338455279,0,0,-19.243615572362565,-19.38224385616367
19990,0.24896,21.174,40.36987623270555,0.0477393396570136,0,0,-19.243615572362565,-19.38224385616367
120585,0.24909,21.0637,40.37115059886696,-0.0638350265043961,0,0,-19.243615572362565,-19.38224385616367
3199,0.24972,21.4203,40.378217894675245,0.28569767768732035,0,0,-19.243615572362565,-19.38224385616367
16106,0.24983,21.0431,40.379290521417715,-0.09257494905515173,0,0,-19.243615572362565,-19.38224385616367
15868,0.24986,21.1385,40.378702451846536,0.0034131205160292666,0,0,-19.243615572362565,-19.38224385616367
520077,0.25019,21.3435,40.38014632361066,0.20696924875190348,0,0,-19.243615572362565,-19.38224385616367
390449,0.25022,21.1234,40.38039106628135,-0.013375493918783121,0,0,-19.243615572362565,-19.38224385616367
13689,0.25043,21.1615,40.38517612306805,0.0199394492945153,0,0,-19.243615572362565,-19.38224385616367
5717,0.25051,21.3162,40.38570666660452,0.17410890575804316,0,0,-19.243615572362565,-19.38224385616367
500004,0.25063,21.0479,40.38373285394216,-0.0922172815796003,0,0,-19.243615572362565,-19.38224385616367
16213,0.2509,21.1343,40.389748791784264,-0.011833219421699681,0,0,-19.243615572362565,-19.38224385616367
17552,0.25199,21.2168,40.400484005630474,0.059931566732089436,0,0,-19.243615572362565,-19.38224385616367
310161,0.2526,21.2092,40.4066463242263,0.04616924813626255,0,0,-19.243615572362565,-19.38224385616367
9032,0.2526,21.1536,40.4066463242263,-0.009430751863735765,0,0,-19.243615572362565,-19.38224385616367
000034,0.2533,21.1158,40.41263727415837,-0.0532217017958061,0,0,-19.243615572362565,-19.38224385616367
17464,0.25358,20.7773,40.41610215561669,-0.3951865832541266,0,0,-19.243615572362565,-19.38224385616367
5736,0.25407,21.2016,40.420557953802586,0.024657618559977834,0,0,-19.243615572362565,-19.38224385616367
1336480,0.25616,21.3928,40.440283996390235,0.19613157597233055,0,0,-19.243615572362565,-19.38224385616367
1112,0.2562,21.3063,40.44174209207082,0.10817348029174667,0,0,-19.243615572362565,-19.38224385616367
17340,0.25637,21.1199,40.44233404337683,-0.07881847101426587,0,0,-19.243615572362565,-19.38224385616367
9457,0.25683,21.2493,40.447817150989906,0.045098421372660624,0,0,-19.243615572362565,-19.38224385616367
19207,0.25731,21.3246,40.45243248269044,0.11578308967212436,0,0,-19.243615572362565,-19.38224385616367
18325,0.25736,21.2411,40.45275934215281,0.031956230209754466,0,0,-19.243615572362565,-19.38224385616367
8046,0.25772,21.3558,40.455451735364726,0.14396383699783755,0,0,-19.243615572362565,-19.38224385616367
6108,0.25813,21.275,40.460293765546055,0.058321806816508115,0,0,-19.243615572362565,-19.38224385616367
550041,0.25859,21.2133,40.4647820046079,-0.007866432245332788,0,0,-19.243615572362565,-19.38224385616367
1297026,0.25865,21.257,40.464496041068266,0.036119531294300344,0,0,-19.243615572362565,-19.38224385616367
1303883,0.25904,21.2888,40.468322876512254,0.06409269585030941,0,0,-19.243615572362565,-19.38224385616367
1289664,0.25919,21.0349,40.469501607579595,-0.19098603521702984,0,0,-19.243615572362565,-19.38224385616367
1335694,0.25923,21.1725,40.46981582783139,-0.05370025546882573,0,0,-19.243615572362565,-19.38224385616367
12972,0.25948,21.2708,40.47315695006124,0.04125862230132782,0,0,-19.243615572362565,-19.38224385616367
1330426,0.25952,21.189,40.472092525237485,-0.03947695287492081,0,0,-19.243615572362565,-19.38224385616367
020176,0.26062,21.2503,40.48070306804047,0.013212504322094532,0,0,-19.243615572362565,-19.38224385616367
370498,0.26094,21.3598,40.48320069531615,0.12021487704641487,0,0,-19.243615572362565,-19.38224385616367
15440,0.26141,21.194,40.49075442895721,-0.053138856594646455,0,0,-19.243615572362565,-19.38224385616367
1337649,0.26162,21.1652,40.49259493728364,-0.08377936492107807,0,0,-19.243615572362565,-19.38224385616367
2017,0.26172,21.4344,40.49459350979331,0.18342206256925309,0,0,-19.243615572362565,-19.38224385616367
19702,0.26173,21.428,40.4934847013176,0.17813087104496717,0,0,-19.243615572362565,-19.38224385616367
1253,0.26175,21.139,40.49479235631392,-0.11217678395135877,0,0,-19.243615572362565,-19.38224385616367
13655,0.26184,21.4405,40.49485569900137,0.18925987336119476,0,0,-19.243615572362565,-19.38224385616367
18945,0.262,21.4686,40.49713034892537,0.21508522343719605,0,0,-19.243615572362565,-19.38224385616367
13956,0.26303,22.0111,40.50665887009866,0.7480567022639022,0,0,-19.243615572362565,-19.38224385616367
520019,0.26323,21.3858,40.50614262508233,0.1232729472802312,0,0,-19.243615572362565,-19.38224385616367
04D3ez,0.2636,21.1467,40.50899949919645,-0.11868392683388507,0,0,-19.243615572362565,-19.38224385616367
350235,0.26393,21.3058,40.51154386852737,0.037871703835197223,0,0,-19.243615572362565,-19.38224385616367
330022,0.26397,21.0505,40.51511628454248,-0.22100071217991513,0,0,-19.243615572362565,-19.38224385616367
12983,0.26408,21.3812,40.516667202619615,0.10814836974294906,0,0,-19.243615572362565,-19.38224385616367
2943,0.26419,21.2544,40.51766843949222,-0.019652867129654084,0,0,-19.243615572362565,-19.38224385616367
110478,0.2646,21.2623,40.52030666983118,-0.014391097468614333,0,0,-19.243615572362565,-19.38224385616367
13099,0.26463,21.4189,40.52211571308557,0.1403998592769966,0,0,-19.243615572362565,-19.38224385616367
2422,0.26582,21.3557,40.5332594722663,0.06605610009626162,0,0,-19.243615572362565,-19.38224385616367
6315,0.26583,21.0714,40.5329931875005,-0.21797761513793645,0,0,-19.243615572362565,-19.38224385616367
1334087,0.2664,21.0371,40.53772329219508,-0.2570077198325187,0,0,-19.243615572362565,-19.38224385616367
18463,0.267,21.2933,40.544007610012,-0.00709203764943922,0,0,-19.243615572362565,-19.38224385616367
1309288,0.26791,21.2573,40.5511935988894,-0.050278026526832775,0,0,-19.243615572362565,-19.38224385616367
520023,0.26818,21.2093,40.552588882299034,-0.09967330993647039,0,0,-19.243615572362565,-19.38224385616367
530037,0.26859,21.326,40.55911388400966,0.010501688352903216,0,0,-19.243615572362565,-19.38224385616367
06D3fp,0.2686,21.2023,40.55576715065005,-0.10985157828748271,0,0,-19.243615572362565,-19.38224385616367
14298,0.26887,21.3509,40.56140076835652,0.033114804006043386,0,0,-19.243615572362565,-19.38224385616367
510638,0.2702,21.3833,40.57124809075701,0.05566748160555335,0,0,-19.243615572362565,-19.38224385616367
19002,0.27021,21.2559,40.57303236097774,-0.07351678861517641,0,0,-19.243615572362565,-19.38224385616367
310051,0.27057,21.2609,40.577442695093374,-0.07292712273081037,0,0,-19.243615572362565,-19.38224385616367
160039,0.27094,21.2357,40.57679924559599,-0.09748367323342677,0,0,-19.243615572362565,-19.38224385616367
380378,0.27141,21.3147,40.58168384669689,-0.02336827433432731,0,0,-19.243615572362565,-19.38224385616367
1292332,0.27276,21.2885,40.59649502106374,-0.06437944870117462,0,0,-19.243615572362565,-19.38224385616367
15356,0.27351,21.2191,40.60436472149496,-0.14164914913239457,0,0,-19.243615572362565,-19.38224385616367
420258,0.27456,21.4869,40.613955304560804,0.11656026780175921,0,0,-19.243615572362565,-19.38224385616367
100213,0.27509,21.5239,40.61718373431623,0.15033183804633765,0,0,-19.243615572362565,-19.38224385616367
150254,0.27516,21.2756,40.61531485908213,-0.0960992867195678,0,0,-19.243615572362565,-19.38224385616367
20227,0.27585,21.4101,40.62566724582809,0.0280483265344742,0,0,-19.243615572362565,-19.38224385616367
19051,0.27631,21.4219,40.629808368262374,0.03570720410019135,0,0,-19.243615572362565,-19.38224385616367
4000,0.27668,21.5974,40.63243465694339,0.20858091541917645,0,0,-19.243615572362565,-19.38224385616367
4046,0.27776,21.3656,40.64287394797151,-0.03365837560894391,0,0,-19.243615572362565,-19.38224385616367
1297465,0.27782,21.6657,40.6418850107991,0.2674305615634651,0,0,-19.243615572362565,-19.38224385616367
5957,0.27935,21.4507,40.656315092316916,0.03800048004564971,0,0,-19.243615572362565,-19.38224385616367
6196,0.2799,21.2526,40.662042672542555,-0.16582710017998892,0,0,-19.243615572362565,-19.38224385616367
040201,0.27995,21.3134,40.65843502753428,-0.10141945517171536,0,0,-19.243615572362565,-19.38224385616367
520188,0.2806,21.4133,40.66482546499024,-0.007909892627672832,0,0,-19.243615572362565,-19.38224385616367
18485,0.28132,21.3694,40.67340071522107,-0.06038514285850738,0,0,-19.243615572362565,-19.38224385616367
1317286,0.28207,21.3456,40.68047965071422,-0.09126407835165296,0,0,-19.243615572362565,-19.38224385616367
06D3dt,0.28266,21.491,40.68309696674535,0.05151860561721122,0,0,-19.243615572362565,-19.38224385616367
15584,0.28344,21.4066,40.69234132975429,-0.04212575739172664,0,0,-19.243615572362565,-19.38224385616367
310238,0.28405,21.3205,40.69800577588968,-0.13389020352711967,0,0,-19.243615572362565,-19.38224385616367
14261,0.28446,21.2901,40.702357026447636,-0.1686414540850727,0,0,-19.243615572362565,-19.38224385616367
16072,0.28446,21.4389,40.702373913829256,-0.019858341466690632,0,0,-19.243615572362565,-19.38224385616367
17791,0.28478,21.8605,40.70522012330285,0.39889544905971164,0,0,-19.243615572362565,-19.38224385616367
440050,0.28557,21.4516,40.71216799465084,-0.01695242228827709,0,0,-19.243615572362565,-19.38224385616367
350080,0.28588,21.418,40.71098278147597,-0.04936720911340586,0,0,-19.243615572362565,-19.38224385616367
20040,0.28665,21.3859,40.72156396658246,-0.09204839421989419,0,0,-19.243615572362565,-19.38224385616367
20245,0.28734,21.3161,40.7276832068681,-0.16796763450553698,0,0,-19.243615572362565,-19.38224385616367
17809,0.28758,21.2849,40.7296385988532,-0.20112302649063452,0,0,-19.243615572362565,-19.38224385616367
19128,0.28775,21.6223,40.73123599393921,0.13467957842335565,0,0,-19.243615572362565,-19.38224385616367
1334644,0.28814,21.4545,40.73380193841244,-0.03568636604987674,0,0,-19.243615572362565,-19.38224385616367
1313594,0.28844,21.496,40.736407878253495,0.003207694109068626,0,0,-19.243615572362565,-19.38224385616367
091869,0.28854,21.4928,40.738117787121865,-0.0017022147593017678,0,0,-19.243615572362565,-19.38224385616367
2165,0.28894,21.6903,40.7412504422679,0.19266513009466735,0,0,-19.243615572362565,-19.38224385616367
2789,0.28901,21.4898,40.74221055894193,-0.00879498657936395,0,0,-19.243615572362565,-19.38224385616367
1334597,0.28905,21.4233,40.74168198119173,-0.07476640882916641,0,0,-19.243615572362565,-19.38224385616367
1310395,0.28907,21.449,40.741821598573594,-0.049206026211027876,0,0,-19.243615572362565,-19.38224385616367
350180,0.28949,21.7235,40.74475149184593,0.22236408051663403,0,0,-19.243615572362565,-19.38224385616367
1289288,0.28995,21.4863,40.74951991757153,-0.019604345208968255,0,0,-19.243615572362565,-19.38224385616367
570056,0.29008,21.4768,40.750541980853406,-0.030126408490840362,0,0,-19.243615572362565,-19.38224385616367
19596,0.29045,21.5331,40.75311347201463,0.023602100347932975,0,0,-19.243615572362565,-19.38224385616367
19027,0.29123,21.231,40.76126254082545,-0.2866469684628825,0,0,-19.243615572362565,-19.38224385616367
1291090,0.29193,21.5076,40.76659063492686,-0.015375062564292108,0,0,-19.243615572362565,-19.38224385616367
1263715,0.29196,21.5123,40.76657949436137,-0.010663921998808945,0,0,-19.243615572362565,-19.38224385616367
12841,0.29215,21.4975,40.76906650478655,-0.027950932423987496,0,0,-19.243615572362565,-19.38224385616367
390264,0.29221,21.1699,40.76697768061078,-0.3534621082482161,0,0,-19.243615572362565,-19.38224385616367
21006,0.29251,21.3848,40.771062314919234,-0.1426467425566713,0,0,-19.243615572362565,-19.38224385616367
420414,0.29256,21.4422,40.77274971673051,-0.08693414436794455,0,0,-19.243615572362565,-19.38224385616367
150509,0.29293,21.4928,40.77311468072826,-0.03669910836569912,0,0,-19.243615572362565,-19.38224385616367
130755,0.29298,21.5738,40.77228254634439,0.0451330260181706,0,0,-19.243615572362565,-19.38224385616367
6249,0.29365,21.604,40.78202274705018,0.06559282531238608,0,0,-19.243615572362565,-19.38224385616367
1303004,0.29504,21.509,40.79311205871664,-0.04049648635407266,0,0,-19.243615572362565,-19.38224385616367
19794,0.2958,21.7679,40.800369555909825,0.21114601645274078,0,0,-19.243615572362565,-19.38224385616367
580270,0.29587,21.7459,40.79709321867739,0.19242235368517413,0,0,-19.243615572362565,-19.38224385616367
1119,0.29647,21.7408,40.805862114239524,0.1785534581230408,0,0,-19.243615572362565,-19.38224385616367
13610,0.29692,21.4065,40.80976839961433,-0.15965282725176166,0,0,-19.243615572362565,-19.38224385616367
1293319,0.29695,21.4975,40.8092859359304,-0.0681703635678339,0,0,-19.243615572362565,-19.38224385616367
420196,0.29853,22.0175,40.823475165743126,0.4376404066194368,0,0,-19.243615572362565,-19.38224385616367
570025,0.29855,21.4009,40.823609922238305,-0.17909434987574002,0,0,-19.243615572362565,-19.38224385616367
6137,0.29893,21.6665,40.82633573793462,0.08377983442794346,0,0,-19.243615572362565,-19.38224385616367
10550,0.29933,21.7583,40.83021083430424,0.17170473805832387,0,0,-19.243615572362565,-19.38224385616367
120444,0.29945,21.7683,40.829664436633664,0.18225113572890095,0,0,-19.243615572362565,-19.38224385616367
14735,0.29947,21.4805,40.830533605639694,-0.10641803327713006,0,0,-19.243615572362565,-19.38224385616367
170428,0.3002,21.7307,40.83469448632618,0.13962108603638512,0,0,-19.243615572362565,-19.38224385616367
5391,0.3003,21.6265,40.83686692901699,0.03324864334557276,0,0,-19.243615572362565,-19.38224385616367
350078,0.30089,21.9199,40.83931000526891,0.32420556709364945,0,0,-19.243615572362565,-19.38224385616367
350192,0.30142,21.6055,40.84284732556407,0.0062682467984913615,0,0,-19.243615572362565,-19.38224385616367
570022,0.30152,21.8556,40.84851933532725,0.2506962370353101,0,0,-19.243615572362565,-19.38224385616367
460037,0.30251,21.6364,40.85510598602282,0.024909586339742162,0,0,-19.243615572362565,-19.38224385616367
1339002,0.30304,21.5674,40.86028823700549,-0.049272664642927566,0,0,-19.243615572362565,-19.38224385616367
150457,0.30352,21.6674,40.86130116371281,0.049714408649755626,0,0,-19.243615572362565,-19.38224385616367
7143,0.30365,21.8248,40.86622448236605,0.20219108999651425,0,0,-19.243615572362565,-19.38224385616367
1287626,0.30404,21.466,40.86856907062308,-0.15895349826051586,0,0,-19.243615572362565,-19.38224385616367
19818,0.30406,21.4522,40.8687510521258,-0.1729354797632361,0,0,-19.243615572362565,-19.38224385616367
1335717,0.30476,21.7881,40.873783638661116,0.1579319337014482,0,0,-19.243615572362565,-19.38224385616367
1259412,0.30486,21.6488,40.87532376737562,0.017091804986947068,0,0,-19.243615572362565,-19.38224385616367
12883,0.30526,21.3394,40.87910276286976,-0.29608719050719756,0,0,-19.243615572362565,-19.38224385616367
350630,0.30538,21.6524,40.876731421763154,0.01928415059941102,0,0,-19.243615572362565,-19.38224385616367
440005,0.30548,21.7511,40.87971759858074,0.11499797378182564,0,0,-19.243615572362565,-19.38224385616367
350027,0.30581,21.6921,40.880220888673364,0.05549468368920074,0,0,-19.243615572362565,-19.38224385616367
560087,0.30652,21.6429,40.88986009267802,-0.0033445203154549574,0,0,-19.243615572362565,-19.38224385616367
340334,0.30681,21.907,40.888434222772716,0.2621813495898486,0,0,-19.243615572362565,-19.38224385616367
1281668,0.30691,21.7043,40.89226138156693,0.055654190795632275,0,0,-19.243615572362565,-19.38224385616367
520062,0.30818,21.9488,40.90069222922648,0.29172334313608417,0,0,-19.243615572362565,-19.38224385616367
5966,0.30834,21.7003,40.90443723791747,0.039478334445092855,0,0,-19.243615572362565,-19.38224385616367
1319821,0.30878,21.7424,40.90673209363063,0.07928347873193431,0,0,-19.243615572362565,-19.38224385616367
6699,0.30922,21.793,40.91175782635819,0.12485774600437338,0,0,-19.243615572362565,-19.38224385616367
5844,0.30938,21.7227,40.91312596430954,0.053189608053020976,0,0,-19.243615572362565,-19.38224385616367
16211,0.30949,21.7647,40.91415320346148,0.09416236890108465,0,0,-19.243615572362565,-19.38224385616367
21042,0.30962,21.467,40.914845642535866,-0.20423007017330264,0,0,-19.243615572362565,-19.38224385616367
1300516,0.31052,21.3667,40.92167161459068,-0.31135604222811253,0,0,-19.243615572362565,-19.38224385616367
15213,0.31061,21.7432,40.92173875728765,0.06507681507491725,0,0,-19.243615572362565,-19.38224385616367
500100,0.31088,21.793,40.9214910171753,0.11512455518726483,0,0,-19.243615572362565,-19.38224385616367
000420,0.31144,21.7593,40.9250956029026,0.07781996945996283,0,0,-19.243615572362565,-19.38224385616367
1338128,0.31179,21.7847,40.93198107721415,0.09633449514841885,0,0,-19.243615572362565,-19.38224385616367
1337838,0.31203,21.6973,40.9338526304888,0.0070629418737624405,0,0,-19.243615572362565,-19.38224385616367
1263369,0.31262,21.7035,40.938345474774465,0.00877009758809777,0,0,-19.243615572362565,-19.38224385616367
1294743,0.31267,21.7822,40.938996218203044,0.08681935415951969,0,0,-19.243615572362565,-19.38224385616367
20142,0.3127,21.3709,40.939634535446324,-0.3251189630837601,0,0,-19.243615572362565,-19.38224385616367
1283878,0.31296,21.7665,40.94129820976369,0.06881736259887816,0,0,-19.243615572362565,-19.38224385616367
1341894,0.31303,21.7531,40.94192763380284,0.054787938559723415,0,0,-19.243615572362565,-19.38224385616367
19632,0.31387,21.7698,40.948512948137406,0.06490262422515869,0,0,-19.243615572362565,-19.38224385616367
530112,0.31453,21.8721,40.95477900220004,0.16093657016252294,0,0,-19.243615572362565,-19.38224385616367
15383,0.31506,21.7664,40.95824554591417,0.051770026448398454,0,0,-19.243615572362565,-19.38224385616367
6649,0.3152,21.6307,40.95936495473424,-0.08504938237167536,0,0,-19.243615572362565,-19.38224385616367
110716,0.31588,21.9503,40.961693578236705,0.2322219941258581,0,0,-19.243615572362565,-19.38224385616367
15776,0.31593,21.68,40.96524421486508,-0.0416286425025163,0,0,-19.243615572362565,-19.38224385616367
6100,0.31623,21.9449,40.968361476534405,0.22015409582816048,0,0,-19.243615572362565,-19.38224385616367
100163,0.31782,21.8208,40.98019680304844,0.08421876931411987,0,0,-19.243615572362565,-19.38224385616367
1345553,0.31804,21.8242,40.98194155207301,0.08587402028955538,0,0,-19.243615572362565,-19.38224385616367
080646,0.31822,21.7669,40.984190955528774,0.02632461683379006,0,0,-19.243615572362565,-19.38224385616367
550059,0.3185,22.0815,40.98644148507655,0.3386740872860159,0,0,-19.243615572362565,-19.38224385616367
310188,0.31901,21.888,40.989636987525884,0.14197858483668213,0,0,-19.243615572362565,-19.38224385616367
440509,0.31901,21.6411,40.989636987525884,-0.10492141516331799,0,0,-19.243615572362565,-19.38224385616367
170078,0.32096,21.9785,41.00180252641193,0.22031304595063617,0,0,-19.243615572362565,-19.38224385616367
330128,0.32104,21.7016,41.005587475309945,-0.06037190294738082,0,0,-19.243615572362565,-19.38224385616367
1266657,0.32118,21.9391,41.006457389988995,0.17625818237356938,0,0,-19.243615572362565,-19.38224385616367
120085,0.32206,21.4741,41.00961543315579,-0.2918998607932224,0,0,-19.243615572362565,-19.38224385616367
580104,0.32223,21.6098,41.014938969315835,-0.161523396953271,0,0,-19.243615572362565,-19.38224385616367
1261579,0.32223,21.6244,41.014938969315835,-0.1469233969532695,0,0,-19.243615572362565,-19.38224385616367
7475,0.32276,21.6786,41.01985709296214,-0.09764152059957709,0,0,-19.243615572362565,-19.38224385616367
05D2ab,0.32446,21.8169,41.02836108662721,0.03215448573535795,0,0,-19.243615572362565,-19.38224385616367
050291,0.32548,21.9743,41.03838685785595,0.1795287145066169,0,0,-19.243615572362565,-19.38224385616367
500301,0.3256,22.0095,41.03862951231274,0.2144860600498255,0,0,-19.243615572362565,-19.38224385616367
18617,0.3258,21.9109,41.04365145101869,0.11086412134387658,0,0,-19.243615572362565,-19.38224385616367
1305626,0.32581,21.7948,41.04286171221747,-0.004446139854909603,0,0,-19.243615572362565,-19.38224385616367
1308326,0.32632,21.7974,41.046582352482275,-0.005566780119711012,0,0,-19.243615572362565,-19.38224385616367
14456,0.32804,21.7472,41.06095511194824,-0.07013953958567498,0,0,-19.243615572362565,-19.38224385616367
050303,0.32842,22.0549,41.06103661570285,0.23747895665971797,0,0,-19.243615572362565,-19.38224385616367
530219,0.32848,22.098,41.06434098006652,0.27727459229604534,0,0,-19.243615572362565,-19.38224385616367
430003,0.32851,21.681,41.064522707220135,-0.13990713485756956,0,0,-19.243615572362565,-19.38224385616367
1337687,0.32868,21.8186,41.06419643341113,-0.001980861048561877,0,0,-19.243615572362565,-19.38224385616367
1306073,0.32868,21.847,41.06496413929692,0.02565143306564721,0,0,-19.243615572362565,-19.38224385616367
6924,0.32871,21.6746,41.06606008524907,-0.14784451288650402,0,0,-19.243615572362565,-19.38224385616367
1316465,0.32907,21.8036,41.06727445251537,-0.020058880152806324,0,0,-19.243615572362565,-19.38224385616367
13934,0.32941,22.1579,41.07148335916922,0.33003221319334486,0,0,-19.243615572362565,-19.38224385616367
540163,0.32952,21.9861,41.071445820074025,0.15826975228853968,0,0,-19.243615572362565,-19.38224385616367
1301933,0.32968,21.8501,41.07265601900441,0.021059553358153238,0,0,-19.243615572362565,-19.38224385616367
13830,0.32995,21.5914,41.07562189843906,-0.24060632607649524,0,0,-19.243615572362565,-19.38224385616367
120369,0.33047,21.9776,41.07472120613582,0.14649436622674372,0,0,-19.243615572362565,-19.38224385616367
1338675,0.33056,21.9144,41.079392449199744,0.07862312316282072,0,0,-19.243615572362565,-19.38224385616367
4241,0.33063,21.9159,41.08057972064395,0.07893585171861872,0,0,-19.243615572362565,-19.38224385616367
480184,0.33089,21.9056,41.0788795267561,0.07033604560646722,0,0,-19.243615572362565,-19.38224385616367
370394,0.3309,21.743,41.07893960912743,-0.09232403676486811,0,0,-19.243615572362565,-19.38224385616367
03D1fc,0.33103,21.7568,41.08298338951716,-0.08256781715459738,0,0,-19.243615572362565,-19.38224385616367
580235,0.33147,21.7771,41.082360643353944,-0.0616450709913785,0,0,-19.243615572362565,-19.38224385616367
20106,0.33147,21.9805,41.08725318558781,0.1368623867747516,0,0,-19.243615572362565,-19.38224385616367
370344,0.33147,21.8482,41.082360643353944,0.009454929008619217,0,0,-19.243615572362565,-19.38224385616367
470041,0.33189,21.7619,41.0865091303626,-0.08099355800003494,0,0,-19.243615572362565,-19.38224385616367
1306141,0.33237,21.724,41.092413075064904,-0.12479750270233936,0,0,-19.243615572362565,-19.38224385616367
130862,0.33298,22.0769,41.09465410862446,0.22586146373810223,0,0,-19.243615572362565,-19.38224385616367
1309492,0.3335,21.7495,41.10106011269124,-0.10794454032867762,0,0,-19.243615572362565,-19.38224385616367
1346956,0.3335,21.7836,41.10101127952798,-0.0737957071654165,0,0,-19.243615572362565,-19.38224385616367
16093,0.3345,21.8674,41.11025768873386,0.0007578836287045476,0,0,-19.243615572362565,-19.38224385616367
500511,0.33498,21.7721,41.10980198019017,-0.09408640782760713,0,0,-19.243615572362565,-19.38224385616367
1346966,0.3351,21.7712,41.11308313875003,-0.09826756638746303,0,0,-19.243615572362565,-19.38224385616367
1314897,0.33671,21.7837,41.126020110578324,-0.09870453821575964,0,0,-19.243615572362565,-19.38224385616367
470015,0.33749,21.9148,41.13111175647337,0.02730381588919073,0,0,-19.243615572362565,-19.38224385616367
040782,0.33751,21.7568,41.13009290448208,-0.12967733211952037,0,0,-19.243615572362565,-19.38224385616367
04D3kr,0.33762,21.8947,41.13025170417545,0.00806386818711502,0,0,-19.243615572362565,-19.38224385616367
1300912,0.33778,21.9007,41.13336623279751,0.01094933956505173,0,0,-19.243615572362565,-19.38224385616367
380318,0.33818,21.892,41.13304974100434,0.0025658313582219705,0,0,-19.243615572362565,-19.38224385616367
580276,0.33848,21.8601,41.13854044860008,-0.03482487623751851,0,0,-19.243615572362565,-19.38224385616367
1343337,0.33897,21.8025,41.14216923933776,-0.09605366697519813,0,0,-19.243615572362565,-19.38224385616367
04D3nh,0.34061,21.9207,41.15258879988764,0.01172677247492615,0,0,-19.243615572362565,-19.38224385616367
320258,0.34098,21.8057,41.15797716765776,-0.10866159529519592,0,0,-19.243615572362565,-19.38224385616367
2533,0.34111,21.8111,41.15905537139843,-0.10433979903586632,0,0,-19.243615572362565,-19.38224385616367
1336009,0.34169,21.9592,41.16322713649237,0.039588435870197,0,0,-19.243615572362565,-19.38224385616367
1346387,0.34446,22.0551,41.18291574804401,0.11579982431855385,0,0,-19.243615572362565,-19.38224385616367
350606,0.34448,22.0384,41.18303055315332,0.09898501920924119,0,0,-19.243615572362565,-19.38224385616367
1329312,0.34487,21.9803,41.18665533467401,0.037260237688556685,0,0,-19.243615572362565,-19.38224385616367
470110,0.34545,21.9503,41.190202511507735,0.003713060854828143,0,0,-19.243615572362565,-19.38224385616367
03D1bp,0.34602,22.0788,41.19507300647405,0.12734256588851878,0,0,-19.243615572362565,-19.38224385616367
310090,0.34696,22.1633,41.202848881981836,0.20406669038072778,0,0,-19.243615572362565,-19.38224385616367
050301,0.34717,21.8644,41.20162701426085,-0.09361144189828607,0,0,-19.243615572362565,-19.38224385616367
330089,0.34881,22.1191,41.21544000809969,0.14727556426287336,0,0,-19.243615572362565,-19.38224385616367
160198,0.3491,21.9969,41.215631680429404,0.024883891933161095,0,0,-19.243615572362565,-19.38224385616367
1258906,0.34912,22.029,41.21772387813901,0.05489169422355289,0,0,-19.243615572362565,-19.38224385616367
070955,0.34932,21.8876,41.217196667923204,-0.0859810955606406,0,0,-19.243615572362565,-19.38224385616367
380279,0.34939,21.9503,41.21565968958923,-0.02174411722666747,0,0,-19.243615572362565,-19.38224385616367
04D2mc,0.34949,21.752,41.2163854685223,-0.22076989615973375,0,0,-19.243615572362565,-19.38224385616367
05D2ie,0.34949,22.1226,41.2163854685223,0.14983010384026585,0,0,-19.243615572362565,-19.38224385616367
440185,0.34949,21.8996,41.21960485000082,-0.0763892776382562,0,0,-19.243615572362565,-19.38224385616367
20186,0.34968,22.2343,41.22260634130929,0.2553092310532783,0,0,-19.243615572362565,-19.38224385616367
1248677,0.35015,21.9337,41.224403983204354,-0.04708841084178772,0,0,-19.243615572362565,-19.38224385616367
000196,0.35059,21.9812,41.22435518849109,0.00046038387147717685,0,0,-19.243615572362565,-19.38224385616367
050296,0.35099,22.0002,41.229338281473645,0.01447729088891947,0,0,-19.243615572362565,-19.38224385616367
05D2hc,0.35149,22.2268,41.230858337160115,0.23955723520245087,0,0,-19.243615572362565,-19.38224385616367
120400,0.35149,22.0813,41.230858337160115,0.09405723520244891,0,0,-19.243615572362565,-19.38224385616367
160197,0.35372,22.1127,41.248941982212486,0.10737359015007897,0,0,-19.243615572362565,-19.38224385616367
05D2mp,0.35519,22.2117,41.25742794936338,0.1978876229991826,0,0,-19.243615572362565,-19.38224385616367
1688,0.35774,22.1044,41.28024085605391,0.06777471630865506,0,0,-19.243615572362565,-19.38224385616367
1334423,0.358,22.1009,41.28122189390679,0.06329367845577494,0,0,-19.243615572362565,-19.38224385616367
04D3fk,0.35842,21.9893,41.28180006225776,-0.048884489895193894,0,0,-19.243615572362565,-19.38224385616367
04D2fs,0.3585,21.8954,41.28095898840468,-0.14194341604211402,0,0,-19.243615572362565,-19.38224385616367
1280217,0.35909,21.9002,41.2889857507745,-0.14517017841193436,0,0,-19.243615572362565,-19.38224385616367
160070,0.35909,22.1899,41.287228702129255,0.1462868702333111,0,0,-19.243615572362565,-19.38224385616367
1307830,0.35946,22.1683,41.29100921363101,0.1209063587315562,0,0,-19.243615572362565,-19.38224385616367
050293,0.36017,21.934,41.29488521111437,-0.11726963875180374,0,0,-19.243615572362565,-19.38224385616367
160126,0.36034,21.8261,41.295013495886174,-0.225297923523609,0,0,-19.243615572362565,-19.38224385616367
470244,0.36091,22.1798,41.298915714060186,0.12449985830237864,0,0,-19.243615572362565,-19.38224385616367
420417,0.36147,21.8629,41.306744235723286,-0.20022866336072198,0,0,-19.243615572362565,-19.38224385616367
1294014,0.3628,21.9922,41.31501839110038,-0.07920281873781576,0,0,-19.243615572362565,-19.38224385616367
1346137,0.36325,22.111,41.31764103492327,0.036974537439295574,0,0,-19.243615572362565,-19.38224385616367
560121,0.36499,22.2096,41.330526507136625,0.12268906522593781,0,0,-19.243615572362565,-19.38224385616367
100358,0.36623,21.883,41.340031401729334,-0.21341582936677028,0,0,-19.243615572362565,-19.38224385616367
190209,0.36656,21.9797,41.34227185288226,-0.11895628051969709,0,0,-19.243615572362565,-19.38224385616367
1308582,0.36713,21.9558,41.345346417836,-0.14593084547343338,0,0,-19.243615572362565,-19.38224385616367
350083,0.3679,22.0097,41.347669885711724,-0.09435431334916089,0,0,-19.243615572362565,-19.38224385616367
04D1hd,0.36799,22.2169,41.3513234045073,0.10919216785526586,0,0,-19.243615572362565,-19.38224385616367
1343533,0.36839,22.2949,41.354194997064205,0.18432057529835788,0,0,-19.243615572362565,-19.38224385616367
1283936,0.36857,22.21,41.35535709905025,0.0982584733123133,0,0,-19.243615572362565,-19.38224385616367
15704,0.36962,22.1968,41.362428374042324,0.07798719832024048,0,0,-19.243615572362565,-19.38224385616367
18091,0.36987,21.9655,41.36468539246318,-0.1555698201006166,0,0,-19.243615572362565,-19.38224385616367
510578,0.37023,22.1264,41.36478168785731,0.005233884505255304,0,0,-19.243615572362565,-19.38224385616367
04D2cf,0.37052,22.1229,41.36472718773362,0.001788384628945039,0,0,-19.243615572362565,-19.38224385616367
05D4bm,0.37053,22.1303,41.36953326363286,0.0043823087297028,0,0,-19.243615572362565,-19.38224385616367
13136,0.37057,22.3865,41.36983924995087,0.26027632241169485,0,0,-19.243615572362565,-19.38224385616367
05D3jr,0.37062,22.02,41.36684032232475,-0.10322474996218389,0,0,-19.243615572362565,-19.38224385616367
390471,0.37062,21.8168,41.36684032232475,-0.30642474996218283,0,0,-19.243615572362565,-19.38224385616367
320469,0.37095,22.1568,41.371748014934745,0.0286675574278199,0,0,-19.243615572362565,-19.38224385616367
1291957,0.37138,22.081,41.37470872991979,-0.050093157557224544,0,0,-19.243615572362565,-19.38224385616367
000199,0.37153,22.1312,41.371634005668156,0.0031815666944083887,0,0,-19.243615572362565,-19.38224385616367
05D4fo,0.37153,22.1759,41.37638385606989,0.04313171629267032,0,0,-19.243615572362565,-19.38224385616367
05D4cw,0.37353,22.0584,41.39003223717617,-0.08801666481360826,0,0,-19.243615572362565,-19.38224385616367
16232,0.37436,22.2192,41.395517869239164,0.06729770312340122,0,0,-19.243615572362565,-19.38224385616367
1299643,0.37676,22.1625,41.41041406058733,-0.004298488224762309,0,0,-19.243615572362565,-19.38224385616367
1282736,0.37805,22.1068,41.41992865582944,-0.06951308346687313,0,0,-19.243615572362565,-19.38224385616367
590031,0.37852,22.1741,41.41907195946479,-0.0013563871022235219,0,0,-19.243615572362565,-19.38224385616367
7779,0.37991,22.0429,41.43282415720844,-0.1463085848458725,0,0,-19.243615572362565,-19.38224385616367
320099,0.37997,22.1624,41.43281721812224,-0.026801645759672255,0,0,-19.243615572362565,-19.38224385616367
500057,0.38061,22.2084,41.43452039834352,0.01749517401904299,0,0,-19.243615572362565,-19.38224385616367
110425,0.38092,22.1981,41.43610500428818,0.005610568074384759,0,0,-19.243615572362565,-19.38224385616367
1299785,0.38129,22.2019,41.440856200731034,0.0046593716315292966,0,0,-19.243615572362565,-19.38224385616367
000011,0.38153,22.4245,41.4392186967497,0.22889687561286465,0,0,-19.243615572362565,-19.38224385616367
040150,0.38185,22.3085,41.44242264936253,0.1096929230000363,0,0,-19.243615572362565,-19.38224385616367
580275,0.38248,22.1196,41.44877171409786,-0.08555614173529591,0,0,-19.243615572362565,-19.38224385616367
1343401,0.38291,22.1148,41.452479139719976,-0.09406356735741284,0,0,-19.243615572362565,-19.38224385616367
1281886,0.38402,22.2652,41.459611985910854,0.049203586451710635,0,0,-19.243615572362565,-19.38224385616367
360139,0.386,22.2687,41.46971197999275,0.042603592369811594,0,0,-19.243615572362565,-19.38224385616367
1338170,0.38672,22.1261,41.477715310913155,-0.10799973855058909,0,0,-19.243615572362565,-19.38224385616367
550218,0.38744,22.3037,41.483202173936554,0.06411339842600938,0,0,-19.243615572362565,-19.38224385616367
050251,0.38781,22.3772,41.48223835098082,0.1385772213817411,0,0,-19.243615572362565,-19.38224385616367
420352,0.38895,22.13,41.4923103349729,-0.1186947626103354,0,0,-19.243615572362565,-19.38224385616367
1290779,0.38949,22.291,41.49500035060448,0.03961522175808696,0,0,-19.243615572362565,-19.38224385616367
120086,0.39255,22.2212,41.511722668982316,-0.04690709661975134,0,0,-19.243615572362565,-19.38224385616367
1291794,0.3951,22.2147,41.53141960315986,-0.0731040307972961,0,0,-19.243615572362565,-19.38224385616367
1296273,0.39706,22.006,41.544715145717916,-0.2950995733553512,0,0,-19.243615572362565,-19.38224385616367
1333438,0.39944,22.4589,41.559358639057706,0.14315693330485857,0,0,-19.243615572362565,-19.38224385616367
05D4ff,0.4005,22.2388,41.56757168884272,-0.08515611648015309,0,0,-19.243615572362565,-19.38224385616367
110734,0.40221,22.2265,41.57470190606634,-0.10458633370377157,0,0,-19.243615572362565,-19.38224385616367
580312,0.40293,22.2948,41.5823283581518,-0.04391278578923519,0,0,-19.243615572362565,-19.38224385616367
1329615,0.40368,22.363,41.5870548207103,0.01956075165226423,0,0,-19.243615572362565,-19.38224385616367
06D3ed,0.40463,22.4217,41.590436884460644,0.07487868790192209,0,0,-19.243615572362565,-19.38224385616367
350050,0.40483,22.0843,41.59138815678591,-0.2634725844233472,0,0,-19.243615572362565,-19.38224385616367
05D4dt,0.4055,22.5277,41.59920594841565,0.17210962394691265,0,0,-19.243615572362565,-19.38224385616367
1308314,0.40646,22.4384,41.60375538254137,0.07826018982119365,0,0,-19.243615572362565,-19.38224385616367
1341370,0.40895,22.4472,41.62012127818912,0.07069429417344608,0,0,-19.243615572362565,-19.38224385616367
1306390,0.4092,22.4875,41.62143390537207,0.1096816669904932,0,0,-19.243615572362565,-19.38224385616367
450339,0.40935,22.4531,41.62261529718079,0.07410027518177031,0,0,-19.243615572362565,-19.38224385616367
06D4cq,0.40949,22.4254,41.62419578517535,0.0448197871872118,0,0,-19.243615572362565,-19.38224385616367
020090,0.41004,22.4306,41.62430985057068,0.04990572179188035,0,0,-19.243615572362565,-19.38224385616367
1307277,0.41123,22.409,41.63412135345213,0.018494218910433347,0,0,-19.243615572362565,-19.38224385616367
530251,0.4114,22.5805,41.63620587441156,0.18790969795100665,0,0,-19.243615572362565,-19.38224385616367
520071,0.41161,22.5601,41.634109426563995,0.1696061457985678,0,0,-19.243615572362565,-19.38224385616367
1315296,0.41266,22.5363,41.64304066355341,0.1368749088091583,0,0,-19.243615572362565,-19.38224385616367
04D2fp,0.41657,22.4765,41.66321466261151,0.05690090975105733,0,0,-19.243615572362565,-19.38224385616367
05D2dw,0.41857,22.3644,41.67544668871692,-0.06743111635435284,0,0,-19.243615572362565,-19.38224385616367
440162,0.41936,22.4333,41.68517351625577,-0.00825794389320933,0,0,-19.243615572362565,-19.38224385616367
550137,0.41939,22.2074,41.685310295001216,-0.23429472263865136,0,0,-19.243615572362565,-19.38224385616367
1289600,0.4196,22.6132,41.68502919419047,0.17178637817209363,0,0,-19.243615572362565,-19.38224385616367
05D3cf,0.41965,22.5451,41.68343667846112,0.10527889390144551,0,0,-19.243615572362565,-19.38224385616367
1340454,0.41995,22.1864,41.68705108104079,-0.25703550867822855,0,0,-19.243615572362565,-19.38224385616367
550202,0.42036,22.5813,41.69125365834321,0.13366191401935623,0,0,-19.243615572362565,-19.38224385616367
1306626,0.42088,22.3648,41.69269943673257,-0.08428386437000412,0,0,-19.243615572362565,-19.38224385616367
110430,0.42094,22.475,41.69083197207884,0.027783600283726173,0,0,-19.243615572362565,-19.38224385616367
1306991,0.42195,22.2806,41.70008365583665,-0.17586808347408578,0,0,-19.243615572362565,-19.38224385616367
04D4gg,0.42247,22.3953,41.70386908550762,-0.06495351314505626,0,0,-19.243615572362565,-19.38224385616367
1345594,0.42249,22.4266,41.703349425389334,-0.033133853026768634,0,0,-19.243615572362565,-19.38224385616367
490037,0.42348,22.3425,41.70522189005453,-0.11910631769196556,0,0,-19.243615572362565,-19.38224385616367
160200,0.4236,22.5873,41.70805198829491,0.12286358406765174,0,0,-19.243615572362565,-19.38224385616367
1302523,0.42399,22.4734,41.71232347912253,0.004692093240034723,0,0,-19.243615572362565,-19.38224385616367
1312274,0.42459,22.4953,41.715721583503104,0.023193988859461,0,0,-19.243615572362565,-19.38224385616367
1295027,0.42568,22.4509,41.72251327941294,-0.02799770705037119,0,0,-19.243615572362565,-19.38224385616367
1258940,0.42602,22.4987,41.72430905431682,0.018006518045744713,0,0,-19.243615572362565,-19.38224385616367
050003,0.427,22.56,41.72847409160636,0.07514148075620497,0,0,-19.243615572362565,-19.38224385616367
110542,0.42703,22.5818,41.727542295677026,0.09787327668554013,0,0,-19.243615572362565,-19.38224385616367
110719,0.42793,23.0227,41.732921940653,0.5333936317095649,0,0,-19.243615572362565,-19.38224385616367
05D2cb,0.42859,22.6295,41.73585593186038,0.13725964050218664,0,0,-19.243615572362565,-19.38224385616367
440236,0.42895,22.3913,41.74201435023957,-0.10709877787700606,0,0,-19.243615572362565,-19.38224385616367
1306029,0.42903,22.5736,41.742369272212244,0.07484630015031968,0,0,-19.243615572362565,-19.38224385616367
100101,0.42976,22.6689,41.7437810639787,0.1687345083838636,0,0,-19.243615572362565,-19.38224385616367
080723,0.4302,22.5824,41.749523794002776,0.07649177835978804,0,0,-19.243615572362565,-19.38224385616367
04D1rh,0.43494,22.5298,41.77746151276943,-0.004045940406861348,0,0,-19.243615572362565,-19.38224385616367
06D4co,0.43546,22.3309,41.781240398691395,-0.2067248263288306,0,0,-19.243615572362565,-19.38224385616367
000142,0.43683,22.7521,41.785686336320005,0.2100292360425584,0,0,-19.243615572362565,-19.38224385616367
1336008,0.4376,22.3723,41.79305864352108,-0.1771430711585147,0,0,-19.243615572362565,-19.38224385616367
1333246,0.43783,22.629,41.79423558050282,0.07837999185974454,0,0,-19.243615572362565,-19.38224385616367
1310338,0.4389,22.2149,41.80068556039503,-0.3421699880324667,0,0,-19.243615572362565,-19.38224385616367
560027,0.43891,22.4152,41.80072872120294,-0.14191314884037354,0,0,-19.243615572362565,-19.38224385616367
050607,0.43935,22.5732,41.80066512287374,0.01615044948882627,0,0,-19.243615572362565,-19.38224385616367
040166,0.44013,22.8871,41.805230657810924,0.32548491455164097,0,0,-19.243615572362565,-19.38224385616367
510266,0.44067,22.3834,41.80830558234941,-0.18129000998684575,0,0,-19.243615572362565,-19.38224385616367
1328105,0.44149,22.4293,41.81572542191502,-0.14280984955245302,0,0,-19.243615572362565,-19.38224385616367
1295256,0.44245,22.5993,41.82045060570529,0.022464966657274488,0,0,-19.243615572362565,-19.38224385616367
06D3df,0.44263,22.6509,41.819714282979945,0.07480128938261998,0,0,-19.243615572362565,-19.38224385616367
06D2gb,0.44361,22.54,41.82389481948743,-0.040279247124864526,0,0,-19.243615572362565,-19.38224385616367
1291080,0.44391,22.5539,41.82968527555487,-0.032169703192309385,0,0,-19.243615572362565,-19.38224385616367
040137,0.44764,22.6022,41.84848534943192,-0.0026697770693537848,0,0,-19.243615572362565,-19.38224385616367
1328066,0.44886,22.6323,41.85811474107133,0.017800831291232555,0,0,-19.243615572362565,-19.38224385616367
1320166,0.44891,22.7345,41.85832473024813,0.11979084211443691,0,0,-19.243615572362565,-19.38224385616367
050580,0.45068,22.3916,41.86573924003842,-0.23052366767585752,0,0,-19.243615572362565,-19.38224385616367
520016,0.45106,22.6751,41.86732648940948,0.05138908295308653,0,0,-19.243615572362565,-19.38224385616367
04D2gb,0.45162,22.3362,41.86966252021245,-0.28984694784988463,0,0,-19.243615572362565,-19.38224385616367
120094,0.45162,22.7393,41.86966252021245,0.11325305215011383,0,0,-19.243615572362565,-19.38224385616367
04D3gt,0.45163,22.4632,41.87120125047118,-0.1643856781086157,0,0,-19.243615572362565,-19.38224385616367
1290127,0.45218,22.7429,41.87693139139475,0.10958418096781486,0,0,-19.243615572362565,-19.38224385616367
1253101,0.45328,22.5423,41.88314587239931,-0.09723030003674538,0,0,-19.243615572362565,-19.38224385616367
1253039,0.45346,22.6333,41.88329542514393,-0.006379852781364548,0,0,-19.243615572362565,-19.38224385616367
1334302,0.45458,22.5343,41.89047129435186,-0.11255572198929542,0,0,-19.243615572362565,-19.38224385616367
1306360,0.45477,22.631,41.89071967621882,-0.016104103856257268,0,0,-19.243615572362565,-19.38224385616367
1345582,0.45885,22.7149,41.91443328767653,0.04408228468603426,0,0,-19.243615572362565,-19.38224385616367
380199,0.46064,22.7491,41.92173399722448,0.07098157513808445,0,0,-19.243615572362565,-19.38224385616367
510597,0.46104,22.7632,41.92336074554489,0.08345482681767535,0,0,-19.243615572362565,-19.38224385616367
05D3lc,0.46164,22.7309,41.92728430429784,0.047231268064720666,0,0,-19.243615572362565,-19.38224385616367
03D4au,0.46643,23.0894,41.956979265149954,0.37603630721261183,0,0,-19.243615572362565,-19.38224385616367
000215,0.46654,22.795,41.95282961617749,0.08578595618507734,0,0,-19.243615572362565,-19.38224385616367
04D4jr,0.46842,22.7203,41.9678889363211,-0.0039733639585364244,0,0,-19.243615572362565,-19.38224385616367
1339149,0.46887,22.5101,41.96965209861253,-0.21593652624996196,0,0,-19.243615572362565,-19.38224385616367
04D4ju,0.47042,22.9621,41.97879285172917,0.22692272063339658,0,0,-19.243615572362565,-19.38224385616367
05D3mx,0.47065,22.7605,41.976752208492606,0.0273633638699593,0,0,-19.243615572362565,-19.38224385616367
370367,0.47163,22.7268,41.980630984708654,-0.01021541234608847,0,0,-19.243615572362565,-19.38224385616367
1316437,0.47204,22.7844,41.9866779016618,0.04133767070076644,0,0,-19.243615572362565,-19.38224385616367
05D2bv,0.47565,22.685,42.00233942697433,-0.07372385461176734,0,0,-19.243615572362565,-19.38224385616367
370329,0.47786,22.9739,42.01419837876837,0.2033171935941951,0,0,-19.243615572362565,-19.38224385616367
310146,0.47941,22.6165,42.02579764522207,-0.1656820728595072,0,0,-19.243615572362565,-19.38224385616367
1306537,0.47946,22.7577,42.02599136002054,-0.0246757876579764,0,0,-19.243615572362565,-19.38224385616367
560054,0.47988,22.6426,42.02996357093341,-0.14374799857084497,0,0,-19.243615572362565,-19.38224385616367
05D3dd,0.48064,22.7511,42.030555087703426,-0.03583951534086083,0,0,-19.243615572362565,-19.38224385616367
05D2ac,0.48065,22.7218,42.02912599445199,-0.06371042208942157,0,0,-19.243615572362565,-19.38224385616367
120044,0.48164,23.0525,42.03441187824315,0.2617036941194151,0,0,-19.243615572362565,-19.38224385616367
05D1ix,0.48888,22.8312,42.076665694407694,-0.0018501220451305755,0,0,-19.243615572362565,-19.38224385616367
1292145,0.49244,23.0253,42.09443477476185,0.17448079760071522,0,0,-19.243615572362565,-19.38224385616367
1343208,0.49499,22.8291,42.10770964146762,-0.03499406910505698,0,0,-19.243615572362565,-19.38224385616367
1305504,0.49566,22.8923,42.11195839831025,0.023957174052313235,0,0,-19.243615572362565,-19.38224385616367
03D1ax,0.49579,22.8287,42.11263015358452,-0.04031458122195275,0,0,-19.243615572362565,-19.38224385616367
05D4af,0.49739,22.8738,42.12157930093011,-0.0041637285675442115,0,0,-19.243615572362565,-19.38224385616367
06D2bk,0.50067,23.004,42.13366994455126,0.11394562781130801,0,0,-19.243615572362565,-19.38224385616367
350374,0.50098,22.8635,42.13625576002242,-0.02914018765985915,0,0,-19.243615572362565,-19.38224385616367
1337272,0.50282,22.908,42.14877289239759,0.00284267996497789,0,0,-19.243615572362565,-19.38224385616367
030006,0.50285,22.8173,42.14599292616319,-0.08507735380062442,0,0,-19.243615572362565,-19.38224385616367
510457,0.50306,22.8954,42.1467595462881,-0.007743973925538938,0,0,-19.243615572362565,-19.38224385616367
03D1au,0.50316,22.8914,42.15044701892379,-0.015431446561226636,0,0,-19.243615572362565,-19.38224385616367
1335472,0.50593,22.826,42.16448501550996,-0.09486944314739532,0,0,-19.243615572362565,-19.38224385616367
1343759,0.50615,22.8513,42.16487848985048,-0.06996291748791705,0,0,-19.243615572362565,-19.38224385616367
310091,0.50725,22.9828,42.17206832788101,0.05434724448155848,0,0,-19.243615572362565,-19.38224385616367
05D4av,0.50739,22.9889,42.17257393570159,0.059941636660973074,0,0,-19.243615572362565,-19.38224385616367
090201,0.50825,22.7663,42.177114335272606,-0.16719876291004,0,0,-19.243615572362565,-19.38224385616367
180313,0.51016,22.8415,42.183980060313786,-0.09886448795122149,0,0,-19.243615572362565,-19.38224385616367
110484,0.51095,22.8053,42.18681047539178,-0.13789490302921692,0,0,-19.243615572362565,-19.38224385616367
05D2dy,0.51169,23.1355,42.18945670235144,0.18965887001112236,0,0,-19.243615572362565,-19.38224385616367
04D1pg,0.51387,23.0037,42.204403228773266,0.04291234358929685,0,0,-19.243615572362565,-19.38224385616367
04D4in,0.51437,22.9729,42.20761193509165,0.008903637270915254,0,0,-19.243615572362565,-19.38224385616367
04D2mj,0.51469,23.0729,42.20444597402494,0.11206959833762298,0,0,-19.243615572362565,-19.38224385616367
1338430,0.51726,22.8402,42.22112622746427,-0.13731065510170382,0,0,-19.243615572362565,-19.38224385616367
1334470,0.51883,22.9419,42.22907962386188,-0.043564051499313194,0,0,-19.243615572362565,-19.38224385616367
310260,0.51885,22.9294,42.22914985573945,-0.05613428337688475,0,0,-19.243615572362565,-19.38224385616367
450175,0.51941,22.9908,42.23111485380189,0.003300718560673488,0,0,-19.243615572362565,-19.38224385616367
06D3el,0.51968,23.0375,42.230632205919534,0.050483366443032196,0,0,-19.243615572362565,-19.38224385616367
04D2gc,0.52271,23.0966,42.24406861664484,0.09614695571772458,0,0,-19.243615572362565,-19.38224385616367
1295921,0.524,22.9244,42.25425256473539,-0.08623699237282523,0,0,-19.243615572362565,-19.38224385616367
1322229,0.5262,22.9172,42.26522002499856,-0.10440445263599685,0,0,-19.243615572362565,-19.38224385616367
050005,0.52859,22.8325,42.27420941896172,-0.19809384659915352,0,0,-19.243615572362565,-19.38224385616367
1322979,0.52937,23.0383,42.27986505970579,0.002050512656772696,0,0,-19.243615572362565,-19.38224385616367
330106,0.53099,22.6272,42.28540127828933,-0.4145857059267648,0,0,-19.243615572362565,-19.38224385616367
160066,0.53111,23.2579,42.28581046793614,0.21570510442642643,0,0,-19.243615572362565,-19.38224385616367
1338471,0.53124,23.2723,42.28948716599733,0.22642840636523687,0,0,-19.243615572362565,-19.38224385616367
1337703,0.53225,22.7291,42.29367691604383,-0.3209613436812653,0,0,-19.243615572362565,-19.38224385616367
06D2ca,0.53271,22.9942,42.29267470951375,-0.05485913715118329,0,0,-19.243615572362565,-19.38224385616367
06D2cc,0.53372,22.9119,42.29751945357435,-0.14200388121178875,0,0,-19.243615572362565,-19.38224385616367
05D4ek,0.53435,22.8903,42.305315143015065,-0.17139957065250044,0,0,-19.243615572362565,-19.38224385616367
05D4be,0.53534,23.0675,42.31007453810676,0.0010410342558024865,0,0,-19.243615572362565,-19.38224385616367
05D2eb,0.53572,22.9604,42.307114297756414,-0.10309872539384912,0,0,-19.243615572362565,-19.38224385616367
1289656,0.53942,23.0808,42.32801721794851,-0.003601645585948887,0,0,-19.243615572362565,-19.38224385616367
110426,0.54097,23.0261,42.33319089128235,-0.0634753189197852,0,0,-19.243615572362565,-19.38224385616367
1324542,0.54152,23.277,42.33798129975757,0.182634272604993,0,0,-19.243615572362565,-19.38224385616367
520041,0.54545,23.3103,42.35409467243435,0.19982089992821628,0,0,-19.243615572362565,-19.38224385616367
04D4bq,0.54834,22.7705,42.37159229951906,-0.35747672715649514,0,0,-19.243615572362565,-19.38224385616367
1306980,0.54881,22.9165,42.37313089974808,-0.21301532738551288,0,0,-19.243615572362565,-19.38224385616367
050201,0.55021,23.0723,42.37770413318408,-0.061788560821518956,0,0,-19.243615572362565,-19.38224385616367
06D4bo,0.55033,23.1198,42.38089554059266,-0.01747996823009501,0,0,-19.243615572362565,-19.38224385616367
1339450,0.55046,23.1574,42.37998978981407,0.021025782548495187,0,0,-19.243615572362565,-19.38224385616367
04D3hn,0.55267,22.9408,42.38850454905097,-0.2040889766884071,0,0,-19.243615572362565,-19.38224385616367
06D2ck,0.55375,23.237,42.39200266661855,0.08861290574401082,0,0,-19.243615572362565,-19.38224385616367
1337117,0.55384,22.8297,42.396487180204076,-0.32317160784151255,0,0,-19.243615572362565,-19.38224385616367
05D1ee,0.55782,23.1859,42.41488027779653,0.014635294566037516,0,0,-19.243615572362565,-19.38224385616367
05D1kl,0.55882,23.4801,42.41947423388481,0.3042413384777518,0,0,-19.243615572362565,-19.38224385616367
04D1hx,0.55882,23.0445,42.41947423388481,-0.13135866152224907,0,0,-19.243615572362565,-19.38224385616367
1289555,0.56181,23.0407,42.43302279314143,-0.1487072207788671,0,0,-19.243615572362565,-19.38224385616367
1303952,0.56269,23.3486,42.437176408668265,0.15503916369430115,0,0,-19.243615572362565,-19.38224385616367
05D1cc,0.56283,23.1766,42.43780065359732,-0.017585081234756217,0,0,-19.243615572362565,-19.38224385616367
1285317,0.56437,23.1398,42.444823565228376,-0.06140799286581,0,0,-19.243615572362565,-19.38224385616367
1330903,0.56437,23.2351,42.44467098603448,0.034044586328082715,0,0,-19.243615572362565,-19.38224385616367
1338278,0.56437,23.1439,42.444892915863434,-0.05737734350087109,0,0,-19.243615572362565,-19.38224385616367
05D1dn,0.56481,23.2343,42.44683651381987,0.03107905854269788,0,0,-19.243615572362565,-19.38224385616367
1317454,0.56879,22.9877,42.464876983199474,-0.2335614108369093,0,0,-19.243615572362565,-19.38224385616367
1306785,0.57542,22.9382,42.49465342080295,-0.31283784844038465,0,0,-19.243615572362565,-19.38224385616367
05D2dt,0.57577,23.3385,42.49204986219914,0.0900657101634259,0,0,-19.243615572362565,-19.38224385616367
050203,0.57619,23.2357,42.49609829874586,-0.016782726383297586,0,0,-19.243615572362565,-19.38224385616367
06D3et,0.57668,23.1733,42.49760278986017,-0.08068721749760144,0,0,-19.243615572362565,-19.38224385616367
1337228,0.57737,23.392,42.50327019695701,0.1323453754055528,0,0,-19.243615572362565,-19.38224385616367
03D4gf,0.5783,23.1644,42.5080682201378,-0.10005264777523593,0,0,-19.243615572362565,-19.38224385616367
110721,0.57831,23.1982,42.504384864956705,-0.06256929259414079,0,0,-19.243615572362565,-19.38224385616367
05D1dx,0.57882,23.1742,42.50965643045082,-0.09184085808825415,0,0,-19.243615572362565,-19.38224385616367
1332059,0.57891,23.2787,42.50993112525548,0.012384447107088192,0,0,-19.243615572362565,-19.38224385616367
05D3jq,0.57967,23.1393,42.51087331691046,-0.1279577445478992,0,0,-19.243615572362565,-19.38224385616367
05D3gp,0.58067,23.32,42.515290048942816,0.048325523419748606,0,0,-19.243615572362565,-19.38224385616367
03D1aw,0.5808,23.4531,42.518431892476784,0.1782836798857801,0,0,-19.243615572362565,-19.38224385616367
04D1jg,0.58301,23.2878,42.528142914917126,0.003272657445439364,0,0,-19.243615572362565,-19.38224385616367
05D4ej,0.5833,23.5444,42.53011466650149,0.2579009058610744,0,0,-19.243615572362565,-19.38224385616367
04D1kj,0.58382,23.2235,42.53168295808918,-0.0645673857266118,0,0,-19.243615572362565,-19.38224385616367
04D1sa,0.58382,23.3959,42.53168295808918,0.10783261427338786,0,0,-19.243615572362565,-19.38224385616367
1338387,0.5839,23.1669,42.53192406399288,-0.1214084916303193,0,0,-19.243615572362565,-19.38224385616367
05D1hm,0.58582,23.454,42.54043378969352,0.15718178266904204,0,0,-19.243615572362565,-19.38224385616367
05D4bf,0.5873,23.3711,42.54759815152235,0.0671174208402121,0,0,-19.243615572362565,-19.38224385616367
04D1oh,0.58879,23.2491,42.553406781408725,-0.06069120904616199,0,0,-19.243615572362565,-19.38224385616367
03D4gg,0.59029,23.2626,42.56059166209431,-0.0543760897317469,0,0,-19.243615572362565,-19.38224385616367
04D2mh,0.59179,23.1978,42.56230003621272,-0.12088446385015317,0,0,-19.243615572362565,-19.38224385616367
05D3lr,0.60067,23.3586,42.60184243379375,0.00037313856881482366,0,0,-19.243615572362565,-19.38224385616367
1338233,0.60155,23.5032,42.6081634656306,0.1386521067319677,0,0,-19.243615572362565,-19.38224385616367
05D4ef,0.60328,23.4973,42.6161285216255,0.12478705073706564,0,0,-19.243615572362565,-19.38224385616367
1335564,0.60626,23.3628,42.62802465188295,-0.021609079520388264,0,0,-19.243615572362565,-19.38224385616367
03D4dy,0.60827,23.3374,42.637108408203055,-0.05609283584049152,0,0,-19.243615572362565,-19.38224385616367
1302141,0.60876,23.1752,42.63849600772781,-0.21968043536524462,0,0,-19.243615572362565,-19.38224385616367
1332413,0.60878,23.3649,42.638552615829994,-0.030037043467430635,0,0,-19.243615572362565,-19.38224385616367
05D2he,0.60981,23.4346,42.638764794786525,0.03945077757603954,0,0,-19.243615572362565,-19.38224385616367
04D3do,0.61071,23.4156,42.64400193739934,0.015213634963227918,0,0,-19.243615572362565,-19.38224385616367
04D4an,0.61127,23.6519,42.649620868382726,0.2458947039798396,0,0,-19.243615572362565,-19.38224385616367
1295305,0.61177,23.448,42.651026655875754,0.0405889164868114,0,0,-19.243615572362565,-19.38224385616367
05D1ck,0.61577,23.4555,42.66759210012599,0.0315234722365787,0,0,-19.243615572362565,-19.38224385616367
1308957,0.61875,23.4634,42.679884823510164,0.02713074885240019,0,0,-19.243615572362565,-19.38224385616367
1335868,0.61941,23.4418,42.68170843491069,0.003707137451876008,0,0,-19.243615572362565,-19.38224385616367
000202,0.61983,23.5027,42.680185017033054,0.06613055532951151,0,0,-19.243615572362565,-19.38224385616367
04D3co,0.6207,23.4458,42.685265016723626,0.004150555638936737,0,0,-19.243615572362565,-19.38224385616367
04D2an,0.62183,23.3364,42.68837215550548,-0.10835658314291763,0,0,-19.243615572362565,-19.38224385616367
03D4dh,0.62525,23.4047,42.707092477575415,-0.05877690521285217,0,0,-19.243615572362565,-19.38224385616367
04D4fx,0.62725,23.332,42.71520095163788,-0.13958537927531722,0,0,-19.243615572362565,-19.38224385616367
05D1cb,0.63077,23.4102,42.72871759186309,-0.07490201950052366,0,0,-19.243615572362565,-19.38224385616367
05D2ci,0.63183,23.0581,42.728908784316246,-0.4271932119536821,0,0,-19.243615572362565,-19.38224385616367
03D4at,0.63225,23.5963,42.73536015486579,0.10455541749677622,0,0,-19.243615572362565,-19.38224385616367
1330642,0.63399,23.3442,42.74163551095573,-0.15381993859316623,0,0,-19.243615572362565,-19.38224385616367
04D1pu,0.63777,23.2768,42.75674946007399,-0.2363338877114245,0,0,-19.243615572362565,-19.38224385616367
1343871,0.63794,23.6107,42.75720141299975,0.09711415936281753,0,0,-19.243615572362565,-19.38224385616367
05D4ag,0.63824,23.4064,42.75932309835812,-0.10930752599555049,0,0,-19.243615572362565,-19.38224385616367
1337325,0.63873,23.5274,42.760624260579235,0.010391311783330082,0,0,-19.243615572362565,-19.38224385616367
1334879,0.63934,23.537,42.76224242610622,0.01837314625634434,0,0,-19.243615572362565,-19.38224385616367
05D2ec,0.64185,23.5946,42.768881930958905,0.06933364140365939,0,0,-19.243615572362565,-19.38224385616367
1308568,0.64311,23.1079,42.77804818814457,-0.4265326157820013,0,0,-19.243615572362565,-19.38224385616367
04D3cy,0.64371,23.5462,42.77775145630126,0.01206411606130331,0,0,-19.243615572362565,-19.38224385616367
05D3ax,0.64371,23.5504,42.77775145630126,0.01626411606130418,0,0,-19.243615572362565,-19.38224385616367
05D3lb,0.6477,23.566,42.793491925193266,0.01612364716929804,0,0,-19.243615572362565,-19.38224385616367
1338266,0.64852,23.7867,42.79932147332629,0.23099409903627688,0,0,-19.243615572362565,-19.38224385616367
05D3kt,0.6487,23.4805,42.79742060290346,-0.07330503054089377,0,0,-19.243615572362565,-19.38224385616367
1334707,0.64962,23.5275,42.80284706609802,-0.03173149373545314,0,0,-19.243615572362565,-19.38224385616367
04D1sk,0.66213,23.7263,42.852286226005106,0.11762934635745737,0,0,-19.243615572362565,-19.38224385616367
05D3hs,0.6647,23.6168,42.859626528243176,0.0007890441193900699,0,0,-19.243615572362565,-19.38224385616367
05D3mh,0.67072,23.8147,42.88271453291162,0.1756010394509424,0,0,-19.243615572362565,-19.38224385616367
03D1co,0.67773,23.9721,42.91202576957697,0.30368980278559476,0,0,-19.243615572362565,-19.38224385616367
05D2bt,0.6819,23.5846,42.923744253410405,-0.09552868104784196,0,0,-19.243615572362565,-19.38224385616367
06D3cc,0.68372,23.9186,42.93215364733294,0.2300619250296272,0,0,-19.243615572362565,-19.38224385616367
04D4ic,0.68519,23.7636,42.940965090144005,0.06625048221856034,0,0,-19.243615572362565,-19.38224385616367
05D1ke,0.68872,23.5607,42.95358109847326,-0.14926552611069255,0,0,-19.243615572362565,-19.38224385616367
1262715,0.68935,23.6005,42.9551407851807,-0.11102521281813793,0,0,-19.243615572362565,-19.38224385616367
1262214,0.68936,23.7914,42.955165533990744,0.07985003837181992,0,0,-19.243615572362565,-19.38224385616367
06D3em,0.69072,23.6613,42.95852908590475,-0.05361351354218513,0,0,-19.243615572362565,-19.38224385616367
03D4cz,0.69318,23.6632,42.97101660020837,-0.06420102784580806,0,0,-19.243615572362565,-19.38224385616367
04D4ib,0.69718,23.7162,42.98597814992604,-0.02616257756347551,0,0,-19.243615572362565,-19.38224385616367
06D4ba,0.69818,23.7141,42.98971082348994,-0.03199525112738044,0,0,-19.243615572362565,-19.38224385616367
05D4bj,0.69918,23.6872,42.99344045462984,-0.0626248822672757,0,0,-19.243615572362565,-19.38224385616367
05D4cq,0.69918,23.8161,42.99344045462984,0.06627511773272232,0,0,-19.243615572362565,-19.38224385616367
1335718,0.69932,23.8577,42.99250668259392,0.10880888976864611,0,0,-19.243615572362565,-19.38224385616367
05D2ck,0.69992,23.8617,42.99142082566094,0.11389474670162514,0,0,-19.243615572362565,-19.38224385616367
04D1si,0.7007,23.664,42.998440377136575,-0.09082480477400878,0,0,-19.243615572362565,-19.38224385616367
04D4hu,0.70117,23.8438,43.00086619909213,0.08654937327043655,0,0,-19.243615572362565,-19.38224385616367
04D2iu,0.70192,23.6432,42.998872211438325,-0.11205663907576024,0,0,-19.243615572362565,-19.38224385616367
05D2le,0.70192,23.7903,42.998872211438325,0.03504336092423799,0,0,-19.243615572362565,-19.38224385616367
05D3gv,0.71571,23.7414,43.051463942438744,-0.06644837007618065,0,0,-19.243615572362565,-19.38224385616367
05D3jh,0.71874,23.6209,43.06256943113081,-0.19805385876824744,0,0,-19.243615572362565,-19.38224385616367
1331993,0.71968,23.9108,43.06862196948799,0.0857936028745705,0,0,-19.243615572362565,-19.38224385616367
04D1aj,0.71969,23.717,43.06864604596199,-0.10803047359942752,0,0,-19.243615572362565,-19.38224385616367
05D4ev,0.72015,23.9082,43.07101464976594,0.08080092259662308,0,0,-19.243615572362565,-19.38224385616367
06D3gh,0.72074,23.7929,43.06991065090588,-0.033395078543318135,0,0,-19.243615572362565,-19.38224385616367
06D3do,0.72674,23.8281,43.09186644437557,-0.020150872013005028,0,0,-19.243615572362565,-19.38224385616367
06D3bz,0.72774,23.755,43.09551581295834,-0.09690024059577595,0,0,-19.243615572362565,-19.38224385616367
1304127,0.72866,23.752,43.101483071907836,-0.10586749954527264,0,0,-19.243615572362565,-19.38224385616367
06D4bw,0.73014,23.6656,43.10752481049209,-0.1983092381295215,0,0,-19.243615572362565,-19.38224385616367
1329166,0.73161,23.9269,43.11140518809766,0.05911038426490123,0,0,-19.243615572362565,-19.38224385616367
04D1pp,0.73368,23.7315,43.11971370247929,-0.14459813011672296,0,0,-19.243615572362565,-19.38224385616367
04D2gp,0.73395,23.967,43.116597655242465,0.0940179171200981,0,0,-19.243615572362565,-19.38224385616367
05D2fq,0.73495,24.0007,43.1202270957633,0.12408847659926536,0,0,-19.243615572362565,-19.38224385616367
05D1eo,0.73568,23.9277,43.12696652221983,0.044349050142734825,0,0,-19.243615572362565,-19.38224385616367
05D2ct,0.73596,23.9145,43.12387732776822,0.03423824459434499,0,0,-19.243615572362565,-19.38224385616367
05D3jk,0.73675,23.739,43.1282542248525,-0.14563865248993224,0,0,-19.243615572362565,-19.38224385616367
04D2ja,0.74196,24.2283,43.145573614917296,0.32634195744526906,0,0,-19.243615572362565,-19.38224385616367
04D3fq,0.74276,23.8295,43.14995460887192,-0.07683903650935875,0,0,-19.243615572362565,-19.38224385616367
05D3jb,0.74573,23.9145,43.16068109073507,-0.0025655183725028508,0,0,-19.243615572362565,-19.38224385616367
04D2kr,0.74607,23.7287,43.160359677185745,-0.1880441048231809,0,0,-19.243615572362565,-19.38224385616367
04D4im,0.74911,23.6866,43.176063473266126,-0.2458479009035628,0,0,-19.243615572362565,-19.38224385616367
1285160,0.7493,23.9242,43.17526786717565,-0.007452294813084848,0,0,-19.243615572362565,-19.38224385616367
04D3ks,0.75074,23.6482,43.17863638658736,-0.286820814224793,0,0,-19.243615572362565,-19.38224385616367
05D2nt,0.75899,23.9939,43.20649771731184,0.031017855050723853,0,0,-19.243615572362565,-19.38224385616367
05D3mn,0.76076,23.8137,43.21429522362272,-0.1569796512601549,0,0,-19.243615572362565,-19.38224385616367
05D4cn,0.7611,23.9237,43.21877863387802,-0.051463061515452324,0,0,-19.243615572362565,-19.38224385616367
05D1if,0.76165,23.878,43.22004805225671,-0.09843247989414294,0,0,-19.243615572362565,-19.38224385616367
04D1qd,0.76566,23.9839,43.23419693233632,-0.006681359973754297,0,0,-19.243615572362565,-19.38224385616367
04D1de,0.76666,24.1694,43.23771891461713,0.1752966577454309,0,0,-19.243615572362565,-19.38224385616367
05D3hh,0.76674,24.1093,43.23544443968213,0.11747113268043918,0,0,-19.243615572362565,-19.38224385616367
04D4id,0.76709,24.3057,43.23993198752477,0.3093835848377964,0,0,-19.243615572362565,-19.38224385616367
04D1pc,0.76865,24.0399,43.24472836850187,0.03878720386069645,0,0,-19.243615572362565,-19.38224385616367
1329196,0.76932,23.9638,43.24627113862762,-0.03885556626505604,0,0,-19.243615572362565,-19.38224385616367
05D4bi,0.77309,24.1038,43.26096833085735,0.08644724150521199,0,0,-19.243615572362565,-19.38224385616367
1325358,0.77929,23.7865,43.28108496837161,-0.2509693960090438,0,0,-19.243615572362565,-19.38224385616367
05D4cs,0.78807,24.0512,43.31284198812692,-0.018026415764353487,0,0,-19.243615572362565,-19.38224385616367
03D4fd,0.78907,24.1307,43.31626781115164,0.058047761210925586,0,0,-19.243615572362565,-19.38224385616367
1309749,0.78928,23.9465,43.315519260258434,-0.12540368789586864,0,0,-19.243615572362565,-19.38224385616367
04D1ks,0.79662,23.6496,43.341327690488185,-0.44811211812562135,0,0,-19.243615572362565,-19.38224385616367
03D1fq,0.79863,24.1808,43.348123202290594,0.07629237007197176,0,0,-19.243615572362565,-19.38224385616367
Elvis,0.83981,24.107,43.4813439589429,-0.13072838658033703,0,0,-19.243615572362565,-19.38224385616367
Spock,0.83981,23.9482,43.4813439589429,-0.2895283865803364,0,0,-19.243615572362565,-19.38224385616367
Manipogo,0.85482,24.3638,43.52919093053103,0.07822464183153599,0,0,-19.243615572362565,-19.38224385616367
Vilas,0.93585,24.2801,43.77382615718288,-0.250110584820316,0,0,-19.243615572362565,-19.38224385616367
Ombo,0.97423,24.8581,43.88421898147702,0.21749659088554552,0,0,-19.243615572362565,-19.38224385616367
SCP05D0,1.01242,24.8647,43.98898940683702,0.11932616552554265,0,0,-19.243615572362565,-19.38224385616367
Eagle,1.01988,25.0227,44.006181671272365,0.2601339010901995,0,0,-19.243615572362565,-19.38224385616367
Ferguson,1.02088,24.7176,44.00883104834003,-0.047615475977462296,0,0,-19.243615572362565,-19.38224385616367
Strolger,1.02789,25.2834,44.027320346797055,0.49969522556551027,0,0,-19.243615572362565,-19.38224385616367
SCP06U4,1.04817,25.1699,44.08302605611176,0.33048951625080036,0,0,-19.243615572362565,-19.38224385616367
Gabi,1.12092,25.1875,44.26156954867831,0.16954602368425498,0,0,-19.243615572362565,-19.38224385616367
SCP06H5,1.23225,25.0677,44.517282574530235,-0.2059670021676716,0,0,-19.243615572362565,-19.38224385616367
Lancaster,1.23597,25.652,44.52571261578106,0.3699029565815053,0,0,-19.243615572362565,-19.38224385616367
Aphrodite,1.29911,25.6111,44.66210079935005,0.19261477301251517,0,0,-19.243615572362565,-19.38224385616367
Thoth,1.3041,25.4676,44.672460360223326,0.0387552121392396,0,0,-19.243615572362565,-19.38224385616367
Inanna,1.30611,25.7667,44.67660863605617,0.3337069363063918,0,0,-19.243615572362565,-19.38224385616367
SCP05D6,1.31317,25.5337,44.692033292727054,0.0852822796355106,0,0,-19.243615572362565,-19.38224385616367
washington,1.3291,25.6215,44.72371420635412,0.14140136600844855,0,0,-19.243615572362565,-19.38224385616367
Borg,1.34101,25.5011,44.74600566051235,-0.0012900881497870387,0,0,-19.243615572362565,-19.38224385616367
SCP06G4,1.35136,25.2962,44.76642367667168,-0.22660810430911482,0,0,-19.243615572362565,-19.38224385616367
Mcguire,1.35608,25.5564,44.77795360858841,0.022061963774152815,0,0,-19.243615572362565,-19.38224385616367
Sasquatch,1.39103,25.5414,44.8447960710903,-0.059780498727736386,0,0,-19.243615572362565,-19.38224385616367
SCP06K0,1.41633,25.2049,44.89312110206858,-0.4446055297060134,0,0,-19.243615572362565,-19.38224385616367
carter,1.5429,25.8372,45.12237484673893,-0.04155927437636464,0,0,-19.243615572362565,-19.38224385616367
Primo,1.54901,26.04,45.13639068252539,0.14722488983717597,0,0,-19.243615572362565,-19.38224385616367
rutledge,1.61505,25.9065,45.19112835342493,-0.0410127810623635,0,0,-19.243615572362565,-19.38224385616367
geta,1.69706,26.0333,45.2618576004853,0.01505797187726543,0,0,-19.243615572362565,-19.38224385616367
stone,1.80119,26.2335,45.374099856869506,0.10301571549305777,0,0,-19.243615572362565,-19.38224385616367
wilson,1.91165,26.1703,45.543713389151975,-0.12979781678940938,0,0,-19.243615572362565,-19.38224385616367
colfax,2.26137,26.9298,46.148330792078,0.02508478028456551,0,0,-19.243615572362565,-19.38224385616367
