z,R_minus_C1,R_minus_C2,C1_minus_C2,m3_on_C1
0.0,0.06838385016761173,0.07705811231988946,0.008674262152277734,0.07562630374748736
0.0006019681556711054,0.06879659834580565,0.07746550798662177,0.008668909640816125,0.07569822205605092
0.0012042986770026529,0.06920848476120867,0.07787203920356056,0.008663554442351895,0.07576996770341005
0.0018069917821272308,0.06961236332321619,0.07827055956226925,0.008658196239053062,0.07584154084183492
0.002410047689308736,0.07001466774506593,0.07866750063374361,0.008652832888677686,0.07591294162359308
0.0030134666169424544,0.07040960847508515,0.07905707534014095,0.008647466865055797,0.07598417020095649
0.003617248783555137,0.07080257743112828,0.07944467496068697,0.00864209752955869,0.07605522672619447
0.004221394407805083,0.07118864851066675,0.07982537189593408,0.00863672338526733,0.07612611135157543
0.004825903708482215,0.07157225457060079,0.08020360115222225,0.008631346581621457,0.07619682422937046
0.005430776904508161,0.07194968554216352,0.08057565170218961,0.008625966160026088,0.07626736551184887
0.006036014214936335,0.07232396608642055,0.0809445473537318,0.008620581267311245,0.07633773535127997
0.006641615858952011,0.0726927839136442,0.08130797764291131,0.008615193729267112,0.07640793389993483
0.007247582055872405,0.07305793861949983,0.08166774088769557,0.008609802268195743,0.07647796131008189
0.007853913025146759,0.07341816189013795,0.08202256856318169,0.00860440667304374,0.07654781773399222
0.008460608986356415,0.07377426083191096,0.08237326927863453,0.008599008446723566,0.07661750332393424
0.009067670159214891,0.07412607015922745,0.08271967615254816,0.008593605993320708,0.07668701823217727
0.009675096763567972,0.07447310266665852,0.08306130240887022,0.0085881997422117,0.07675636261099328
0.010282889019393782,0.07481662122267352,0.08339941209690505,0.008582790874231527,0.07682553661264979
0.01089104714680286,0.07515473957560825,0.08373211705177042,0.008577377476162162,0.0768945403894179
0.011499571366038255,0.07548993584183084,0.08406189645790185,0.008571960616071017,0.07696337409356602
0.012108461897475584,0.0758193086141592,0.08438584976769636,0.008566541153537166,0.07703203787736612
0.012717718961623126,0.07614631376175929,0.08470743062074781,0.008561116858988527,0.07710053189308574
0.013327342779121905,0.07646688168777249,0.08502257112515466,0.008555689437382163,0.07716885629299508
0.013937333570745754,0.0767859161244493,0.08533617555234496,0.008550259427895668,0.07723701122936522
0.014547691557401413,0.07709778354043184,0.0856426078260073,0.008544824285575459,0.07730499685446457
0.015158416960128599,0.07740869626198066,0.08594808261239262,0.00853938635041196,0.07737281332056334
0.015769510000100087,0.07771219214404468,0.08624613788318936,0.008533945739144677,0.07744046077993172
0.01638097089862179,0.07801447866211131,0.08654297856331183,0.008528499901200526,0.07750793938483813
0.01699279987713284,0.07831010418924489,0.08683315569017491,0.008523051500930023,0.07757524928755366
0.017604997157205673,0.07860403439862118,0.0871216345203214,0.00851760012170022,0.07764239064034673
0.018217562960546097,0.0788918703171051,0.08740401416975008,0.008512143852644982,0.07770936359548841
0.018830497508993384,0.07917738460274659,0.08768406963895448,0.008506685036207884,0.07777616830524714
0.019443801024520348,0.07945767629024925,0.08795889922930566,0.008501222939056419,0.07784280492189488
0.02005747372923342,0.07973483116964886,0.08823058745783552,0.008495756288186662,0.07790927359769917
0.02067151584537273,0.08000756723206592,0.0884978543370778,0.008490287105011873,0.0779755744849302
0.021285927595312202,0.08027658474528909,0.08876139908578828,0.008484814340499192,0.07804170773585906
0.021900709201559607,0.0805417954651837,0.08902113282278545,0.008479337357601757,0.07810767350275327
0.022515860886756667,0.08080271512783899,0.08927657298544922,0.008473857857610234,0.07817347193788482
0.02313138287367912,0.08106059607958827,0.08952897055640019,0.008468374476811924,0.07823910319352212
0.023747275385236816,0.08131342536311248,0.08977631257527463,0.008462887212162151,0.07830456742193537
0.024363538644473784,0.08156406311391695,0.09002146055967675,0.008457397445759796,0.07836986477539298
0.024980172874568326,0.08180897565769829,0.09026087915796754,0.008451903500269253,0.07843499540616694
0.02559717829883308,0.08205234952645846,0.09049875553108766,0.008446406004629203,0.07849995946652566
0.026214555140715117,0.08228948495849409,0.09073039098120539,0.008440906022711303,0.07856475710873934
0.02683230362379602,0.08252549304870715,0.09096089461334333,0.00843540156463618,0.07862938848507728
0.02745042397179195,0.0827550564186641,0.09118495030791873,0.008429893889254636,0.07869385374780968
0.028068916408553746,0.08298341047760971,0.09140779422081202,0.008424383743202313,0.07875815304920586
0.028687781158066993,0.0832060002856787,0.091624869110845,0.008418868825166292,0.078822286541536
0.029307018444452115,0.08342663350187784,0.0918399845236566,0.008413351021778759,0.07888625437706942
0.029926628491964445,0.08364248513599204,0.09205031589944923,0.008407830763457191,0.07895005670807631
0.030546611524994313,0.0838554978317676,0.09225780327036137,0.008402305438593771,0.07901369368682598
0.03116696776806712,0.0840645131926756,0.09246129075209453,0.008396777559418922,0.07907716546558863
0.03178769744584343,0.08427018103301087,0.09266142807118971,0.00839124703817884,0.07914047219663356
0.03240880078311904,0.08447244522329367,0.09285815678643239,0.00838571156313872,0.07920361403223097
0.033030278004825074,0.08467068352990381,0.09305085719078399,0.008380173660880175,0.07926659112465018
0.03365212933602805,0.08486645839196605,0.09324109121151203,0.00837463281954598,0.07932940362616137
0.03427435500192997,0.08505734298781675,0.09342643034631148,0.008369087358494731,0.07939205168903385
0.034896955227868405,0.08524657752523357,0.09361011701157107,0.008363539486337501,0.07945453546553605
0.035519930239316565,0.08543035294053869,0.09378834131989766,0.008357988379358972,0.07951685510794171
0.036143280261883404,0.08561299573986947,0.0939654287257028,0.008352432985833325,0.07957901076851659
0.03676700552131366,0.0857897632437501,0.09413663844119302,0.008346875197442927,0.07964100259953177
0.03739110624348797,0.08596537493288992,0.09430668881266957,0.008341313879779655,0.07970283075325746
0.03801558265442297,0.08613581087728672,0.09447155948508179,0.008335748607795068,0.07976449538196384
0.038640434980271324,0.08630444967494189,0.0946346306322603,0.008330180957318412,0.07982599663791934
0.03926566344732183,0.08646873969254987,0.09479334917698257,0.008324609484432699,0.07988733467339326
0.03989126828199952,0.08663040646091069,0.0949494408493976,0.008319034388486912,0.07994850964065758
0.040517249710865726,0.08678864945764175,0.09510210638819139,0.008313456930549634,0.08000952169197983
0.041143607960618146,0.08694351472129913,0.09525139007971362,0.008307875358414485,0.08007037097963199
0.04177034325809096,0.08709567544002805,0.09539796593350847,0.008302290493480413,0.08013105765588158
0.042397455830254886,0.08724389959819057,0.09554060288137478,0.008296703283184215,0.08019158187300057
0.04302494590421728,0.08739011228784488,0.095681223956122,0.008291111668277118,0.08025194378325651
0.043652813707222196,0.0875316453548729,0.09581716244467753,0.008285517089804628,0.08031214353892047
0.04428105946665049,0.08767211016133203,0.09595203034406286,0.008279920182730827,0.08037218129226087
0.044909683410019906,0.08780707244939467,0.09608139103142666,0.008274318582031981,0.08043205719554969
0.04553868576498511,0.08794104499000976,0.09620975933595766,0.008268714345947892,0.08049177140105446
0.04616806675933785,0.08807035664709328,0.09633346444524005,0.008263107798146763,0.08055132406104626
0.046797826621006976,0.08819784080052084,0.09645533706966347,0.008257496269142628,0.08061071532779351
0.04742796557805854,0.08832147896270826,0.09657336139455364,0.008251882431845381,0.08066994535356731
0.048058483858695905,0.08844276559155517,0.09668903159182829,0.008246266000273117,0.08072901429063783
0.048689381691259775,0.0885608113588221,0.09680145625934067,0.008240644900518568,0.08078792229127352
0.04932065930422834,0.08867582333763124,0.09691084485651125,0.008235021518880004,0.08084666950774455
0.049952316926217294,0.08878852998220577,0.09701792523472452,0.008229395252518756,0.08090525609232024
0.050584354785979974,0.0888973374120372,0.09712110206055247,0.008223764648515264,0.08096368219727079
0.0512167731124074,0.08900466374701388,0.09722279552689095,0.00821813177987707,0.08102194797486639
0.05184957213452841,0.08910750889199548,0.09732000462948864,0.008212495737493164,0.08108005357737635
0.052482752081509675,0.08920925407895552,0.09741610976588078,0.008206855686925252,0.08113799915706998
0.053116313182655826,0.0893063921890569,0.09750760557815674,0.008201213389099848,0.08119578486621748
0.05375025566740955,0.0894022611331069,0.097597828763063,0.008195567629956102,0.08125341085708815
0.05438457976535162,0.08949420767889471,0.09768412586987107,0.008189918190976364,0.08131087728195308
0.05501928570620102,0.08958427732028085,0.09776854384252331,0.008184266522242467,0.08136818429308068
0.05565437371981503,0.08967120775183801,0.09784981885793442,0.008178611106096412,0.08142533204274027
0.05628984403618928,0.08975547134796447,0.09792842368528998,0.008172952337325512,0.08148232068320382
0.056925696885457865,0.08983749773511551,0.09800478909154364,0.00816729135642813,0.08153915036673887
0.0575619324978934,0.08991612164710983,0.09807774799064006,0.008161626343530237,0.08159582124561648
0.05819855110390713,0.08999319400143424,0.09814915230548671,0.008155958304052469,0.0816523334721051
0.05883555293404898,0.09006635938438645,0.09821664745458847,0.008150288070202016,0.0817086871984758
0.05947293821900769,0.09013841670058742,0.09828303022188312,0.008144613521295696,0.08176488257699699
0.06011070718961083,0.0902062487562576,0.0983451850269148,0.008138936270657204,0.08182091975993977
0.06074886007682495,0.09027298886641866,0.0984062457099446,0.008133256843525949,0.08187679889957344
0.06138739711175562,0.09033612021236603,0.09846369303220825,0.008127572819842221,0.08193252014816732
0.06202631852564754,0.09039745834074076,0.09851934475879531,0.008121886418054558,0.0819880836579916
0.0626656245498846,0.09045614887222442,0.0985723466408901,0.008116197768665678,0.08204348958131558
0.06330531541598998,0.090512181953323,0.09862268637435623,0.008110504421033227,0.08209873807041035
0.06394539135562623,0.0905663164347894,0.09867112536335387,0.008104808928564466,0.08215382927754344
0.06458585260059534,0.09061733477890233,0.09871644568265747,0.008099110903755147,0.08220876335498595
0.06522669938283888,0.09066698283374208,0.09876039134187753,0.008093408508135447,0.08226354045500806
0.06586793193443798,0.09071292425366018,0.09880062823956948,0.0080877039859093,0.08231816072987908
0.06650955048761353,0.09075791969624092,0.09883991634440026,0.00808199664815934,0.08237262433186654
0.06715155527472617,0.09079925824680313,0.09887554351261585,0.008076285265812722,0.0824269314132442
0.06779394652827646,0.09083932117570104,0.09890989295091401,0.008070571775212976,0.08248108212627958
0.06843672448090485,0.09087654523797717,0.09894140042545896,0.00806485518748179,0.082535076623242
0.0690798893653919,0.09091171310820556,0.098970847988328,0.008059134880122443,0.08258891505640165
0.06972344141465826,0.09094484411139536,0.09899825659437855,0.008053412482983191,0.08264259757802961
0.07036738086176479,0.09097533024863313,0.09902301695734916,0.008047686708716029,0.08269612434039342
0.07101170793991267,0.09100435748742886,0.0990463150259373,0.008041957538508449,0.08274949549576505
0.07165642288244341,0.09103025755930005,0.09906648385641859,0.008036226297118532,0.08280271119641203
0.07230152592283905,0.09105516437864747,0.09908565577888151,0.008030491400234041,0.08285577159460633
0.07294701729472212,0.09107664484085909,0.09910139827065656,0.008024753429797471,0.08290867684261549
0.07359289723185584,0.09109711290825917,0.09911612631515165,0.008019013406892483,0.0829614270927106
0.0742391659681441,0.09111477938830781,0.09912804884009851,0.008013269451790705,0.08301402249716094
0.07488582373763161,0.09113076707438594,0.09913828981857264,0.008007522744186701,0.08306646320823763
0.07553287077450396,0.09114479831530264,0.09914657231825252,0.00800177400294988,0.08311874937820818
0.07618030731308775,0.0911564407854355,0.09915246183993798,0.007996021054502478,0.08317088115934368
0.07682813358785057,0.09116674469564501,0.0991570103688888,0.00799026567324379,0.08322285870391255
0.07747634983340121,0.09117429757186724,0.09915880584917236,0.007984508277305125,0.08327468216418676
0.07812495628448965,0.0911808188508747,0.09915956525173275,0.00797874640085805,0.08332635169243385
0.07877395317600723,0.09118432694163747,0.09915730935153366,0.00797298240989619,0.08337786744092579
0.07942334074298661,0.09118689224833165,0.0991541084882579,0.007967216239926245,0.08342922956193011
0.08007311922060201,0.09118689604055064,0.09914834172524412,0.00796144568469348,0.08348043820771878
0.08072328884416918,0.09118541638265842,0.09914108953108691,0.007955673148428488,0.08353149353055933
0.08137384984914552,0.09118217805315432,0.09913207620935349,0.007949898156199176,0.08358239568272197
0.08202480247113017,0.09117673602973397,0.09912085513093771,0.00794411910120374,0.08363314481647866
0.0826761469458641,0.09117018388640297,0.09910852197087117,0.0079383380844682,0.08368374108409515
0.0833278835092302,0.09116104069227049,0.09909359502879322,0.007932554336522735,0.0837341846378461
0.08398001239725333,0.09115097630786817,0.09907774315478957,0.007926766846921396,0.08378447562999725
0.08463253384610046,0.09113836759889171,0.09905934501387836,0.007920977414986652,0.08383461421281968
0.08528544809208066,0.09112470082958968,0.09903988580792156,0.00791518497833188,0.0838846005385836
0.08593875537164535,0.09110895456354484,0.09901834368325968,0.007909389119714838,0.08393443475955742
0.08659245592138819,0.09109174634933837,0.09899533768762847,0.007903591338290106,0.08398411702801223
0.08724654997804533,0.09107304415590356,0.0989708344362965,0.007897790280392947,0.08403364749621733
0.08790103777849538,0.0910522969834906,0.09894428310227621,0.00789198611878561,0.08408302631644293
0.08855591955975958,0.09103072629093223,0.09891690634494044,0.007886180054008207,0.08413225364095833
0.08921119555900184,0.09100662215269306,0.09888699259548694,0.007880370442793883,0.08418132962203284
0.0898668660135288,0.09098173803053555,0.09885629607518442,0.007874558044648872,0.08423025441193754
0.09052293116079002,0.09095483843063867,0.09882358219372911,0.007868743763090436,0.08427902816293997
0.09117939123837793,0.09092669785933971,0.0987896235262804,0.00786292566694069,0.0843276510273121
0.09183624648402802,0.0908970215251772,0.09875412662431948,0.00785710509914228,0.08437612315732235
0.09249349713561887,0.09086584764224259,0.0987171303100407,0.00785128266779811,0.08442444470524091
0.09315114343117228,0.09083349461535395,0.09867895077090072,0.00784545615554677,0.0844726158233371
0.09380918560885329,0.0907992086604974,0.09863883614590119,0.007839627485403788,0.08452063666388199
0.09446762390697037,0.0907642666296482,0.09859806360134282,0.007833796971694618,0.08456850737914401
0.09512645856397539,0.09072713127793008,0.09855509339055679,0.007827962112626707,0.08461622812139336
0.09578568981846378,0.0906892061509934,0.09851133155886238,0.007822125407868974,0.08466379904290022
0.09644531790917459,0.09064978690786418,0.09846607351454573,0.007816286606681544,0.08471122029593303
0.0971053430749906,0.09060897899743647,0.09841942274092474,0.007810443743488271,0.08475849203276198
0.09776576555493835,0.09056716359091688,0.09837176266318703,0.0078045990722701575,0.08480561440565815
0.09842658558818834,0.09052375640863808,0.09832250844475077,0.007798752036112688,0.08485258756688996
0.09908780341405497,0.0904795568687895,0.09827245812351482,0.007792901254725315,0.08489941166872672
0.09974941927199674,0.09043355310433387,0.09822060178994718,0.007787048685613307,0.0849460868634404
0.10041143340161626,0.09038685797480728,0.0981680514597203,0.007781193484913018,0.08499261330329766
0.10107384604266044,0.09033864298652539,0.09811397784073161,0.007775334854206228,0.08503899114057134
0.10173665743502044,0.09028947679944288,0.09805895125562891,0.007769474456186032,0.08508522052752898
0.10239986781873184,0.09023924949018447,0.0980028606519916,0.007763611161807127,0.08513130161644167
0.10306347743397476,0.09018763269375896,0.09794537744482756,0.007757744751068607,0.08517723455957782
0.10372748652107383,0.09013544078472524,0.0978873173782624,0.007751876593537155,0.08522301950920763
0.10439189532049843,0.0900815762931062,0.09782758156989058,0.0077460052767843735,0.08526865661760219
0.10505670407286263,0.09002708481615151,0.09776721597186189,0.0077401311557103725,0.08531414603702991
0.10572191301892536,0.08997140277981597,0.09770565808828913,0.007734255308473159,0.085359487919761
0.10638752239959048,0.08991476865371428,0.09764314469479896,0.0077283760410846725,0.08540468241806476
0.1070535324559069,0.08985722145730524,0.0975797157370879,0.007722494279782666,0.0854497296842105
0.10771994342906856,0.08979863363323837,0.09751524444628945,0.0077166108130510835,0.0854946298704693
0.10838675556041466,0.08973933746362839,0.0974500611308251,0.007710723667196717,0.08553938312911047
0.10905396909142964,0.08967873379595304,0.09738356813212778,0.0077048343361747484,0.08558398961240332
0.10972158426374333,0.08961766512636693,0.0973166084469339,0.0076989433205669755,0.08562844947261716
0.11038960131913099,0.08955540181026933,0.09724845017911399,0.007693048368844657,0.08567276286202397
0.11105802049951344,0.08949245091144586,0.09717960245046076,0.0076871515390148915,0.08571692993289126
0.11172684204695713,0.08942880706668177,0.0971100600375383,0.007681252970856534,0.08576095083748836
0.11239606620367419,0.08936407507979016,0.09703942544077027,0.007675350360980104,0.08580482572808723
0.11306569321202262,0.08929890902119197,0.0969683551248437,0.0076694461036517225,0.0858485547569563
0.11373572331450624,0.08923270680527295,0.0968962466518617,0.0076635398465887405,0.08589213807636487
0.1144061567537749,0.08916589434680855,0.09682352420658358,0.007657629859775028,0.08593557583858402
0.11507699377262448,0.08909833752464724,0.09675005577130058,0.0076517182466533384,0.08597886819588307
0.11574823461399708,0.0890301575286836,0.09667596190304906,0.007645804374365461,0.08602201530053044
0.11641987952098096,0.08896127813728416,0.0966011652198917,0.007639887082607544,0.0860650173047981
0.11709192873681076,0.08889171714987754,0.09652568533566974,0.007633968185792206,0.08610787436095269
0.11776438250486752,0.08882170049766192,0.09644974727003763,0.007628046772375718,0.08615058662126795
0.11843724106867884,0.08875082872967255,0.09637295097773357,0.007622122248061025,0.08619315423801055
0.11911050467191883,0.08867959488161947,0.09629579102165664,0.007616196140037168,0.08623557736345155
0.11978417355840834,0.0886077232752962,0.09621799053530111,0.00761026726000491,0.08627785614986028
0.12045824797211499,0.08853528312980696,0.09613961870571153,0.007604335575904564,0.08631999074950691
0.12113272815715324,0.08846247379765781,0.09606087612720504,0.007598402329547227,0.08636198131466077
0.12180761435778452,0.08838902390620262,0.09598148996402234,0.007592466057819713,0.08640382799759116
0.12248290681841728,0.08831518732169563,0.09590171460878683,0.007586527287091194,0.08644553095056917
0.12315860578360711,0.08824091769608167,0.095821504671739,0.007580586975657333,0.08648709032586321
0.12383471149805679,0.08816618068674043,0.09574082407430584,0.007574643387565416,0.0865285062757426
0.12451122420661645,0.08809105229859426,0.09565974990233972,0.007568697603745456,0.0865697789524793
0.12518814415428356,0.08801562413933972,0.095578374440211,0.007562750300871279,0.08661090850834174
0.12586547158620312,0.08793974183303366,0.09549654130518093,0.007556799472147269,0.08665189509559923
0.12654320674766764,0.08786354917478167,0.09541439592393264,0.007550846749150963,0.08669273886652284
0.12722134988411735,0.08778714352421968,0.09533203605307072,0.007544892528851044,0.08673343997338101
0.12789990124114017,0.08771029789260076,0.09524923242822858,0.007538934535627817,0.08677399856844392
0.12857886106447194,0.08763326583465858,0.09516624078240365,0.007532974947745075,0.08681441480398089
0.1292582295999963,0.08755603719964533,0.09508305092248381,0.007527013722838483,0.086854688832263
0.12993800709374503,0.08747848047490514,0.09499952927811961,0.0075210488032144696,0.08689482080555866
0.13061819379189793,0.08740075619952314,0.09491583862462871,0.007515082425105568,0.08693481087613808
0.13129878994078303,0.08732295409342683,0.09483206825152912,0.0075091141581022924,0.08697465919627057
0.13197979578687663,0.08724484408936117,0.09474798659061001,0.007503142501248838,0.0870143659182272
0.13266121157680344,0.08716668163717856,0.0946638510451212,0.00749716940794265,0.08705393119427551
0.1333430375573365,0.08708845922294461,0.09457965339892471,0.007491194175980098,0.08709335517668837
0.1340252739753976,0.08700995571978343,0.0944951715769804,0.00748521585719697,0.08713263801773241
0.13470792107805699,0.08693162415630962,0.09441086028039258,0.007479236124082966,0.08717177986967961
0.13539097911253375,0.08685311039612031,0.09432636440081144,0.007473254004691121,0.08721078088479839
0.13607444832619572,0.0867745750890041,0.09424184418864012,0.00746726909963602,0.08724964121535805
0.1367583289665597,0.08669612042823971,0.0941574032307102,0.0074612828024704925,0.08728836101363058
0.13744262128129148,0.08661755061139864,0.09407284448495723,0.007455293873558588,0.08732694043188349
0.1381273255182059,0.08653915566148385,0.09398845811973366,0.007449302458249818,0.087365379622387
0.13881244192526696,0.08646073138869159,0.09390404106183414,0.007443309673142551,0.08740367873741217
0.13949797075058804,0.0863824827927937,0.0938197968057981,0.0074373140130044035,0.08744183792922655
0.14018391224243174,0.08630425884827453,0.09373557501208651,0.007431316163811985,0.08747985735010211
0.14087026664921018,0.08622620769054379,0.09365152465777005,0.007425316967226259,0.08751773715230726
0.14155703421948498,0.08614834534672067,0.09356766000124939,0.007419314654528719,0.08755547748811221
0.14224421520196748,0.08607044854746437,0.0934837589956441,0.007413310448179722,0.08759307850978626
0.1429318098455186,0.08599312478597376,0.09340042970290341,0.007407304916929647,0.0876305403696005
0.14361981839914914,0.08591570259992753,0.09331699863064102,0.007401296030713489,0.08766786321982334
0.1443082411120198,0.0858386053153275,0.09323389085960354,0.007395285544276042,0.0877050472127241
0.14499707823344124,0.0857619446907183,0.09315121844624308,0.007389273755524783,0.08774209250057385
0.14568633001287423,0.0856851384336208,0.09306839680882106,0.007383258375200263,0.08777899923564192
0.14637599669992968,0.08560912543965138,0.09298636712574204,0.007377241686090663,0.0878157675701976
0.1470660785443688,0.0855332085164564,0.09290443199121956,0.0073712234747631555,0.0878523976565102
0.147756575796103,0.08545762486954267,0.09282282679222487,0.007365201922682196,0.08788888964685082
0.14844748870519436,0.08538252363797572,0.09274170274663174,0.007359179108656022,0.08792524369348875
0.14913881752185534,0.08530760685694005,0.09266076138757828,0.0073531545306382284,0.08796145994869331
0.14983056249644908,0.08523339735452051,0.09258052426341479,0.007347126908894275,0.08799753856473469
0.1505227238794893,0.08515936959164971,0.09250046763969166,0.00734109804804195,0.0880334796938822
0.15121530192164073,0.08508601921324566,0.09242108639691526,0.007335067183669608,0.08806928348840604
0.15190829687371887,0.0850130199076915,0.09234205347829061,0.007329033570599108,0.08810495010057551
0.1526017089866902,0.08494039903608286,0.09226339777742965,0.007322998741346787,0.08814047968266081
0.15329553851167227,0.08486861509787502,0.09218557676917882,0.007316961671303801,0.08817587238693214
0.15398978569993385,0.0847969075692463,0.09210782971482345,0.007310922145577159,0.08821112836565703
0.15468445080289495,0.0847260678352093,0.09203094926188626,0.007304881426676957,0.08824624777110746
0.15537953407212687,0.08465556051610879,0.09195439874811395,0.007298838232005167,0.08828123075555272
0.15607503575935242,0.08458538177281838,0.09187817464543357,0.007292792872615195,0.08831607747126213
0.15677095611644587,0.0845161134189425,0.09180285976208946,0.007286746343146966,0.08835078807050589
0.1574672953954332,0.08444689703776387,0.09172759414299403,0.0072806971052301606,0.08838536270555242
0.158164053848492,0.08437851236406235,0.09165315835555798,0.007274645991495632,0.08841980152867368
0.15886123172795175,0.08431057336018721,0.0915791670910453,0.007268593730858086,0.0884541046921381
0.15955882928629375,0.08424290653822997,0.09150544506965197,0.0072625385314220026,0.08848827234821588
0.16025684677615137,0.08417608042293168,0.09143256216591222,0.007256481742980547,0.08852230464917543
0.16095528445031,0.08410948520947414,0.0913599090403654,0.0072504238308912505,0.08855620174728873
0.16165414256170718,0.08404359644734072,0.09128795919934518,0.007244362752004463,0.08858996379482331
0.16235342136343273,0.08397812345849243,0.09121642382729522,0.007238300368802797,0.08862359094405026
0.16305312110872888,0.08391312939366369,0.0911453662186883,0.007232236825024607,0.08865708334723887
0.16375324205099023,0.08384878436234722,0.09107495437170154,0.007226170009354327,0.08869044115665936
0.16445378444376393,0.08378467895467079,0.09100478106632703,0.007220102111656246,0.08872366452458103
0.16515474854074977,0.08372147585032241,0.09093550867021438,0.007214032819891969,0.08875675360327406
0.1658561345958003,0.08365850772455197,0.09086646827135603,0.00720796054680406,0.08878970854500778
0.16655794286292078,0.08359601889035861,0.09079790610553573,0.007201887215177116,0.0888225295020506
0.16726017359626943,0.0835343807007689,0.09073019295910445,0.007195812258335543,0.08885521662667539
0.16796282705015753,0.08347280394743883,0.09066253855606199,0.007189734608623155,0.08888777007114879
0.1686659034790493,0.08341214755070414,0.09059580347463925,0.007183655923935106,0.08892018998774276
0.1693694031375623,0.08335188131473537,0.09052945669998458,0.007177575385249213,0.08895247652872662
0.17007332628046726,0.0832919091006632,0.09046340154066712,0.007171492440003924,0.08898462984636968
0.17077767316268827,0.08323289494152775,0.09039830342495403,0.007165408483426283,0.08901665009294035
0.17148244403930288,0.08317401503154453,0.090333337477988,0.007159322446443461,0.08904853742071062
0.1721876391655423,0.0831158875820508,0.09026912186910607,0.007153234287055277,0.08908029198194978
0.17289325879679127,0.08305829835663125,0.09020544349667947,0.007147145140048217,0.08911191392892714
0.17359930318858827,0.08300096110056376,0.09014201478919759,0.007141053688633825,0.08914340341391203
0.17430577259662555,0.08294454486557079,0.0900795052623522,0.007134960396781409,0.08917476058917462
0.1750126672767495,0.0828883950568926,0.09001726119799258,0.0071288661410999765,0.08920598560698423
0.17571998748496026,0.08283288570047453,0.089955655059903,0.00712276935942846,0.08923707861961194
0.17642773347741225,0.08277791816616098,0.08989458918323923,0.0071166710170782466,0.08926803977932707
0.17713590551041397,0.08272328636243031,0.08983385809718847,0.007110571734758153,0.08929886923839803
0.17784450384042833,0.0826695490078011,0.08977401871511237,0.007104469707311267,0.08932956714909501
0.17855352872407249,0.08261604466339723,0.08971441106011024,0.007098366396713018,0.08936013366368822
0.1792629804181182,0.08256328229807242,0.08965554446815105,0.007092262170078634,0.08939056893444786
0.1799728591794917,0.08251098815511426,0.08959714313674905,0.007086154981634785,0.0894208731136441
0.18068316526527392,0.08245896149983167,0.08953900828514971,0.007080046785318039,0.0894510463535445
0.1813938989327006,0.08240806042634219,0.08948199798502277,0.007073937558680576,0.08948108880642014
0.18210506043916222,0.08235724023725677,0.08942506566986008,0.007067825432603314,0.0895110006245412
0.18281665004220427,0.08230705984512543,0.08936877227849482,0.007061712433369394,0.08954078196017612
0.18352866799952722,0.08225766104397803,0.08931325922529343,0.007055598181315403,0.08957043296559597
0.18424111456898679,0.08220834230973217,0.08925782362099266,0.007049481311260486,0.08959995379307006
0.18495399000859378,0.08216005134365645,0.08920341493583805,0.007043363592181606,0.08962934459486771
0.18566729457651437,0.08211213415641172,0.08914937855664995,0.0070372444002382295,0.0896586055232591
0.18638102853107014,0.08206455278015135,0.08909567564962906,0.007031122869477713,0.08968773673051444
0.18709519213073816,0.08201793789992706,0.0890429384138205,0.007025000513893431,0.08971673836890215
0.18780978563415116,0.0819715167288102,0.08899039319667779,0.007018876467867585,0.08974561059069242
0.18852480930009746,0.08192583641457318,0.08893858677450961,0.007012750359936426,0.08977435354815633
0.18924026338752115,0.08188075642866455,0.0888873798801102,0.007006623451445648,0.0898029673935623
0.18995614815552236,0.0818359125983843,0.08883640723581454,0.0070004946374302435,0.08983145227918055
0.19067246386335707,0.0817920743912941,0.08878643842741596,0.006994364036121858,0.08985980835728036
0.19138921077043725,0.08174854380079655,0.0887367764593785,0.00698823265858195,0.08988803578013194
0.1921063891363312,0.08170558312990117,0.08868768229284285,0.0069820991629416795,0.08991613470000459
0.19282399922076332,0.08166330353049833,0.08863926768280006,0.006975964152301728,0.08994410526916852
0.19354204128361446,0.08162133684197137,0.08859116523179544,0.006969828389824073,0.08997194763989214
0.1942605155849219,0.0815802670990271,0.08854395739822163,0.006963690299194525,0.08999966196444831
0.1949794223848794,0.08153956060643086,0.08849711156995266,0.006957550963521797,0.09002724839510368
0.1956987619438373,0.08149940871112538,0.08845081961158563,0.006951410900460253,0.09005470708412933
0.19641853452230287,0.08146000122827957,0.0884052695300257,0.0069452683017461325,0.09008203818379457
0.19713874038094,0.08142088234595857,0.0883600070715378,0.0069391247255792265,0.09010924184636959
0.19785937978056956,0.08138266256489857,0.08831564301143668,0.006932980446538117,0.09013631822412371
0.19858045298216936,0.08134482219214423,0.08827165561904504,0.006926833426900814,0.09016326746932801
0.1993019602468745,0.08130733066732532,0.0882280163623479,0.006920685695022577,0.09019008973425002
0.20002390183597707,0.08127099926203485,0.08818553633740578,0.00691453707537093,0.09021678517116083
0.2007462780109265,0.08123476661566809,0.08814315254737082,0.006908385931702732,0.09024335393232885
0.2014690890333297,0.08119921830158017,0.08810145243070977,0.006902234129129603,0.09026979617002606
0.20219233516495091,0.08116447792288906,0.08806055915060096,0.006896081227711903,0.09029611203652177
0.2029160166677121,0.08112987107308811,0.0880197971470027,0.006889926073914587,0.0903223016840835
0.2036401338036928,0.08109627359397553,0.08798004387987124,0.006883770285895707,0.09034836526498324
0.20436468683513034,0.08106313863653547,0.0879407518270483,0.006877613190512832,0.0903743029314894
0.20508967602441988,0.08103027758761705,0.08790173169962401,0.006871454112006958,0.09040011483587307
0.2058151016341146,0.0809985330097529,0.08786382743377086,0.006865294424017954,0.09042580113040266
0.20654096392692564,0.08096701787044225,0.08782615109316083,0.006859133222718583,0.09045136196734926
0.2072672631657224,0.08093611851272353,0.08778908881787029,0.006852970305146755,0.09047679749898041
0.20799399961353235,0.08090603296073695,0.08775283976362136,0.006846806802884409,0.09050210787756896
0.20872117353354147,0.0808761520379635,0.08771679362191698,0.006840641583953477,0.09052729325538245
0.20944878518909407,0.08084722184681059,0.08768169675999005,0.006834474913179456,0.09055235378469106
0.210176834843693,0.08081880980400857,0.08764711748656762,0.006828307682559043,0.09057728961776412
0.21090532276099974,0.08079070788873643,0.08761284642325329,0.006822138534516853,0.0906021009068727
0.21163424920483453,0.08076362389110692,0.0875795920877227,0.006815968196615785,0.09062678780428524
0.2123636144391763,0.08073689984063215,0.08754669716439523,0.006809797323763078,0.0906513504622728
0.213093418728163,0.08071074778943643,0.08751437212479374,0.006803624335357306,0.09067578903310292
0.21382366233609157,0.08068536089020739,0.08748281130682312,0.006797450416615725,0.09070010366904757
0.21455434552741795,0.08066033931436589,0.08745161530223466,0.006791275987868772,0.09072429452237518
0.21528546856675743,0.0806361443594037,0.0874212436074755,0.006785099248071802,0.09074836174535683
0.21601703171888448,0.08061246903080388,0.08739139086578351,0.006778921834979634,0.09077230549026094
0.21674903524873293,0.08058925737258882,0.08736200126300453,0.006772743890415711,0.0907961259093586
0.2174814794213962,0.08056693372793511,0.08733349726281503,0.006766563534879921,0.09081982315491643
0.21821436450212722,0.08054498444044178,0.08730536715456694,0.006760382714125157,0.0908433973792091
0.21894769075633863,0.080523740494713,0.08727794165472602,0.006754201160013018,0.09086684873450235
0.21968145844960277,0.0805031519645798,0.087251169423193,0.006748017458613198,0.09089017737306726
0.2204156678476519,0.08048294318629168,0.08722477650337535,0.0067418333170836675,0.09091338344717315
0.2211503192163783,0.08046367403618504,0.08719932227911986,0.006735648242934822,0.09093646710909109
0.22188541282183416,0.08044483507791966,0.08717429636062324,0.006729461282703575,0.09095942851108951
0.22262094893023196,0.08042639207513069,0.08714966598260343,0.006723273907472738,0.09098226780543861
0.2233569278079443,0.08040909394667128,0.08712617934968048,0.006717085403009193,0.09100498514440858
0.22409334972150435,0.08039201901436854,0.08710291428553152,0.0067108952711629755,0.09102758068026784
0.22483021493760547,0.08037559122940685,0.08708029597890032,0.006704704749493473,0.09105005456528747
0.2255675237231017,0.0803600361130723,0.08705854901770671,0.006698512904634413,0.0910724069517368
0.22630527634500772,0.08034473965698385,0.08703705934555828,0.006692319688574422,0.09109463799188511
0.22704347307049885,0.08033033411600954,0.08701646022391518,0.006686126107905643,0.0911167478380035
0.22778211416691135,0.0803165363583469,0.0869964673711161,0.006679931012769202,0.0911387366423595
0.2285211999017424,0.08030303282429951,0.08697676762436934,0.0066737348000698304,0.09116060455722419
0.22926073054265012,0.08029065649670475,0.08695819474472799,0.0066675382480232415,0.09118235173486777
0.23000070635745376,0.08027863044034422,0.08693997043325918,0.006661339992914961,0.09120397832755955
0.23074112761413393,0.08026702377996209,0.08692216465128855,0.006655140871326459,0.09122548448756884
0.23148199458083238,0.08025659406756258,0.08690553550324953,0.00664894143568695,0.09124687036716583
0.2322233075258524,0.0802463540506535,0.08688909416175239,0.006642740111098888,0.09126813611862072
0.23296506671765865,0.08023678639947196,0.08687332456801045,0.006636538168538486,0.09128928189420193
0.2337072724248776,0.08022818245780261,0.08685851839506231,0.0066303359372597015,0.09131030784618055
0.23444992491629724,0.08021974281346633,0.08684387444733233,0.006624131633865993,0.09133121412682499
0.23519302446086743,0.0802122209912417,0.08683014794965338,0.0066179269584116795,0.09135200088840634
0.23593657132769996,0.08020544115060968,0.08681716305579368,0.006611721905183998,0.09137266828319301
0.23668056578606855,0.08019883228445224,0.08680434711270912,0.0066055148282568865,0.0913932164634561
0.2374250081054091,0.08019336305399971,0.08679267056214446,0.006599307508144747,0.09141364558146492
0.23816989855531961,0.08018840719905107,0.0867815068194826,0.006593099620431531,0.09143395578948876
0.23891523740556045,0.08018371731102558,0.08677060727281916,0.006586889961793574,0.09145414723979783
0.2396610249260543,0.08018024801678614,0.08676092810220037,0.006580680085414237,0.09147422008466144
0.2404072613868864,0.08017713045449781,0.08675159990881287,0.006574469454315057,0.09149417447634978
0.2411539470583045,0.08017450261724512,0.0867427599197157,0.00656825730247057,0.09151401056713215
0.2419010822107191,0.08017291123785153,0.08673495619621008,0.006562044958358548,0.09153372850927877
0.24264866711470343,0.08017164626834283,0.08672747794347657,0.006555831675133739,0.09155332845505892
0.24339670204099362,0.08017108709427312,0.08672070421300404,0.0065496171187309216,0.09157281055674282
0.24414518726048878,0.08017138800355195,0.08671479039911834,0.006543402395566389,0.09159217496659977
0.24489412304425107,0.08017198991958274,0.08670917647121446,0.006537186551631713,0.09161142183689996
0.2456435096635058,0.08017350596388262,0.08670447564333994,0.006530969679457321,0.09163055131991271
0.2463933473896416,0.08017571352726893,0.08670046619332528,0.006524752666056344,0.09164956356790732
0.2471436364942105,0.08017819661374226,0.08669673096671993,0.006518534352977667,0.09166845873315577
0.24789437724892788,0.08018179437428774,0.08669410962824031,0.006512315253952572,0.09168723696792469
0.24864556992567277,0.0801859229483286,0.08669201898759304,0.006506096039264442,0.09170589842448607
0.2493972147964878,0.08019037802527773,0.08669025337403102,0.006499875348753292,0.0917244432551092
0.2501493121335795,0.08019598739907519,0.08668964151100234,0.00649365411192715,0.09174287161206252
0.25090186220931804,0.0802020513309385,0.08668948411596755,0.006487432785029057,0.0917611836476171
0.2516548652962377,0.08020856643334273,0.08668977624227825,0.0064812098089355175,0.09177937951404314
0.25240832166703686,0.08021612003612777,0.08669110655961099,0.006474986523483217,0.09179745936360906
0.2531622315945779,0.08022413366312531,0.08669289683669845,0.006468763173573144,0.09181542334858595
0.2539165953518876,0.08023271505173213,0.0866952530556171,0.006462538003884966,0.09183327162124222
0.25467141321215697,0.08024222720657104,0.0866985399656679,0.0064563127590968605,0.09185100433384807
0.25542668544874153,0.08025217859666167,0.08670226589732533,0.006450087300663654,0.09186862163867282
0.25618241233516137,0.08026285873432748,0.08670671893864945,0.006443860204321972,0.09188612368798754
0.2569385941451013,0.08027434375372078,0.08671197684332554,0.006437633089604766,0.09190351063406155
0.25769523115241066,0.08028624251178496,0.08671764809554805,0.006431405583763095,0.09192078262916326
0.25845232363110376,0.08029903225661794,0.08672420893793742,0.006425176681319478,0.09193793982556375
0.25920987185536004,0.08031250444203675,0.08673145222822676,0.00641894778619001,0.09195498237553235
0.25996787609952365,0.08032636478999677,0.08673908311522993,0.006412718325233158,0.09197191043133923
0.26072633663810413,0.08034127031465488,0.08674775802094015,0.006406487706285269,0.09198872414525372
0.2614852537457762,0.08035674395608439,0.08675700107644513,0.006400257120360742,0.09200542366954512
0.2622446276973798,0.0803726037211101,0.08676662951780667,0.0063940257966965675,0.09202200915648451
0.26300445876792056,0.08038960752401447,0.0867774010749569,0.006387793550942433,0.09203848075834031
0.2637647472325695,0.08040709689950365,0.08678865826344317,0.006381561363939525,0.09205483862738184
0.2645254933666632,0.08042505009903422,0.08680037836912113,0.006375328270086911,0.09207108291588106
0.2652866974457042,0.080444078418763,0.08681317290608259,0.006369094487319593,0.09208721377610551
0.2660483597453608,0.08046359779397605,0.0868264585830234,0.006362860789047353,0.09210323136032716
0.26681048054146717,0.08048365036374605,0.08684027638137337,0.00635662601762732,0.09211913582081266
0.2675730601100235,0.08050471745042653,0.08685510823815612,0.006350390787729587,0.09213492730983397
0.2683360987271963,0.08052628107820592,0.08687043674629269,0.0063441556680867706,0.0921506059796613
0.2690995966693182,0.08054843889625829,0.08688635820807722,0.006337919311818929,0.09216617198256305
0.2698635542128882,0.08057155898696777,0.08690324171172392,0.006331682724756149,0.09218162547080944
0.2706279716345717,0.08059518110689812,0.08692062738062312,0.0063254462737249995,0.09219696659666976
0.27139284921120066,0.08061944999343407,0.0869386584188554,0.00631920842542133,0.09221219551241422
0.27215818721977375,0.08064463731176374,0.08695760788300433,0.006312970571240584,0.0922273123703139
0.27292398593745637,0.0806703267419131,0.08697705958696123,0.006306732845048124,0.09224231732263544
0.2736902456415806,0.08069671786696109,0.08699721149839945,0.006300493631438364,0.09225721052165081
0.2744569666096458,0.0807239866225844,0.08701824122284485,0.006294254600260452,0.09227199211962933
0.275224149119318,0.08075173173751349,0.08703974726685182,0.006288015529338331,0.09228666226884119
0.27599179344843056,0.08078027664233023,0.08706205184543414,0.006281775203103912,0.09230122112155481
0.2767598998749842,0.0808096410305863,0.08708517611570432,0.0062755350851180225,0.09231566883004039
0.27752846867714676,0.0808394559485075,0.08710875071098823,0.006269294762480726,0.092330005546569
0.27829750013325366,0.0808701603578239,0.0871332137716907,0.006263053413866793,0.0923442314234082
0.2790669945218079,0.080901634559293,0.08715844685861462,0.0062568122993216235,0.09235834661283082
0.27983695212147996,0.08093353338430198,0.08718410420235934,0.006250570818057355,0.09237235126710353
0.2806073732111083,0.0809664029635,0.08721073150086411,0.006244328537364119,0.09238624553849739
0.28137825806969896,0.0810000011435843,0.08723808766015839,0.006238086516574093,0.09240002957928262
0.2821496069764262,0.08103399796525057,0.08726584193508469,0.006231843969834117,0.09241370354172762
0.28292142021063227,0.08106903832017309,0.08729463916759528,0.006225600847422186,0.0924272675781026
0.2836936980518274,0.08110477462868726,0.08732413263943783,0.006219358010750575,0.09244072184067775
0.2844664407796903,0.08114088352165005,0.08735399801340105,0.006213114491750993,0.09245406648172327
0.28523964867406787,0.08117810019841087,0.08738497081643892,0.006206870618028049,0.09246730165350758
0.2860133220149756,0.08121598876917435,0.08741661582506044,0.006200627055886088,0.09248042750830177
0.2867874610825974,0.08125422379273406,0.08744860645063479,0.006194382657900732,0.09249344419837424
0.287562066157286,0.08129362227751624,0.08748176040083422,0.006188138123317977,0.09250635187599698
0.2883371375195628,0.08133367722794649,0.0875155711541078,0.006181893926161308,0.09251915069343664
0.28911267545011804,0.0813740524256712,0.08754970116818406,0.0061756487425128626,0.09253184080296517
0.28988868022981096,0.0814156381445219,0.08758504178208337,0.006169403637561466,0.0925444223568519
0.2906651521396699,0.08145787357522849,0.08762103247111064,0.006163158895882148,0.09255689550736612
0.29144209146089245,0.0815004029745543,0.08765731599449289,0.006156913019938592,0.09256926040677715
0.2922194984748452,0.08154418129317875,0.08769484872832134,0.006150667435142587,0.09258151720735697
0.2929973734630643,0.0815885956296496,0.08773301777821363,0.006144422148564033,0.0925936660613722
0.2937757167072555,0.08163330889940035,0.08777148466403606,0.006138175764635712,0.09260570712109484
0.2945545284892938,0.08167928512294509,0.0878112149134953,0.006131929790550217,0.09261764053879329
0.2953338090912242,0.08172587650712249,0.08785156046676779,0.0061256839596453005,0.09262946646673864
0.29611355879526124,0.0817728035651406,0.08789224081629499,0.00611943725115438,0.09264118505719932
0.2968937778837895,0.08182098293797502,0.08793417391632907,0.006113190978354055,0.0926527964624464
0.2976744666393636,0.0818697653434981,0.08797671004006791,0.006106944696569805,0.0926643008347483
0.298455625344708,0.08191892024062053,0.0880196179947319,0.006100697754111373,0.09267569832637612
0.2992372542827175,0.08196930794610857,0.08806375921930165,0.00609445127319308,0.09268698908959827
0.3000193537364573,0.08202029532906874,0.08810849996306924,0.006088204634000505,0.09269817327668495
0.3008019239891627,0.08207169209758103,0.08815364964577022,0.0060819575481891874,0.09270925103990724
0.30158496532423995,0.08212429325785742,0.08820000420761609,0.0060757109497586725,0.09272022253153178
0.3023684780252654,0.0821774995564093,0.08824696360305762,0.006069464046648321,0.09273108790383144
0.3031524623759864,0.08223115220965482,0.08829436911776245,0.006063216908107627,0.09274184730907375
0.30393691866032113,0.08228597188539055,0.08834294216816918,0.006056970282778629,0.09275250089953069
0.30472184716235856,0.08234141101936032,0.08839213422861736,0.006050723209257036,0.09276304882747066
0.3055072481663587,0.08239733355135836,0.08844180965996884,0.006044476108610475,0.09277349124516299
0.3062931219567527,0.08245437674151823,0.08849260628852118,0.006038229547002949,0.09278382830487786
0.30707946881814285,0.08251206261201816,0.08854404500860014,0.006031982396581981,0.09279406015888547
0.3078662890353029,0.08257026899706688,0.08859600442152171,0.006025735424454837,0.09280418695945425
0.3086535828931779,0.08262954063867411,0.08864902965585486,0.006019489017180746,0.09281420885885616
0.3094413506768845,0.08268948712771351,0.08870272901109111,0.006013241883377596,0.09282412600935963
0.31022959267171085,0.08274999132000804,0.08875698645039609,0.006006995130388049,0.09283393856323396
0.3110183091631172,0.08281149628789031,0.08881224525594611,0.006000748968055802,0.09284364667274936
0.31180750043673516,0.08287371725799186,0.08886821920237509,0.005994501944383224,0.09285325049017512
0.3125971667783686,0.08293653319123528,0.08892478869237053,0.005988255501135242,0.09286275016778234
0.31338730847399326,0.08300025019501778,0.0889822597294252,0.0059820095344074176,0.09287214585783943
0.31417792580975723,0.0830647855915938,0.0890405484458956,0.0059757628543017915,0.09288143771261659
0.3149690190719806,0.08312992717860901,0.08909944398999414,0.005969516811385134,0.09289062588438401
0.315760588547156,0.08319585517458794,0.08915912627735612,0.005963271102768175,0.09289971052541102
0.31655263452194843,0.08326272461342299,0.08921974950120948,0.005957024887786488,0.09290869178796601
0.3173451572831955,0.08333020574577077,0.0892809850815377,0.005950779335766931,0.09291756982432098
0.31813815711790755,0.08339834935150758,0.08934288333023588,0.005944533978728295,0.09292634478674522
0.31893163431326754,0.08346756670352562,0.08940585502295217,0.0059382883194265546,0.09293501682750716
0.3197255891566314,0.08353740125111475,0.0894694445999571,0.005932043348842342,0.09294358609887876
0.320520021935528,0.08360776502181899,0.0895335634586445,0.005925798436825502,0.09295205275312757
0.3213149329376593,0.0836793441360486,0.08959889755977546,0.005919553423726853,0.09296041694252377
0.3221103224509005,0.08375154594675216,0.08966485507183553,0.005913309125083366,0.09296867881933846
0.32290619076329996,0.08382421824963249,0.08973128300113675,0.005907064751504265,0.09297683853583916
0.3237025381630796,0.08389808907821017,0.0897989095533065,0.0059008204750963245,0.09298489624429784
0.3244993649386348,0.08397267197747915,0.08986724891633902,0.0058945769388598634,0.09299285209698294
0.32529667137853446,0.08404769868610362,0.08993603188320431,0.0058883331971006925,0.09300070624616463
0.32609445777152124,0.08412383344370866,0.090005923191538,0.005882089747829333,0.09300845884411224
0.3268927244065116,0.08420080720297385,0.0900766542673983,0.005875847064424455,0.09301611004309596
0.32769147157259604,0.08427819214680898,0.09014779619463642,0.005869604047827437,0.09302365999538598
0.32849069955903887,0.08435657021253284,0.09021993172862164,0.005863361516088794,0.09303110885325072
0.32929040865527864,0.08443590663604539,0.0902930264119366,0.005857119775891206,0.09303845676896128
0.3300905991509281,0.08451561133299368,0.09036648891074606,0.005850877577752378,0.09304570389478695
0.33089127133577445,0.08459618195150043,0.09044081800539328,0.005844636053892849,0.09305285038299704
0.33169242549977923,0.08467782995844342,0.09051622528279335,0.005838395324349932,0.09305989638586176
0.3324940619330785,0.08475981215726325,0.09059196621805388,0.005832154060790629,0.09306684205565041
0.3332961809259831,0.08484252425707606,0.09066843789217405,0.00582591363509799,0.09307368754463319
0.3340987827689785,0.08492640953496888,0.09074608340642776,0.005819673871458875,0.09308043300508029
0.33490186775272496,0.08501064979098505,0.09082408356166649,0.005813433770681442,0.09308707858925924
0.335705436168058,0.08509548730795657,0.09090268184133787,0.005807194533381299,0.09309362444944203
0.336509488305988,0.08518152811241997,0.09098248394120656,0.0058009558287865914,0.09310007073789883
0.3373140244577004,0.08526797940739161,0.09106269638836828,0.005794716980976666,0.0931064176068972
0.3381190449145563,0.08535501673298729,0.09114349575521175,0.0057884790222244575,0.09311266520870909
0.3389245499680919,0.08544304098404165,0.09122528245379335,0.005782241469751703,0.09311881369560204
0.339730539910019,0.08553165618746661,0.09130766015248959,0.00577600396502298,0.09312486321984714
0.3405370150322249,0.08562084608013887,0.09139061345504285,0.005769767374903978,0.09313081393371458
0.34134397562677266,0.08571080345332849,0.09147433452088549,0.005763531067557004,0.09313666598947368
0.34215142198590126,0.0858015353257553,0.0915588303217012,0.005757294995945905,0.09314241953939284
0.3429593544020255,0.08589283043705187,0.09164389030151643,0.005751059864464558,0.09314807473574316
0.3437677731677361,0.08598467083982708,0.09172949573500144,0.005744824895174361,0.09315363173079394
0.34457667857580015,0.08607747203611726,0.09181606238275286,0.005738590346635597,0.09315909067681538
0.3453860709191608,0.08617082491390082,0.09190318167761458,0.005732356763713753,0.09316445172607768
0.3461959504909376,0.08626453126914324,0.09199065449447019,0.005726123225326951,0.09316971503084925
0.34700631758442657,0.0863593215574161,0.0920792118471434,0.005719890289727303,0.0931748807434003
0.3478171724931002,0.08645468464903416,0.09216834299423216,0.005713658345197992,0.09317994901600102
0.3486285155106077,0.08655035697811275,0.09225778330859047,0.005707426330477716,0.09318492000092071
0.3494403469307751,0.08664693915914157,0.09234813425673227,0.0057011950975907055,0.09318979385042958
0.3502526670476052,0.08674426481455377,0.09243922969574747,0.005694964881193698,0.09319457071679604
0.3510654761552778,0.08684185530578414,0.09253058978858952,0.00568873448280538,0.09319925075229207
0.35187877454814986,0.08694018014698468,0.09262268518929417,0.005682505042309494,0.0932038341091852
0.35269256252075554,0.08703940552401068,0.09271568209913372,0.00567627657512304,0.0932083209397474
0.3535068403678062,0.08713888137196513,0.09280892932616336,0.005670047954198232,0.0932127113962471
0.35432160838419063,0.08723889986834887,0.09290272026401603,0.005663820395667152,0.0932170056309527
0.3551368668649752,0.08733995983256992,0.09299755352361583,0.0056575936910459035,0.09322120379613708
0.35595261610540385,0.08744129034421189,0.09309265736044559,0.005651367016233699,0.09322530604406687
0.3567688564008982,0.08754312448982038,0.09318826591895402,0.005645141429133638,0.09322931252701405
0.3575855880470578,0.08764580028540436,0.09328471686487205,0.00563891657946769,0.09323322339724704
0.3584028113396602,0.08774893744320167,0.09338162938336314,0.005632691940161472,0.09323703880703693
0.35922052657466075,0.0878525660279621,0.09347903444180794,0.005626468413845842,0.09324075890865124
0.36003873404819325,0.08795678224520831,0.0935770277566208,0.005620245511412492,0.09324438385436196
0.3608574340565695,0.08806167794805653,0.0936757009449467,0.005614022996890178,0.09324791379643838
0.3616766268962799,0.08816705277732861,0.09377485439792199,0.005607801620593378,0.09325134888714981
0.3624963128639931,0.08827276124071481,0.0938743419982675,0.005601580757552682,0.09325468927876468
0.3633164922565565,0.08837936720162087,0.0939747276585905,0.0055953604569696225,0.09325793512355673
0.3641371653709962,0.08848644000178396,0.09407558132158833,0.005589141319804369,0.09326108657379084
0.3649583325045169,0.08859380134318595,0.09417672393137888,0.005582922588192929,0.09326414378173897
0.36577999395450256,0.08870186061568486,0.0942785652062641,0.00557670459057924,0.09326710689967221
0.36660215001851587,0.0888105830369561,0.09438107081848557,0.005570487781529465,0.0932699760798581
0.3674248009942987,0.08891954876109764,0.09448382003435274,0.005564271273255095,0.0932727514745677
0.36824794717977216,0.08902901367617044,0.09458706934367722,0.005558055667506778,0.09327543323606946
0.36907158887303676,0.08913933729538304,0.09469117857080622,0.005551841275423186,0.09327802151663445
0.3698957263723724,0.0892498588361148,0.09479548591837617,0.005545627082261362,0.09328051646853286
0.37072035997623853,0.08936078102630596,0.09490019498344449,0.005539413957138528,0.09328291824403223
0.3715454899832742,0.08947255827161449,0.09500576034234687,0.005533202070732379,0.09328522699540454
0.37237111669229844,0.08958458699463723,0.09511157727895636,0.005526990284319133,0.0932874428749173
0.37319724040231,0.0896970361141749,0.0952178158426138,0.005520779728438896,0.09328956603484251
0.3740238614124876,0.08981007579507327,0.09532464612533964,0.005514570330266366,0.09329159662744946
0.3748509800221902,0.08992358875282491,0.09543194990092907,0.005508361148104157,0.09329353480500657
0.3756785965309568,0.09003751607516985,0.09553966932511049,0.005502153249940633,0.09329538071978405
0.37650671123850676,0.09015179848880805,0.09564774489170613,0.0054959464028980776,0.09329713452405297
0.3773353244447399,0.09026671972157807,0.09575645966342972,0.005489739941851646,0.09329879637008087
0.3781644364497366,0.09038207645805052,0.09586561124777226,0.005483534789721745,0.09330036641013972
0.37899404755375765,0.0904977425673037,0.09597507315235099,0.005477330585047291,0.09330184479649883
0.37982415805724506,0.09061383561149139,0.09608496254482368,0.005471126933332293,0.09330323168142574
0.38065476826082123,0.0907305729138681,0.0961954975292656,0.005464924615397493,0.09330452721719329
0.3814858784652897,0.09084757373727292,0.09630629688144321,0.0054587231441702855,0.09330573155606903
0.38231748897163514,0.0909648009959465,0.09641732338578723,0.0054525223898407305,0.09330684485032315
0.38314960008102333,0.0910828612008503,0.09652918419495471,0.005446322994104413,0.09330786725222673
0.3839822120948013,0.09120114770233645,0.09664127204957484,0.005440124347238395,0.09330879891404731
0.38481532531449764,0.09131967996496648,0.09675360654315135,0.005433926578184867,0.09330963998805686
0.38564894004182226,0.09143879718922943,0.09686652738170842,0.005427730192478997,0.0933103906265238
0.38648305657866683,0.09155832028065714,0.09697985474137916,0.005421534460722022,0.09331105098171744
0.38731767522710475,0.09167810843849633,0.09709344820315824,0.005415339764661908,0.09331162120590974
0.38815279628939114,0.0917982549062124,0.09720740138286121,0.005409146476648807,0.09331210145136737
0.3889884200679632,0.09191894740970863,0.09732190116028061,0.005402953750571982,0.09331249187036228
0.38982454686544,0.0920399423049787,0.09743670452002906,0.005396762215050366,0.09331279261516379
0.39066117698462305,0.0921612820693074,0.09755185418152301,0.005390572112215608,0.09331300383804031
0.3914983107284959,0.0922828851510129,0.09766726763322442,0.005384382482211514,0.09331312569126382
0.39233594840022457,0.09240503757936835,0.09778323177396153,0.005378194194593178,0.09331315832710274
0.3931740903031576,0.09252751764706435,0.09789952499736909,0.005372007350304742,0.09331310189782727
0.39401273674082615,0.09265004673540034,0.09801586765591708,0.0053658209205167395,0.09331295655570582
0.39485188801694404,0.09277325040780493,0.09813288637578399,0.0053596359679790595,0.09331272245301125
0.395691544435408,0.09289679235272086,0.0982502447147171,0.005353452361996247,0.09331239974201022
0.39653170630029755,0.09302040226600461,0.09836767159580706,0.005347269329802451,0.09331198857497291
0.3973723739158754,0.09314443707224829,0.09848552487158369,0.005341087799335398,0.09331148910417042
0.3982135475865873,0.09326899148450085,0.09860389900604893,0.005334907521548082,0.09331090148187116
0.39905522761706236,0.0933936327978051,0.09872236077161123,0.005328727973806124,0.09331022586034621
0.3998974143121129,0.09351857498836402,0.09884112494056829,0.00532254995220427,0.093309462391864
0.40074010797673515,0.09364397142767977,0.09896034451998759,0.005316373092307813,0.09330861122869472
0.40158330891610844,0.09376959467940793,0.09907979179508697,0.005310197115679038,0.09330767252310945
0.4024270174355961,0.09389550498089161,0.09919952767042872,0.005304022689537113,0.09330664642737574
0.40327123384074515,0.09402158871487831,0.09931943805190002,0.0052978493370217095,0.09330553309376466
0.4041159584372866,0.09414814440910835,0.09943982142707064,0.005291677017962293,0.09330433267454552
0.40496119153113547,0.09427497326061474,0.09956047953428637,0.005285506273671636,0.09330304532198852
0.4058069334283909,0.09440190528806891,0.09968124180588855,0.005279336517819644,0.09330167118836208
0.4066531844353365,0.09452913863936274,0.09980230658194245,0.005273167942579704,0.09330021042593817
0.4074999448584399,0.0946568364492606,0.09992383741558264,0.005267000966322044,0.09329866318698432
0.40834721500435345,0.09478459035836462,0.10004542525456817,0.005260834896203548,0.09329702962377251
0.4091949951799142,0.09491251536096268,0.10016718551178272,0.00525467015082004,0.09329530988857027
0.4100432856921436,0.09504095132946411,0.10028945835802805,0.005248507028563942,0.09329350413364779
0.41089208684824813,0.09516947739230464,0.10041182212533517,0.005242344733030535,0.09329161251127616
0.4117413989556191,0.09529819332106104,0.10053437722438474,0.005236183903323699,0.0932896351737238
0.412591222321833,0.09542717484916174,0.10065719956998098,0.005230024720819237,0.09328757227326179
0.41344155725465126,0.09555642331376113,0.10078028960225893,0.005223866288497803,0.09328542396215855
0.4142924040620207,0.09568588040499293,0.10090358986506054,0.00521770946006761,0.09328319039268429
0.41514376305207357,0.09581554842012885,0.10102710267482795,0.005211554254699102,0.0932808717171083
0.4159956345331275,0.09594528521849632,0.10115068504062918,0.005205399822132861,0.09327846808770168
0.4168480188136858,0.09607543368702665,0.10127468076737767,0.0051992470803510216,0.09327597965673284
0.4177009162024373,0.09620574575848284,0.10139884163591262,0.005193095877429776,0.09327340657647198
0.41855432700825695,0.09633602768539529,0.10152297327816928,0.005186945592773995,0.0932707489991893
0.41940825154020533,0.09646671041983446,0.10164750744261575,0.005180797022781292,0.09326800707715321
0.42026269010752937,0.09659761664109023,0.10177226655141425,0.005174649910324014,0.09326518096263481
0.4211176430196619,0.09672851119320214,0.10189701505176174,0.005168503858559603,0.09326227080790428
0.42197311058622206,0.09685959816066614,0.10202195770592759,0.005162359545261452,0.09325927676522916
0.42282909311701555,0.09699101848822789,0.10214723509926937,0.005156216611041486,0.09325619898688053
0.4236855909220344,0.09712247573649524,0.10227255061340657,0.005150074876911326,0.0932530376251286
0.4245426043114573,0.09725411090754399,0.10239804581251732,0.005143934904973335,0.09324979283224266
0.42540013359564954,0.0973858089091948,0.10252360514571457,0.005137796236519776,0.09324646476049292
0.4262581790851635,0.097517778911965,0.10264943781648661,0.005131658904521608,0.0932430535621469
0.4271167410907382,0.09764991229197495,0.10277543565034186,0.005125523358366912,0.09323955938947748
0.4279758199233,0.09778202686813575,0.10290141591109236,0.0051193890429566125,0.09323598239475306
0.4288354158939622,0.09791427851161583,0.10302753470895709,0.005113256197341265,0.09323232273024296
0.4296955293140253,0.09804686009662245,0.1031539852577632,0.0051071251611407575,0.09322858054821648
0.43055616049497775,0.09817937498284479,0.10328037026864134,0.00510099528579655,0.0932247560009456
0.43141730974849485,0.09831195977580887,0.10340682678637236,0.0050948670105634974,0.09322084924069696
0.43227897738643983,0.09844481230567403,0.10353355287390986,0.005088740568235828,0.09321686041974342
0.43314116372086364,0.09857767739965251,0.1036602926193737,0.005082615219721198,0.0932127896903534
0.43400386906400507,0.09871063075821773,0.10378712235682741,0.005076491598609678,0.09320863720479622
0.4348670937282908,0.09884371116825719,0.10391408100207311,0.005070369833815924,0.09320440311534117
0.43573083802633555,0.09897679230515166,0.10404104140377957,0.005064249098627904,0.09320008757425935
0.43659510227094234,0.09911006411845591,0.10416819433357549,0.005058130215119583,0.09319569073381917
0.4374598867751025,0.09924342293567712,0.10429543607272507,0.00505201313704795,0.0931912127462926
0.43832519185199575,0.0993766287603357,0.10442252593595924,0.005045897175623537,0.09318665376394719
0.4391910178149902,0.09951011825387557,0.1045499013668083,0.005039783112932739,0.09318201393905312
0.4400573649776427,0.0996436973198449,0.10467736810369832,0.005033670783853417,0.0931772934238797
0.4409242336536989,0.09977714150474792,0.10480470120775554,0.005027559703007611,0.09317249237069891
0.4417916241570932,0.09991067792192965,0.10493212846600919,0.005021450544079542,0.09316761093177828
0.44265953680194914,0.10004440089771993,0.10505974394749007,0.005015343049770138,0.09316264925938711
0.44352797190257914,0.10017803324453745,0.10518727017679641,0.005009236932258965,0.09315760750579827
0.4443969297734849,0.10031174282167488,0.10531487558144015,0.005003132759765272,0.0931524858232784
0.4452664107293577,0.10044540210604769,0.10544243229176864,0.004997030185720952,0.09314728436409947
0.44613641508507784,0.10057916282664703,0.10557009194067035,0.004990929114023324,0.09314200328052902
0.44700694315571543,0.10071299532741573,0.10569782533777072,0.00498483001035499,0.09313664272483813
0.44787799525653016,0.10084672911102288,0.10582546155281047,0.004978732441787592,0.09313120284929521
0.44874957170297153,0.1009803894576633,0.10595302595576506,0.004972636498101757,0.09312568380617314
0.4496216728106789,0.10111429452381415,0.10608083706918148,0.004966542545367325,0.09312008574773856
0.4504942988954816,0.10124805249926805,0.10620850256646364,0.0049604500671955876,0.09311440882626254
0.4513674502733991,0.10138175506564018,0.10633611439907131,0.004954359333431135,0.0931086531940144
0.45224112726064125,0.1015154997306773,0.10646377034413135,0.004948270613454042,0.09310281900326434
0.45311533017360806,0.10164923160278327,0.10659141491308421,0.0049421833103009405,0.09309690640628165
0.45399005932889014,0.10178292609322881,0.1067190239613085,0.004936097868079692,0.09309091555533566
0.45486531504326844,0.10191664430740488,0.10684665876979604,0.0049300144623911635,0.09308484660269745
0.4557410976337149,0.10205012599437602,0.10697405841295726,0.004923932418581245,0.09307869970063543
0.4566174074173921,0.10218376212752389,0.10710161447675226,0.004917852349228369,0.09307247500142068
0.4574942447116536,0.10231740392332167,0.10722917825516642,0.004911774331844754,0.09306617265732164
0.4583716098340439,0.10245076489061145,0.10735646252922759,0.004905697638616147,0.09305979282060939
0.4592495031022988,0.10258412851763588,0.10748375154079781,0.004899623023161936,0.09305333564355234
0.4601279248343452,0.10271760750727044,0.10761115790445075,0.004893550397180313,0.0930468012784198
0.46100687534830165,0.10285082900085296,0.10773830821693497,0.0048874792160820135,0.09304018987748375
0.4618863549624779,0.10298403775986564,0.10786544789511687,0.00488141013525123,0.0930335015930126
0.4627663639953754,0.1031171614221833,0.10799250440636943,0.004875342984186126,0.09302673657727656
0.46364690276568743,0.10325017739834763,0.10811945479408092,0.004869277395733285,0.09301989498254404
0.4645279715922991,0.10338318093717813,0.10824639486712506,0.00486321392994693,0.09301297696108524
0.46540957079428724,0.10351605049448143,0.10837320283148077,0.0048571523369993486,0.09300598266517213
0.46629170069092096,0.1036486992184189,0.10849979163981427,0.004851092421395364,0.09299891224707224
0.46717436160166176,0.10378141845342803,0.10862645310418806,0.004845034650760027,0.09299176585905577
0.46805755384616304,0.1039139835081615,0.10875296220697184,0.004838978698810337,0.09298454365339204
0.46894127774427086,0.10404634548318548,0.10887927001913233,0.004832924535946859,0.09297724578235123
0.46982553361602375,0.10417865475550325,0.10900552729576152,0.004826872540258265,0.09296987239820353
0.4707103217816529,0.10431082115636858,0.10913164346823123,0.004820822311862649,0.09296242365321827
0.47159564256158226,0.10444284601544496,0.10925761999675654,0.004814773981311582,0.09295489969966475
0.4724814962764287,0.10457480257029061,0.10938353041033455,0.004808727840043936,0.09294730068981316
0.4733678832470021,0.10470648439872043,0.10950916781615039,0.004802683417429954,0.0929396267759337
0.47425480379430524,0.10483806180481636,0.10963470280325982,0.004796640998443458,0.09293187811029568
0.47514225823953454,0.10496961527277193,0.10976021606352138,0.004790600790749444,0.09292405484516841
0.4760302469040795,0.10510084479648718,0.10988540705229966,0.0047845622558124745,0.09291615713282297
0.47691877010952316,0.10523193072799764,0.11001045655531438,0.004778525827316749,0.0929081851255269
0.47780782817764206,0.10536295415695651,0.11013544578898138,0.004772491632024867,0.09290013897555216
0.47869742143040644,0.10549368097732348,0.11026014004364537,0.004766459066321893,0.09289201883516718
0.47958755018998056,0.10562428190564788,0.11038471061256239,0.00476042870691451,0.09288382485664215
0.4804782147787223,0.10575476002639839,0.11050916059869298,0.0047544005722945926,0.09287555719224638
0.4813694155191839,0.10588485454827445,0.11063322863554337,0.004748374087268914,0.09286721599425096
0.4822611527341116,0.106014920114478,0.11075726998969149,0.004742349875213492,0.09285880141492431
0.48315342674644585,0.10614481359201022,0.11088114142933758,0.004736327837327359,0.09285031360653573
0.48404623787932166,0.10627433531171526,0.1110046428676652,0.004730307555949942,0.0928417527213572
0.48493958645606855,0.10640372539971654,0.11112801496888913,0.004724289569172591,0.09283311891165624
0.48583347280021055,0.10653296573564752,0.1112512394443268,0.004718273708679277,0.09282441232970307
0.4867278972354665,0.10666186996266536,0.11137412967130622,0.004712259708640865,0.09281563312776875
0.4876228600857501,0.10679062668130879,0.11149687470603897,0.004706248024730186,0.09280678145812082
0.4885183616751701,0.10691911842170487,0.11161935684363655,0.0047002384219316795,0.09279785747303126
0.48941440232803024,0.10704731511471977,0.11174154589529905,0.004694230780579289,0.09278886132476849
0.49031098236882964,0.10717538810721638,0.11186361358399566,0.004688225476779273,0.09277979316560181
0.4912081021222626,0.10730314660531537,0.1119853688169421,0.00468222221162673,0.0927706531478032
0.4921057619132189,0.10743059170110936,0.11210681270707035,0.00467622100596099,0.09276144142363929
0.4930039620667841,0.10755787231023639,0.1122280944694003,0.004670222159163906,0.09275215814538207
0.4939027029082391,0.10768484720007176,0.11234907251132054,0.004664225311248771,0.09274280346530084
0.49480198476306086,0.10781152617570289,0.11246975679362148,0.004658230617918591,0.0927333775356658
0.4957018079569222,0.1079380155056544,0.11259025381032295,0.004652238304668543,0.09272388050874536
0.49660217281569186,0.1080640967555011,0.11271034470871744,0.0046462479532163314,0.09271431253681062
0.4975030796654351,0.10818994572854201,0.11283020557706092,0.004640259848518902,0.0927046737721291
0.49840452883241315,0.10831560259161765,0.11294987673662149,0.004634274145003836,0.09269496436697366
0.4993065206430836,0.10844080164251668,0.1130690920113917,0.004628290368875021,0.09268518447361185
0.5002090554241008,0.108565745280635,0.11318805420938194,0.004622308928746932,0.09267533424431473
0.5011121335023155,0.10869048780203272,0.11330681771282958,0.004616329910796857,0.09266541383135074
0.5020157552047755,0.10881475432374543,0.1134251071122252,0.004610352788479766,0.09265542338699095
0.5029199208587251,0.10893878288213799,0.11354316097063677,0.004604378088498784,0.0926453630635038
0.5038246307916058,0.10906255450401492,0.11366096029014994,0.004598405786135018,0.09263523301315946
0.5047298853310561,0.10918582312199998,0.11377825856319035,0.004592435441190368,0.09262503338822814
0.5056356848049121,0.1093088817499206,0.11389534930648892,0.00458646755656833,0.09261476434097915
0.5065420295412066,0.10943163824866087,0.11401214027914897,0.004580502030488098,0.09260442602368357
0.5074489198681705,0.1095539090465012,0.11412844760155672,0.004574538555055518,0.09259401858860894
0.508356356114232,0.10967592393370662,0.11424450149434229,0.004568577560635667,0.09258354218802545
0.5092643386080169,0.10979759710967141,0.11436021599801371,0.004562618888342307,0.09257299697420418
0.510172867678349,0.10991881984018015,0.11447548219718584,0.004556662357005692,0.09256238309941445
0.5110819436542499,0.11003977043202884,0.11459047875928885,0.004550708327260011,0.09255170071592644
0.5119915668649393,0.11016031980204755,0.11470507638791894,0.00454475658587139,0.0925409499760077
0.5129017376398352,0.1102804232458574,0.11481923031869812,0.0045388070728407115,0.0925301310319302
0.5138124563085539,0.11040025613534699,0.11493311621721425,0.004532860081867263,0.09251924403596234
0.5147237232009099,0.11051964104128942,0.11504655638940253,0.004526915348113114,0.09250828914037523
0.5156355386469165,0.11063859729811032,0.11515957022533296,0.004520972927222644,0.09249726649743728
0.5165479029767853,0.11075725395072133,0.11527228699946246,0.004515033048741124,0.09248617625941868
0.5174608165209271,0.11087541622610697,0.11538451162506647,0.004509095398959495,0.09247501857858964
0.5183742796099514,0.11099317512340434,0.11549633526706415,0.004503160143659812,0.09246379360721946
0.5192882925746667,0.11111061808278677,0.11560784553379388,0.004497227451007113,0.09245250149757744
0.5202028557460805,0.11122751476070647,0.11571881172184995,0.004491296961143476,0.09244114240193468
0.5211179694553999,0.11134402228889773,0.11582939123340275,0.004485368944505019,0.0924297164725596
0.5220336340340311,0.11146020124404643,0.11593964475468166,0.004479443510635228,0.09241822386172238
0.5229498498135801,0.11157578397292678,0.11604930422916038,0.0044735202562335985,0.09240666472169234
0.5238666171258519,0.11169099480645173,0.11615859435738773,0.004467599550936008,0.09239503920474146
0.5247839363028519,0.11180586001480464,0.11626754146045304,0.004461681445648402,0.09238334746313637
0.5257018076767851,0.11192008701689105,0.11637585252150995,0.004455765504618903,0.09237158964914816
0.5266202315800563,0.11203395196173016,0.11648380414468384,0.004449852182953684,0.09235976591504702
0.5275392083452708,0.11214742011791845,0.11659136154871952,0.004443941430801068,0.09234787641310316
0.5284587383052336,0.11226026661579347,0.11669829954129707,0.004438032925503599,0.0923359212955841
0.5293788217929506,0.1123727439283968,0.11680487098776737,0.004432127059370572,0.09232390071476093
0.5302994591416278,0.11248477527131762,0.11691099900615942,0.004426223734841805,0.09231181482290474
0.5312206506846717,0.11259618626205281,0.11701650899894922,0.004420322736896409,0.09229966377228216
0.53214239675569,0.11270720958145475,0.11712163397925135,0.004414424397796601,0.09228744771516517
0.5330646976884905,0.11281773788108307,0.11722626645605416,0.004408528574971093,0.09227516680382397
0.5339875538170825,0.11292767997525388,0.11733031513085557,0.004402635155601686,0.09226282119052609
0.5349109654756762,0.11303720989915256,0.11743395431378811,0.004396744414635556,0.0922504110275435
0.5358349329986829,0.11314617589395226,0.11753703206113286,0.004390856167180601,0.09223793646714551
0.5367594567207153,0.11325457079769574,0.11763954119490005,0.004384970397204313,0.09222539766159965
0.5376845369765877,0.11336254603475471,0.11774163335982823,0.004379087325073527,0.09221279476317878
0.5386101741013155,0.1134699266307857,0.11784313335702379,0.004373206726238088,0.09220012792415133
0.5395363684301161,0.11357673528175916,0.11794406395783152,0.004367328676072368,0.0921873972967866
0.5404631202984085,0.11368308879130762,0.11804454213437854,0.00436145334307092,0.0921746030333539
0.541390430041814,0.11378879526239949,0.11814437572808334,0.00435558046568385,0.0921617452861252
0.5423182979961553,0.11389396578458033,0.11824367598991614,0.0043497102053358105,0.09214882420736803
0.5432467244974578,0.11399868431719362,0.11834252699854275,0.00434384268134913,0.0921358399493526
0.544175709881949,0.11410267726079582,0.11844065485861233,0.004337977597816511,0.09212279266434908
0.5451052544860587,0.11420613284736891,0.11853824804425361,0.0043321151968847005,0.09210968250462859
0.5460353586464195,0.11430911779642727,0.11863537334781693,0.004326255551389657,0.09209650962245775
0.5469660226998662,0.11441135557618765,0.11873175390987889,0.004320398333691244,0.09208327417010853
0.5478972469834367,0.11451309231655227,0.1188276361779117,0.004314543861359432,0.09206997629985025
0.5488290318343717,0.11461429238028042,0.11892298452851602,0.004308692148235593,0.09205661616395222
0.5497613775901149,0.11471470096226444,0.11901754384536734,0.0043028428831028975,0.09204319391468463
0.5506942845883132,0.11481461085322042,0.11911160726136139,0.004296996408140963,0.09202970970431679
0.5516277531668164,0.11491397090266098,0.11920512357539081,0.004291152672729837,0.09201616368511889
0.5525617836636784,0.11501257627941186,0.11929788773399519,0.004285311454583329,0.09200255600936114
0.5534963764171559,0.11511062440962849,0.11939009745497042,0.0042794730453419305,0.09198888682931194
0.5544315317657095,0.11520804937477891,0.11948168673327597,0.004273637358497062,0.0919751562972424
0.5553672500480035,0.11530473464164981,0.11957253889704322,0.004267804255393415,0.09196136456542003
0.5563035316029061,0.1154008882961115,0.11966286227591105,0.004261973979799549,0.09194751178611771
0.5572403767694896,0.11549639149771007,0.11975253790965112,0.004256146411941053,0.09193359811160295
0.55817778588703,0.11559112999951271,0.11984145149102154,0.004250321491508835,0.09191962369414686
0.5591157592950082,0.1156852891620872,0.1199297885791566,0.004244499417069392,0.09190558868601784
0.5600542973331086,0.11577874526274812,0.12001742530092141,0.0042386800381732925,0.09189149323948609
0.5609934003412211,0.11587149601500979,0.12010435938262987,0.004232863367620077,0.0918773375068227
0.5619330686594393,0.11596368195027829,0.12019073151168858,0.00422704956141029,0.0918631216402952
0.5628733026280619,0.1160550788022352,0.12027631724325083,0.004221238441015629,0.09184884579217467
0.5638141025875926,0.11614574188515903,0.1203611719722737,0.004215430087114669,0.09183451011473043
0.5647554688787397,0.11623582133739419,0.1204454459531803,0.004209624615786112,0.09182011476023266
0.5656974018424169,0.11632509668633872,0.12052891850931946,0.004203821822980736,0.09180565988095157
0.566639901819743,0.11641370083562386,0.12061172268770459,0.0041980218520807355,0.09179114562915558
0.5675829691520422,0.11650168411910755,0.12069390890095733,0.004192224781849774,0.09177657215711488
0.5685266041808441,0.11658874486192428,0.12077517524720172,0.00418643038527744,0.09176193961709966
0.5694708072478838,0.11667514935931056,0.1208557882225989,0.004180638863288344,0.09174724816137925
0.5704155786951025,0.11676093670078203,0.12093578696072171,0.004174850259939689,0.09173249794222293
0.5713609188646468,0.11684581858031962,0.12101488290811346,0.004169064327793848,0.09171768911190181
0.5723068280988695,0.11693006321468769,0.12109334453488074,0.004163281320193057,0.0917028218226843
0.5732533067403291,0.11701355557020232,0.12117105679887885,0.00415750122867653,0.09168789622684148
0.5742003551317911,0.11709613453846579,0.12124785838755692,0.004151723849091127,0.09167291247664178
0.5751479736162266,0.11717806751620152,0.12132401693711703,0.004145949420915507,0.09165787072435538
0.5760961625368134,0.11725929203342744,0.12139946993299944,0.004140177899571995,0.09164277112225161
0.577044922236936,0.11733962448746382,0.12147403363386289,0.004134409146399065,0.09162761382260243
0.5779942530601854,0.11741922980202535,0.12154787316427118,0.004128643362245832,0.09161239897767448
0.5789441553503597,0.1174980347216188,0.12162091519970186,0.004122880478083069,0.09159712673973885
0.5798946294514636,0.11757596245120805,0.12169308286681702,0.004117120415608966,0.09158179726106663
0.5808456757077092,0.11765321024050479,0.12176457358013781,0.004111363339633023,0.09156641069392535
0.5817972944635157,0.11772964782565776,0.12183525698485376,0.004105609159196,0.09155096719058609
0.5827494860635094,0.11780520473125833,0.12190506258252043,0.004099857851262101,0.09153546690331726
0.5837022508525244,0.11787997381634341,0.12197408336351678,0.004094109547173375,0.09151990998439086
0.5846555891756022,0.11795387987367256,0.12204224401022223,0.0040883641365496715,0.0915042965860744
0.5856095013779923,0.11802694225228372,0.12210956389883165,0.004082621646547935,0.09148862686063808
0.5865639878051513,0.11809929051212364,0.12217617268973147,0.004076882177607821,0.09147290096035388
0.5875190488027446,0.11817072655122907,0.1222418721536469,0.004071145602417836,0.09145711903748843
0.5884746847166451,0.1182412542853486,0.12230666627864295,0.004065411993294354,0.09144128124431372
0.5894308958929343,0.11831101200924898,0.1223706934315647,0.00405968142231572,0.09142538773309816
0.5903876826779015,0.11837980463413,0.12243375838184356,0.004053953747713557,0.09140943865611195
0.5913450454180453,0.11844778692612579,0.12249601600808901,0.004048229081963228,0.0913934341656244
0.5923029844600718,0.11851502070457087,0.12255752817587773,0.004042507471306855,0.0913773744139057
0.593261500150897,0.11858122767877255,0.1226180164407511,0.004036788761978549,0.09136125955322605
0.5942205928376445,0.11864652665254294,0.12267759975418446,0.004031073101641525,0.09134508973585476
0.5951802628676479,0.1187110573319945,0.12273641784475142,0.004025360512756926,0.09132886511406113
0.5961405105884493,0.11877452217572682,0.12279417300910112,0.0040196508333743,0.09131258584011448
0.5971013363478002,0.11883720908251671,0.12285115332255447,0.004013944240037759,0.09129625206628766
0.5980627404936614,0.11889907820711798,0.12290731892362938,0.004008240716511402,0.09127986394484644
0.599024723374203,0.11895984397247616,0.12296238412115645,0.004002540148680289,0.09126342162806189
0.599987285337805,0.11901973589578319,0.12301657857925541,0.003996842683472224,0.0912469252682051
0.600950426733057,0.11907875713320504,0.12306990542196417,0.003991148288759128,0.0912303750175445
0.6019141479087584,0.11913674552388631,0.12312220241716965,0.0039854568932833345,0.09121377102835027
0.6028784492139185,0.11919392124319117,0.12317368986006372,0.003979768616872548,0.09119711345289261
0.6038433309977568,0.11925017660310644,0.12322426001705722,0.00397408341395078,0.09118040244343995
0.6048087936097029,0.11930532692451923,0.12327372817569504,0.003968401251175813,0.09116363815226336
0.605774837399397,0.11935959609510682,0.12332231831887963,0.003962722223772808,0.09114682073163127
0.6067414627166894,0.11941289196551441,0.12336993824065345,0.003957046275139042,0.09112995033381566
0.6077086699116412,0.11946518783791937,0.12341656124286793,0.003951373404948555,0.09111302711108227
0.6086764593345243,0.1195166361219151,0.12346233980821264,0.003945703686297541,0.09109605121570574
0.6096448313358214,0.11956706125662642,0.1235070983105988,0.0039400370539723895,0.09107902279995272
0.6106137862662262,0.11961639133245416,0.12355076486823613,0.003934373535781965,0.09106194201609341
0.6115833244766433,0.1196648216245162,0.12359353480968238,0.003928713185166188,0.091044809016398
0.6125534463181889,0.11971217579694837,0.1236352317276328,0.003923055930684427,0.0910276239531358
0.6135241521421901,0.11975856268565988,0.12367596450910678,0.003917401823446909,0.091010386978577
0.6144954423001859,0.11980406689799494,0.12371581779767471,0.003911750899679767,0.09099309824499091
0.6154673171439268,0.1198484449758972,0.1237545480599902,0.0039061030840930044,0.09097575790464774
0.6164397770253748,0.11989175250158723,0.12379221094787951,0.0039004584462922764,0.09095836610981767
0.6174128222967041,0.1199341274222343,0.12382894442995607,0.0038948170077217625,0.09094092301276913
0.618386453310301,0.11997532321595461,0.1238645019075495,0.0038891786915948856,0.09092342876577231
0.6193606704187633,0.12001558431144055,0.12389912789268731,0.0038835435812467622,0.09090588352109741
0.6203354739749016,0.12005491572944216,0.12393282741201261,0.0038779116825704563,0.09088828743101462
0.6213108643317387,0.12009304135716281,0.12396532428631968,0.0038722829291568672,0.09087064064779238
0.62228684184251,0.1201301265096335,0.12399678391343905,0.00386665740380554,0.09085294332370086
0.6232634068606635,0.12016618359240105,0.12402721869043898,0.0038610350980379238,0.09083519561101028
0.6242405597398598,0.12020104969378576,0.12405646566510331,0.003855415971317555,0.09081739766199082
0.6252183008339725,0.12023496789734,0.12408476798537471,0.003849800088034705,0.0907995496289109
0.6261966304970885,0.12026785320621425,0.12411204064067949,0.0038441874344652405,0.09078165166404073
0.6271755490835074,0.12029956504364492,0.12413814303482074,0.0038385779911758178,0.0907637039196505
0.6281550569477423,0.12033023046456837,0.1241632022711272,0.003832971806558838,0.09074570654800862
0.6291351544445197,0.12035973047740267,0.12418709934139027,0.0038273688639876013,0.09072765970138708
0.6301158419287797,0.12038807184003097,0.12420984100042087,0.0038217691603898984,0.0907095635320534
0.6310971197556758,0.12041542981756859,0.12423160254812782,0.003816172730559231,0.09069141819228044
0.6320789882805756,0.12044165152750796,0.12425223108479777,0.003810579557289806,0.09067322383433396
0.6330614478590604,0.12046673197761493,0.12427172162678435,0.0038049896491694213,0.09065498061048594
0.6340444988469256,0.12049078275556013,0.12429018578533313,0.0037994030297729964,0.09063668867300567
0.6350281416001811,0.12051350841581954,0.1243073280994329,0.003793819683613364,0.09061834817416337
0.6360123764750505,0.12053510765122066,0.12432334727749517,0.0037882396262745033,0.09059995926622832
0.6369972038279723,0.12055568788588733,0.12433835075836619,0.003782662872478859,0.09058152210147075
0.6379826240155995,0.1205750283408138,0.12435211775155341,0.0037770894107396202,0.09056303683215994
0.6389686373947994,0.12059325964547618,0.12436477890448927,0.0037715192590130897,0.09054450361056521
0.6399552443226547,0.12061045528266856,0.12437640770817282,0.00376595242550426,0.09052592258895675
0.6409424451564628,0.12062623717470622,0.12438662607970485,0.003760388904998635,0.09050729391960477
0.641930240253736,0.1206408767523337,0.12439570546556311,0.003754828713229408,0.09048861775477857
0.6429186299722022,0.12065446159593574,0.12440373345015043,0.0037492718542146974,0.09046989424674745
0.6439076146698042,0.12066670302465088,0.12441042135590497,0.0037437183312540867,0.0904511235477834
0.6448971947047007,0.12067786731568475,0.12441603546899138,0.0037381681533066313,0.09043230581015305
0.6458873704352657,0.12068793736322103,0.12442055868627477,0.003732621323053742,0.0904134411861266
0.646878142220089,0.12069663833345778,0.12442371618636283,0.0037270778529050475,0.09039452982797602
0.6478695104179764,0.12070410063110337,0.12442563837326581,0.0037215377421624396,0.09037557188796974
0.6488614753879491,0.1207104157114145,0.12442641670748511,0.003716000996070612,0.09035656751837706
0.6498540374892456,0.12071539692044375,0.1244258645523244,0.003710467631880654,0.09033751687146907
0.6508471970813196,0.1207192762694147,0.12442421391065395,0.0037049376412392476,0.0903184200995133
0.6518409545238414,0.12072195758454285,0.124421368618858,0.0036994110343151476,0.09029927735478172
0.6528353101766982,0.12072332200818803,0.12441720983682547,0.0036938878286374432,0.09028008878954275
0.6538302643999933,0.12072350286497269,0.12441187087548133,0.003688368010508647,0.09026085455606658
0.6548258175540472,0.12072231922331333,0.1244051708205669,0.003682851597253567,0.09024157480662343
0.6558219699993972,0.120719833556997,0.1243971721591528,0.0036773386021557997,0.0902222496934817
0.6568187220967974,0.12071621002379285,0.12438803903225892,0.0036718290084660765,0.09020287936891247
0.6578160742072194,0.12071128457329117,0.12437760741616355,0.0036663228428723826,0.09018346398518506
0.6588140266918519,0.12070507397859309,0.12436589408852683,0.003660820109933738,0.09016400369456878
0.6598125799121008,0.12069770845458372,0.124353029246703,0.0036553207921192765,0.09014449864933471
0.6608117342295903,0.12068890923106235,0.12433873415873808,0.0036498249276757377,0.09012494900175039
0.6618114900061614,0.12067873886743019,0.12432307137541798,0.003644332507987791,0.09010535490408778
0.6628118476038733,0.12066739454755826,0.1243062380645572,0.0036388435169989464,0.0900857165086153
0.6638128073850035,0.12065464434918205,0.12428800235586657,0.0036333580066845172,0.09006603396760227
0.664814369712047,0.12064064068127056,0.12426851663212002,0.0036278759508494574,0.09004630743332065
0.6658165349477173,0.12062544589787105,0.12424784323501648,0.003622397337145422,0.09002653705803709
0.6668193034549463,0.12060879413105852,0.12422571636448687,0.0036169222334283546,0.09000672299402446
0.667822675596884,0.12059084139841492,0.12420229198997212,0.003611450591557208,0.08998686539355116
0.6688266517368995,0.12057155846900347,0.12417754087411037,0.0036059824051069,0.08996696440888563
0.6698312322385804,0.12055076563720135,0.12415128339714876,0.003600517759947408,0.08994702019229983
0.6708364174657331,0.12052875094230675,0.12412380752396857,0.003595056581661815,0.0899270328960613
0.6718422077823831,0.12050547519229848,0.12409507407450437,0.003589598882205891,0.08990700267244112
0.672848603552775,0.12048070572508252,0.12406485046187044,0.0035841447367879198,0.08988692967370948
0.6738556051413727,0.1204546973163172,0.12403339138753289,0.0035786940712156934,0.0898668140521357
0.6748632129128593,0.12042736567840606,0.12400061258836192,0.003573246909955863,0.08984665595998909
0.6758714272321378,0.12039838006633286,0.12396618337933063,0.003567803312997775,0.08982645554954072
0.6768802484643307,0.12036813653603673,0.12393049974481318,0.0035623632087764534,0.08980621297305813
0.6778896769747801,0.12033652782168236,0.12389345445802391,0.003556926636341551,0.08978592838281152
0.6788997131290482,0.12030345688137345,0.12385495051750439,0.0035514936361309424,0.08976560193107197
0.679910357292917,0.12026911063618773,0.12381517477758841,0.0035460641414006844,0.08974523377010879
0.6809216098323895,0.12023334788878604,0.12377398609669221,0.003540638207906177,0.08972482405219129
0.681933471113688,0.12019613938972729,0.12373135524196055,0.0035352158522332644,0.08970437292958966
0.6829459415032558,0.120157532374356,0.12368732938900084,0.003529797014644842,0.08968388055457321
0.6839590213677567,0.12011737304027825,0.1236417548099693,0.003524381769691054,0.08966334707941215
0.6849727110740752,0.12007578292117138,0.12359475302702538,0.0035189701058540024,0.08964277265637577
0.6859870109893166,0.12003288108992916,0.12354644306248908,0.00351356197255992,0.08962215743773339
0.6870019214808073,0.1199884585251878,0.12349661599042161,0.0035081574652338077,0.08960150157575608
0.6880174429160948,0.1199426215713375,0.12344537811137091,0.0035027565400334026,0.08958080522271317
0.6890335756629475,0.1198954553688365,0.12339281452652706,0.0034973591576905605,0.08956006853087395
0.690050320089356,0.11984671697996774,0.1233386824165299,0.003491965436562161,0.08953929165250862
0.6910676765635315,0.11979642256656398,0.12328299786286934,0.003486575296305361,0.08951847473988561
0.6920856454539075,0.1197447476563136,0.12322593636739043,0.0034811887110768325,0.08949761794527689
0.693104227129139,0.11969144776842544,0.1231672535926247,0.003475805824199263,0.08947672142094998
0.694123421958103,0.11963676481062446,0.12310719132531833,0.0034704265146938695,0.08945578531917597
0.6951432303098982,0.11958070536088083,0.12304575613893576,0.0034650507780549233,0.08943480979222418
0.6961636525538463,0.11952299089384066,0.12298266966099636,0.003459678767155694,0.08941379499236479
0.6971846890594903,0.11946389887107411,0.1229182092047898,0.003454310333715682,0.08939274107186712
0.6982063401965967,0.11940337879298824,0.12285232429770687,0.003448945504718637,0.08937164818300136
0.6992286063351538,0.11934105851701027,0.12278464291994151,0.0034435844029312435,0.08935051647803682
0.7002514878453729,0.11927731231940797,0.12271553920978029,0.00343822689037232,0.08932934610924281
0.7012749850976883,0.1192120853216938,0.12264495833742206,0.003432873015728255,0.08930813722888953
0.702299098462757,0.11914523457297221,0.12257275744048712,0.0034275228675149094,0.08928688998924716
0.7033238283114591,0.1190769696999956,0.12249914602015011,0.003422176320154513,0.08926560454258503
0.7043491750148985,0.1190071724168229,0.12242400586287694,0.003416833446054035,0.08924428104117332
0.7053751389444018,0.11893576753375878,0.12234726182913658,0.0034114942953777927,0.08922291963728135
0.7064017204715195,0.11886293075512988,0.12226908951216409,0.0034061587570342056,0.08920152048317842
0.7074289199680257,0.11878839973585542,0.1221892266650082,0.003400826929152778,0.08918008373113473
0.7084567378059184,0.1187121958053261,0.12210769462480542,0.0033954988194793145,0.08915860953342047
0.7094851743574193,0.11863454117331518,0.1220247155067895,0.0033901743334743273,0.08913709804230407
0.7105142299949744,0.1185552497964002,0.12194010339336447,0.003384853596964277,0.08911554941005839
0.7115439050912536,0.11847438199628346,0.12185391856754446,0.0033795365712609993,0.0890939637889483
0.7125742000191515,0.11839204567253603,0.12176626885295061,0.0033742231804145817,0.08907234133124753
0.713605115151787,0.11830802090386605,0.12167693448377825,0.0033689135799122027,0.0890506821892254
0.7146366508625035,0.11822243573648361,0.1215860434171292,0.003363607680645586,0.08902898651514946
0.7156688075248692,0.1181353641656635,0.1214936695929465,0.0033583054272829926,0.08900725446129076
0.7167015855126774,0.11804636361778087,0.1213993706246832,0.003353007006902331,0.08898548617991953
0.7177349851999462,0.11795581641408948,0.12130352869013006,0.003347712276040582,0.08896368182330505
0.7187690069609187,0.1178637640632525,0.12120618526523863,0.0033424212019861343,0.08894184154371665
0.7198036511700636,0.11776991893890187,0.1211070529442253,0.0033371340053234277,0.08891996549342362
0.7208389182020749,0.11767454451369108,0.12100639499802668,0.0033318504843355967,0.08889805382469884
0.721874808431872,0.11757762534744742,0.12090419599560409,0.003326570648156668,0.08887610668980805
0.7229113222346003,0.11747890498017277,0.12080019968121558,0.0033212947010428095,0.08885412424102324
0.7239484599856307,0.11737864954646415,0.12069467197736294,0.0033160224308987907,0.0888321066306137
0.7249862220605603,0.11727678828068822,0.12058754216539658,0.0033107538847083617,0.08881005401084963
0.7260246088352122,0.11717296236508012,0.12047845158349091,0.0033054892184107842,0.08878796653399856
0.7270636206856358,0.11706758270431727,0.12036781094389859,0.0033002282395813154,0.08876584435233337
0.7281032579881066,0.11696055395371019,0.12025552497933578,0.0032949710256255926,0.08874368761812157
0.7291435211191268,0.1168517551113526,0.12014147279161058,0.0032897176802579864,0.08872149648363425
0.7301844104554256,0.11674138453164673,0.12002585256436049,0.003284468032713761,0.08869927110114073
0.7312259263739584,0.11662931301727752,0.11990853520999423,0.003279222192716702,0.08867701162290942
0.7322680692519077,0.11651548725976735,0.11978946746766184,0.003273980207894489,0.08865471820121318
0.7333108394666831,0.11640007172470312,0.11966881365581017,0.0032687419311070443,0.08863239098831865
0.7343542373959215,0.11628290337296221,0.11954641087923612,0.0032635075062739105,0.08861003013649693
0.7353982634174872,0.11616386720360872,0.11942214412472296,0.003258276921114245,0.08858763579801732
0.7364429179094714,0.11604316609880616,0.11929621615285946,0.003253050054053297,0.0885652081251509
0.7374882012501935,0.1159206597649236,0.1191684868499907,0.003247827085067101,0.0885427472701652
0.7385341138182004,0.1157964302464487,0.11903903818463402,0.0032426079381853157,0.0885202533853322
0.7395806559922669,0.11567057427979499,0.11890796679912174,0.003237392519326754,0.08849772662291944
0.7406278281513957,0.11554286119773582,0.11877504224408586,0.0032321810463500356,0.08847516713519799
0.7416756306748178,0.1154134406807863,0.11864041405665127,0.003226973375864972,0.08845257507443804
0.7427240639419925,0.11528237560500809,0.11850414504818652,0.003221769443178424,0.08842995059290804
0.7437731283326072,0.11514940149692343,0.11836597100278023,0.0032165695058568033,0.08840729384287904
0.7448228242265785,0.1150147356517559,0.1182261090011405,0.003211373349384594,0.08838460497661949
0.7458731520040511,0.11487824890126941,0.11808442984161349,0.0032061809403440833,0.08836188414640045
0.7469241120453987,0.11473977648086198,0.11794076905866291,0.003200992577800932,0.08833913150449035
0.747975704731224,0.1145996276422041,0.11779543561466532,0.0031958079724612176,0.08831634720316028
0.749027930442359,0.11445776501940497,0.11764839217720002,0.0031906271577950562,0.08829353139467866
0.7500807895598647,0.11431395430845459,0.11749940468333353,0.00318545037487894,0.08827068423131657
0.7511342824650312,0.11416845026329803,0.11734872762058934,0.0031802773572913168,0.08824780586534331
0.7521884095393792,0.11402118046323473,0.11719628863978127,0.003175108176546537,0.08822489644902731
0.7532431711646579,0.1138719782446822,0.1170419212529552,0.003169943008273002,0.08820195613463966
0.7542985677228469,0.11372106449918817,0.11688584611374786,0.0031647816145596863,0.08817898507445054
0.7553545995961555,0.11356833300389635,0.11672795710940598,0.0031596241055096286,0.08815598342072839
0.7564112671670231,0.11341359971258491,0.11656807030023053,0.003154470587645619,0.08813295132574339
0.7574685708181197,0.11325704364416023,0.1164063644975899,0.0031493208534296713,0.08810988894176575
0.7585265109323449,0.11309861869615911,0.11624279374948987,0.0031441750533307555,0.08808679642106476
0.7595850878928296,0.11293830677809691,0.11607733999924275,0.003139033221145837,0.08806367391591063
0.7606443020829349,0.11277628286498764,0.11591017804654058,0.003133895181552937,0.08804052157857178
0.7617041538862526,0.11261239688641744,0.11574115801355944,0.003128761127141999,0.08801733956132018
0.7627646436866057,0.11244670876427332,0.1155703397796799,0.0031236310154065805,0.08799412801642426
0.7638257718680479,0.11227936169695596,0.11539786640202099,0.0031185047050650283,0.0879708870961533
0.7648875388148645,0.11211017198516071,0.11522355441772092,0.0031133824325602077,0.08794761695277753
0.7659499449115719,0.11193926716275104,0.11504753123830014,0.0031082640755490942,0.08792431773856713
0.7670129905429177,0.11176675668018099,0.11486990620877169,0.0031031495285906985,0.0879009896057914
0.7680766760938817,0.11159236168915854,0.11469040076285175,0.003098039073693215,0.08787763270671967
0.7691410019496749,0.11141625655434773,0.11450918905953156,0.003092932505183832,0.087854247193623
0.7702059684957407,0.11123860455882628,0.11432643431406753,0.003087829755241245,0.08783083321876983
0.7712715761177541,0.11105915459926052,0.11414188575239503,0.0030827311531345103,0.08780739093443035
0.7723378252016223,0.11087816928781802,0.11395580569422581,0.003077636406407791,0.08778392049287564
0.7734047161334852,0.11069568087697323,0.1137682263755666,0.003072545498593371,0.08776042204637235
0.7744722492997145,0.11051143364572624,0.1135788924176957,0.0030674587719694557,0.08773689574719246
0.7755404250869149,0.11032572869538004,0.11338810457519166,0.0030623758798116185,0.08771334174760526
0.776609243881924,0.11013854049410021,0.11319583737175787,0.003057296877657656,0.08768976019988095
0.7776787060718119,0.10994968093386692,0.11300190296364221,0.0030522220297752867,0.08766615125628974
0.7787488120438817,0.10975941735707018,0.11280656838154712,0.003047151024476946,0.08764251506909826
0.77981956218567,0.10956769054728444,0.11260977450911103,0.0030420839618265916,0.08761885179058027
0.7808909568849463,0.10937432003880243,0.11241134106342887,0.0030370210246264406,0.08759516157300329
0.7819629965297137,0.1091795491257006,0.11221151106368232,0.0030319619379817198,0.08757144456863752
0.7830356815082088,0.1089833399057003,0.11201024675386417,0.0030269068481638683,0.08754770092975228
0.7841090122089021,0.10878563935027241,0.11180749520335898,0.0030218558530865636,0.08752393080861776
0.7851829890204977,0.1085866472631194,0.1116034559795187,0.0030168087163993107,0.08750013435750414
0.7862576123319338,0.10838623704435246,0.11139800267657662,0.0030117656322241615,0.08747631172868076
0.7873328825323825,0.10818442318701837,0.1111911497972411,0.003006726610222721,0.0874524630744169
0.7884088000112509,0.10798137177304223,0.1109830632273443,0.003001691454302069,0.08742858854698277
0.7894853651581797,0.10777692256145688,0.110773582969526,0.0029966604080691184,0.08740468829864767
0.7905625783630443,0.10757115753421509,0.11056279092381605,0.002991633389600956,0.0873807624816818
0.7916404400159552,0.107364209064718,0.11035081930948021,0.002986610244762211,0.08735681124835537
0.7927189505072574,0.10715588328625092,0.11013747455450673,0.002981591268255812,0.08733283475093767
0.793798110227531,0.1069463296360027,0.1099229059192881,0.0029765762832854037,0.08730883314169802
0.794877919567591,0.10673559936950827,0.10970716454886187,0.002971565179353597,0.0872848065729066
0.7959583789184879,0.10652348116553512,0.10949003946938163,0.0029665583038465115,0.08726075519683363
0.7970394886715075,0.10631022725787087,0.10927178263971982,0.002961555381848946,0.08723667916574751
0.7981212492181713,0.10609590259040758,0.10905245893856641,0.002956556348158834,0.08721257863191845
0.7992036609502362,0.10588024603886037,0.10883180764326994,0.0029515616044095694,0.08718845374761663
0.800286724259695,0.1056635417921079,0.10861011256647668,0.002946570774368773,0.08716430466511227
0.8013704395387768,0.10544580057972919,0.10838738444931106,0.0029415838695818763,0.08714013153667377
0.8024548071799464,0.10522678934869223,0.10816339060671254,0.0029366012580203105,0.08711593451457222
0.8035398275759051,0.1050067979893532,0.1079384205377858,0.0029316225484325997,0.08709171375107694
0.8046255011195904,0.10478579045788283,0.10771243827912702,0.002926647821244188,0.08706746939845722
0.8057118282041762,0.10456360116038077,0.10748527851164713,0.0029216773512663607,0.08704320160898327
0.8067988092230738,0.10434048628055503,0.10725719707069192,0.0029167107901368894,0.08701891053492439
0.8078864445699305,0.10411637615819558,0.10702812442818121,0.0029117482699856367,0.08699459632855078
0.8089747346386311,0.10389117262309355,0.10679796259234386,0.002906789969250312,0.08697025914213086
0.8100636798232972,0.10366508684397147,0.1065669224280672,0.0029018355840957355,0.08694589912793749
0.8111532805182877,0.10343798746276889,0.10633487276267939,0.002896885299910501,0.08692151643823731
0.812243537118199,0.10320988657035457,0.10610182576594074,0.0028919391955861684,0.08689711122530142
0.8133344500178649,0.10298097293031283,0.10586796994375369,0.002886997013440862,0.0868726836413991
0.814426019612357,0.10275110964902368,0.10563316864266348,0.0028820589936398022,0.08684823383880058
0.8155182462969848,0.10252033324243115,0.10539745835484293,0.0028771251124117825,0.08682376196977515
0.8166111304672954,0.1022887988137855,0.10516099397360446,0.0028721951598189577,0.08679926818659212
0.8177046725190744,0.10205633590533036,0.104923605337647,0.0028672694323166326,0.08677475264152346
0.8187988728483455,0.10182304834534595,0.10468539614573125,0.002862347800385301,0.0867502154868367
0.8198937318513707,0.10158905759296477,0.10444648769637155,0.0028574301034067773,0.08672565687480116
0.8209892499246507,0.10135415964445116,0.10420667634006087,0.002852516695609708,0.0867010769576888
0.8220854274649247,0.10111852560124923,0.10396613293993884,0.002847607338689606,0.08667647588776806
0.823182264869171,0.10088224329508133,0.10372494521798181,0.0028427019229004813,0.08665185381730911
0.8242797625346063,0.10064507519484511,0.1034828760565576,0.0028378008617124806,0.08662721089858039
0.8253779208586876,0.10040725963507935,0.103240163440117,0.0028329038050376454,0.08660254728385297
0.8264767402391096,0.10016885083727445,0.10299686153280785,0.0028280106955334006,0.08657786312539706
0.8275762210738075,0.09992957776204126,0.10275269976939327,0.002823122007352019,0.08655315857548107
0.8286763637609557,0.09968972584076674,0.10250796311643828,0.0028182372756715424,0.0865284337863752
0.8297771686989682,0.09944930221683013,0.10226265876567897,0.0028133565488488443,0.08650368891034965
0.830878636286499,0.09920810135463132,0.10201658156241944,0.002808480207788122,0.08647892409967373
0.831980766922442,0.0989664017964289,0.10177000962180038,0.002803607825371479,0.08645413950661762
0.8330835610059313,0.09872415696607817,0.1015228964765571,0.0027987395104789314,0.08642933528344976
0.8341870189363411,0.09848122365371914,0.10127509919053512,0.0027938755368159818,0.08640451158244211
0.8352911411132861,0.0982378467617071,0.10102686228916102,0.0027890155274539197,0.08637966855586132
0.8363959279366215,0.09799394617907797,0.10077810582866942,0.0027841596495914445,0.08635480635598025
0.8375013798064435,0.09774944593519841,0.10052875400197347,0.002779308066775066,0.08632992513506821
0.8386074971230888,0.09750455731016494,0.10027901776394277,0.0027744604537778272,0.08630502504539272
0.839714280287135,0.09725916667767454,0.10002878371521984,0.002769617037545302,0.08628010623922577
0.8408217296994013,0.09701326526467824,0.09977804313322469,0.002764777868546453,0.08625516886883577
0.8419298457609476,0.09676703074712023,0.09952697342186934,0.002759942674749105,0.08623021308649292
0.8430386288730758,0.09652031600329458,0.0992754277475445,0.0027551117442499162,0.08620523904446742
0.8441480794373292,0.09627317941523206,0.09902346442679466,0.002750285011562603,0.08618024689502768
0.8452581978554925,0.09602576507329541,0.0987712273326169,0.002745462259321485,0.08615523679044568
0.8463689845295925,0.09577789238074708,0.09851853621890871,0.0027406438381616383,0.08613020888298895
0.8474804398618981,0.09552968683134999,0.09826551639515468,0.0027358295638046926,0.08610516332492857
0.8485925642549202,0.0952812589489076,0.09801227822391212,0.0027310192750045204,0.08608010026853297
0.8497053581114121,0.0950323944846243,0.09775860787091784,0.00272621338629353,0.08605501986607411
0.8508188218343694,0.09478328512764733,0.09750469671945883,0.0027214115918114956,0.08602992226981954
0.8519329558270304,0.09453401081192325,0.09725062459978595,0.0027166137878626984,0.08600480763204033
0.8530477604928762,0.09428432400923636,0.0969961444634535,0.00271182045421714,0.0859796761050049
0.8541632362356306,0.09403448425932304,0.09674151542000686,0.002707031160683826,0.08595452784098434
0.8552793834592605,0.0937845263647441,0.09648677224289504,0.002702245878150933,0.08592936299224885
0.8563962025679761,0.09353419519604067,0.09623166030210761,0.002697465106066943,0.08590418171106595
0.8575136939662308,0.09328379146085819,0.09597647979494184,0.0026926883340836483,0.08587898414970674
0.8586318580587216,0.09303329155519968,0.09572120719474508,0.002687915639545402,0.0858537704604414
0.8597506952503887,0.0927825074716715,0.09546565487621628,0.0026831474045447834,0.08582854079553837
0.8608702059464166,0.0925317063379838,0.09521008951222587,0.0026783831742420716,0.0858032953072696
0.8619903905522333,0.09228083108723517,0.09495445417627746,0.0026736230890422874,0.08577803414790175
0.8631112494735114,0.09202976078925751,0.09469862820017827,0.002668867410920761,0.08575275746970767
0.864232783116167,0.09177872901174933,0.094442844753714,0.002664115741964679,0.0857274654249558
0.8653549918863611,0.091527645246547,0.094187013533503,0.00265936828695601,0.08570215816591453
0.8664778761904989,0.0912764555950556,0.09393108078010215,0.002654625185046555,0.08567683584485497
0.8676014364352301,0.09102536008533058,0.09367524618196299,0.0026498860966324145,0.0856514986140473
0.8687256730274497,0.09077423478999691,0.09341938608217948,0.002645151292182568,0.08562614662576085
0.8698505863742974,0.09052309279559712,0.09316351358094277,0.002640420785345654,0.0856007800322649
0.8709761768831576,0.09027210061133228,0.0929077949075392,0.002635694296206914,0.08557539898582878
0.8721024449616606,0.09002110091308957,0.09265207307528645,0.0026309721621968762,0.08555000363872445
0.8732293910176816,0.08977017372532359,0.09239642799415826,0.0026262542688346713,0.08552459414321945
0.8743570154593414,0.08951945205960499,0.0921409924568426,0.0026215403972376095,0.08549917065158397
0.8754853186950067,0.08926874521796169,0.09188557617102688,0.0026168309530651968,0.08547373331608821
0.8766143011332898,0.08901820011475614,0.09163032580586972,0.002612125691113576,0.08544828228900236
0.877743963183049,0.0887679162855779,0.0913753407404414,0.002607424454863505,0.08542281772259397
0.8788743052533888,0.08851766968187391,0.09112039740131639,0.002602727719442477,0.08539733976913588
0.8800053277536601,0.08826767802985103,0.09086571313622827,0.002598035106377239,0.08537184858089653
0.8811370310934596,0.08801801409939358,0.09061136062221209,0.002593346522818507,0.08534634431014432
0.8822694156826316,0.08776841068887897,0.09035707320346109,0.0025886625145821185,0.08532082710915034
0.8834024819312662,0.08751914830631247,0.09010313087373323,0.0025839825674207617,0.08529529713018391
0.8845362302497007,0.08727024018318907,0.08984954687520474,0.0025793066920156704,0.08526975452551522
0.8856706610485195,0.08702145374179526,0.08959608913213479,0.0025746353903395303,0.08524419944741357
0.886805774738554,0.0867730780927527,0.08934304621839306,0.002569968125640365,0.08521863204815006
0.8879415717308831,0.086525079045777,0.08909038404950653,0.0025653050037295344,0.0851930524799922
0.8890780524368327,0.08627729092600323,0.08883793732318068,0.0025606463971774573,0.0851674608952111
0.8902152172679769,0.08602996935434781,0.0885859611853892,0.002555991831041382,0.08514185744607694
0.8913530666361371,0.08578304678052184,0.08833438826034268,0.0025513414798208345,0.08511624228485726
0.892491600953383,0.08553642438314935,0.08808311996731888,0.002546695584169534,0.08509061556382491
0.893630820632032,0.0852903243159151,0.0878323780481578,0.0025420537322426995,0.08506497743524744
0.8947707260846498,0.0850446456925571,0.08758206186099038,0.002537416168433282,0.08503932805139414
0.8959113177240506,0.08479935649509684,0.08733213949410068,0.0025327829990038353,0.08501366756453699
0.8970525959632969,0.0845546454328554,0.08708279930933749,0.0025281538764820866,0.08498799612694441
0.8981945612157001,0.08431037830801458,0.08683390742434494,0.0025235291163303586,0.08496231389088571
0.89933721389482,0.08406658985517623,0.08658549854317155,0.0025189086879953138,0.08493662100863109
0.9004805544144656,0.08382343536256709,0.08633772767218595,0.0025142923096188596,0.08491091763245162
0.9016245831886953,0.08358074734559828,0.08609042771449982,0.0025096803689015346,0.08488520391461396
0.9027693006318163,0.08333862723992436,0.08584369993600482,0.002505072696080468,0.08485948000739096
0.9039147071583852,0.08309719693633166,0.08559766601247532,0.002500469076143652,0.08483374606305105
0.9050608031832084,0.08285625568862631,0.08535212565879124,0.0024958699701649323,0.08480800223386442
0.9062075891213419,0.08261597158127465,0.08510724664810443,0.002491275066829779,0.08478224867209949
0.9073550653880915,0.0823764331316692,0.08486311735084673,0.0024866842191775262,0.08475648553002824
0.9085032323990132,0.0821374063575302,0.0846195043203064,0.0024820979627762085,0.08473071295991819
0.9096520905699128,0.08189912593921456,0.08437664178166848,0.0024775158424539256,0.08470493111404043
0.9108016403168466,0.08166164704513257,0.08413458482561698,0.0024729377804844077,0.08467914014466427
0.9119518820561214,0.08142470248280897,0.08389306687084286,0.0024683643880338835,0.08465334020405901
0.9131028162042947,0.08118859347487728,0.08365238853868107,0.0024637950638037864,0.08462753144449486
0.9142544431781744,0.08095331178525367,0.08341254165042855,0.0024592298651748834,0.08460171401824201
0.9154067633948196,0.08071864727841671,0.08317331656429516,0.0024546692858784525,0.08457588807756977
0.9165597772715404,0.08048487742408206,0.0829349901944596,0.002450112770377544,0.08455005377474833
0.917713485225898,0.08025195749377279,0.08269751794936742,0.002445560455594631,0.08452421126204701
0.918867887675705,0.08001974401558165,0.08246075671048914,0.002441012694907485,0.08449836069173422
0.9200229850390255,0.07978848107128744,0.08222495007161967,0.002436469000332231,0.08447250221608193
0.9211787777341756,0.07955809068568964,0.0819900202682593,0.0024319295825696585,0.08444663598735858
0.9223352661797227,0.07932849599704017,0.08175589064941136,0.0024273946523711842,0.08442076215783523
0.9234924507944864,0.07909990772396203,0.08152277151444132,0.0024228637904792905,0.08439488087978031
0.9246503319975385,0.07887221467074834,0.08129055195320145,0.002418337282453109,0.08436899230546402
0.9258089102082029,0.07864540653166863,0.08105922172585611,0.0024138151941874852,0.08434309658715566
0.9269681858460559,0.07841966068735484,0.08082895786365363,0.002409297176298786,0.08431719387712544
0.9281281593309265,0.07819483274813432,0.08059961633840285,0.002404783590268522,0.08429128432764355
0.9292888310828965,0.07797097890951399,0.08037125326445693,0.002400274354942944,0.0842653680909784
0.9304502015223004,0.07774824323963969,0.08014401243157998,0.002395769191940289,0.08423944531940109
0.9316122710697257,0.07752644818176346,0.07991771672147241,0.002391268539708946,0.08421351616518091
0.9327750401460132,0.07730571637719041,0.0796924885450867,0.0023867721678962894,0.08418758078058808
0.9339385091722571,0.07708615860744583,0.07946843847767582,0.0023822798702299863,0.08416163931789011
0.9351026785698048,0.07686756417592022,0.0792453563390687,0.0023777921631484844,0.08413569192936077
0.9362675487602576,0.0766501221136453,0.07902343077863527,0.0023733086649899704,0.0841097387672658
0.9374331201654708,0.07643390994172883,0.0788027391844075,0.0023688292426786717,0.08408377998387628
0.9385993932075529,0.07621868385124753,0.07858303834289426,0.0023643544916467363,0.08405781573146331
0.939766368308867,0.07600469920625486,0.07836458308310768,0.0023598838768528196,0.08403184616229531
0.9409340458920307,0.0757919927704771,0.07814741012712911,0.002355417356652012,0.08400587142864246
0.9421024263799156,0.07558031022107414,0.07793126577602649,0.0023509555549523498,0.08397989168277409
0.9432715101956479,0.07536995062727048,0.07771644846007497,0.002346497832804495,0.08395390707696038
0.9444412977626085,0.07516089189611996,0.07750293617918924,0.002342044283069278,0.08392791776347153
0.9456117895044335,0.07495294616806536,0.07729054154957637,0.002337595381511015,0.08390192389457507
0.9467829858450134,0.07474637921055471,0.07707952977141996,0.002333150560865249,0.08387592562254387
0.9479548872084944,0.07454113577920651,0.07686984577054456,0.0023287099913380516,0.08384992309964545
0.9491274940192779,0.07433709442115966,0.07666136841963223,0.00232427399847257,0.0838239164781509
0.9503008067020206,0.0741344876286334,0.07645432971639199,0.0023198420877585946,0.08379790591032865
0.9514748256816348,0.07393322703363392,0.07624864154137256,0.0023154145077386445,0.08377189154844977
0.952649551383289,0.0737332575328038,0.07604424896449746,0.0023109914316936653,0.08374587354478269
0.9538249842324072,0.07353477837000622,0.07584135080892818,0.002306572438921961,0.08371985205159849
0.9550011246546698,0.07333766808177167,0.07563982593903695,0.0023021578572652857,0.08369382722116558
0.956177973076013,0.07314193785645262,0.07543968556220193,0.002297747705749309,0.08366779920575418
0.9573555299226301,0.07294775371674156,0.07524109535524914,0.0022933416385075844,0.08364176815763447
0.9585337956209703,0.0727549611321372,0.07504390119576865,0.0022889400636314505,0.08361573422907664
0.9597127705977395,0.0725636375243095,0.07484818036824059,0.002284542843931092,0.08358969757235002
0.9608924552799014,0.07237391572229068,0.07465406543168118,0.0022801497093905,0.08356365833972301
0.9620728500946756,0.07218560815728559,0.07446136930656255,0.002275761149276967,0.08353761668346671
0.9632539554695395,0.07199885842530573,0.07427023529357157,0.0022713768682658397,0.08351157275585042
0.9644357718322275,0.07181376618954438,0.07408076286272358,0.0022669966731792,0.08348552670914433
0.9656182996107318,0.07163011087193816,0.07389273200730972,0.0022626211353715675,0.08345947869561865
0.9668015392333018,0.07144810218329578,0.07370635198280162,0.0022582497995058404,0.08343342886754179
0.9679854911284451,0.0712678066490895,0.07352168919930335,0.0022538825502138593,0.08340737737718396
0.9691701557249273,0.07108897071130293,0.07333849075312937,0.002249520041826436,0.08338132437681445
0.9703555334517716,0.07091187013543276,0.07315703179258293,0.002245161657150163,0.08335527001870435
0.9715416247382599,0.07073652015366338,0.07297732755720343,0.002240807403540046,0.08332921445512298
0.9727284300139324,0.07056268880957894,0.07279914669687315,0.0022364578872942076,0.08330315783833964
0.9739159497085879,0.07039066331073496,0.07262277577017873,0.002232112459443769,0.08327710032062274
0.9751041842522837,0.07022041095467912,0.07244818219838223,0.0022277712437031028,0.08325104205424516
0.9762931340753364,0.07005176597861684,0.07227520066780091,0.0022234346891840673,0.08322498319147442
0.9774827996083212,0.06988498240880059,0.07210408463218254,0.0022191022233819524,0.08319892388458072
0.9786731812820728,0.069719994521237,0.07193476857275272,0.002214774051515711,0.08317286428583426
0.9798642795276848,0.06955670268673675,0.07176715315039406,0.0022104504636573097,0.08314680454750345
0.9810560947765112,0.06939532777865765,0.07160145874338397,0.002206130964726327,0.08312074482185938
0.9822486274601648,0.06923577108101497,0.07143758692332725,0.0022018158423122713,0.08309468526117225
0.9834418780105186,0.06907799903765799,0.0712755042633022,0.002197505225644214,0.08306862601771048
0.9846358468597055,0.0689221993977398,0.07111539809573753,0.0021931986979977225,0.08304256724374337
0.9858305344401184,0.06876824048310759,0.0709571371133011,0.0021888966301935042,0.0830165090915429
0.9870259411844107,0.06861615474953808,0.07080075373838124,0.002184598988843156,0.08299045171337749
0.9882220675254961,0.0684660968509565,0.07064640228745223,0.002180305436495722,0.08296439526151644
0.989418913896549,0.06831790217712363,0.07049391860516163,0.0021760164280379968,0.08293833988822907
0.9906164807310046,0.06817166913409967,0.07034340089983182,0.0021717317657321544,0.08291228574578735
0.9918147684625588,0.06802751930983941,0.07019497050213985,0.0021674511923004403,0.0828862329864597
0.9930137775251686,0.06788525519235478,0.07004843043985964,0.002163175247504867,0.08286018176251542
0.9942135083530526,0.0677450410758258,0.0699039446434,0.0021589035675741997,0.08283413222622471
0.9954139613806903,0.06760697725395826,0.06976161323023167,0.0021546359762734113,0.08280808452985688
0.996615137042823,0.06747087719847578,0.06962125029752197,0.002150373099046199,0.08278203882568302
0.9978170357744537,0.06733691774044193,0.06948303214486451,0.0021461144044225833,0.08275599526597155
0.9990196580108471,0.06720515445110653,0.069347014249181,0.0021418597980744636,0.08272995400299266
1.00022300418753,0.06707532413336814,0.0692129341252743,0.002137609991906153,0.08270391518901565
1.0014270747402918,0.06694772269541183,0.0690810869805416,0.0021333642851297796,0.08267787897631074
1.0026318701051833,0.06682234397689513,0.06895146671610508,0.0021291227392099543,0.0826518455171481
1.0038373907185187,0.06669897823570103,0.06882386416983355,0.0021248859341325144,0.08262581496379706
1.0050436370168745,0.06657790081404347,0.06869855403139624,0.002120653217352775,0.08259978746852692
1.0062506094370895,0.06645906846430005,0.06857549320954259,0.00211642474524254,0.08257376318360699
1.0074583084162665,0.06634233735304207,0.06845453828562675,0.0021122009325846847,0.08254774226130923
1.0086667343917703,0.06622794976998225,0.0683359309775442,0.0021079812075619486,0.08252172485390119
1.0098758878012302,0.06611582958312479,0.06821959539481792,0.002103765811693137,0.08249571111365306
1.0110857690825377,0.06600589880462415,0.06810545379756228,0.002099554992938124,0.08246970119283592
1.0122963786738488,0.06589836670172744,0.06799371496277118,0.002095348261043739,0.0824436952437182
1.0135077170135827,0.06579312428909478,0.06788427023254062,0.002091145943445838,0.08241769341857008
1.014719784540423,0.06569015936087297,0.06777710748056176,0.002086948119688792,0.08239169586966089
1.015932581693317,0.0655896481921232,0.06767240257403717,0.002082754381913965,0.08236570274925992
1.017146108911476,0.06549144897542547,0.06757001411963959,0.0020785651442141173,0.08233971420963915
1.0183603666343766,0.06539561522284831,0.06746999553901922,0.0020743803161709096,0.08231373040306611
1.0195753553017592,0.065302290247784,0.06737248982090449,0.0020701995731204903,0.082287751481811
1.0207910753536291,0.06521129945222714,0.06727732286877153,0.0020660234165443825,0.08226177759814401
1.022007527230256,0.06512276200161526,0.06718461358616246,0.002061851584547192,0.08223580890433535
1.023224711372176,0.06503678827843196,0.06709447211488229,0.0020576838364503303,0.08220984555265343
1.0244426282201888,0.06495317091179054,0.06700669167361806,0.002053520761827521,0.08218388769536933
1.0256612782153607,0.06487208730384086,0.06692144922967458,0.002049361925833715,0.08215793548475148
1.0268806617990223,0.0647935909244941,0.06683879809703175,0.002045207172537644,0.08213198907307007
1.0281007794127708,0.06471751450670826,0.06675857168701071,0.0020410571803024524,0.08210604861259618
1.0293216314984692,0.06464396061205502,0.06668087195194605,0.0020369113398910343,0.08208011425559736
1.0305432184982457,0.06457293218292737,0.06660570178081926,0.0020327695978918925,0.08205418615434557
1.0317655408544957,0.06450414058298115,0.06653277325404972,0.0020286326710685643,0.08202826446110834
1.03298859900988,0.06443784699414845,0.06646234681959395,0.0020244998254455027,0.08200234932815764
1.0342123934073264,0.06437399522519449,0.06639436638898122,0.002020371163786727,0.08197644090776102
1.035436924490029,0.06431236234811077,0.06632860958019471,0.002016247232083934,0.08195053935218954
1.0366621927014492,0.06425317663046659,0.0662653040105523,0.0020121273800857153,0.08192464481371342
1.0378881984853148,0.06419634914166661,0.06620436093986015,0.002008011798193543,0.08189875744460107
1.039114942285621,0.06414172259799233,0.06614562345817365,0.002003900860181318,0.08187287739712268
1.04034242454663,0.06408949238522066,0.0660892863854956,0.001999794000274946,0.08184700482354845
1.0415706457128717,0.06403953686684716,0.06603522836403641,0.001995691497189256,0.08182113987614859
1.0427996062291436,0.0639917643389678,0.06598335789003862,0.001991593551070814,0.08179528270719061
1.044029306540511,0.06394633733835331,0.06593383701971067,0.001987499681357363,0.08176943346894738
1.045259747092307,0.06390310155625034,0.06588651181198646,0.0019834102557361177,0.08174359231368555
1.0464909283301325,0.06386203080366393,0.06584135610301445,0.0019793252993505206,0.0817177593936762
1.047722850699857,0.06382325480136508,0.065798499218932,0.0019752444175669126,0.08169193486119042
1.0489555146476184,0.06378658660221337,0.06575775466989686,0.001971168067683493,0.08166611886849662
1.050188920619823,0.0637520654667938,0.06571916156530211,0.001967096098508314,0.08164031156786411
1.0514230690631459,0.06371991520286002,0.06568294340488912,0.0019630282020290934,0.08161451311156309
1.052657960424531,0.0636897911927452,0.06564875611852727,0.0019589649257820696,0.08158872365186376
1.0538935951511914,0.06366179583272835,0.06561670177366175,0.0019549059409333935,0.08156294334103542
1.0551299736906092,0.0636359932898598,0.06558684431663675,0.0019508510267769452,0.08153717233134827
1.0563670964905363,0.06361213142105893,0.06555893224274456,0.0019468008216856347,0.08151141077507162
1.0576049639989933,0.063590380167029,0.06553313498495417,0.001942754817925163,0.0814856588244739
1.0588435766642716,0.06357077097927544,0.06550948386202471,0.0019387128827492717,0.08145991663182794
1.0600829349349314,0.06355301917923839,0.06548769492520279,0.0019346757459643982,0.08143418434940042
1.0613230392598039,0.06353735995900855,0.06546800267870356,0.0019306427196950082,0.08140846212946329
1.0625638900879895,0.06352377510910223,0.06545038891539878,0.001926613806296551,0.08138275012428586
1.0638054878688592,0.06351199838786936,0.06543458807597347,0.0019225896881041038,0.08135704848613656
1.0650478330520556,0.06350227923410845,0.0654208488694854,0.0019185696353769544,0.08133135736728647
1.0662909260874907,0.0634945511437559,0.06540910492683771,0.0019145537830818071,0.08130567692000579
1.0675347674253475,0.06348861328743993,0.06539915592395928,0.0019105426365193523,0.08128000729656204
1.0687793575160804,0.06348468234281235,0.06539121789585156,0.0019065355530392125,0.08125434864922632
1.0700246968104148,0.06348269223981795,0.06538522499786037,0.001902532758042419,0.08122870113026881
1.0712707857593473,0.06348257514726097,0.06538110972582256,0.0018985345785615948,0.08120306489195883
1.0725176248141464,0.06348441354718837,0.06537895400686988,0.0018945404596815152,0.08117744008656658
1.0737652144263516,0.06348807579019233,0.06537862650800896,0.0018905507178166303,0.08115182686636047
1.0750135550477748,0.06349349165119822,0.06538005715172002,0.0018865655005217974,0.08112622538361158
1.0762626471304995,0.06350081236676619,0.06538339670801907,0.0018825843412528798,0.08110063579058924
1.0775124911268814,0.06350987377724682,0.06538848142523612,0.0018786076479893055,0.08107505823956274
1.0787630874895489,0.06352067086944135,0.0653953062570869,0.0018746353876455402,0.08104949288280228
1.080014436671402,0.06353332222090113,0.06540398940355452,0.001870667182653385,0.08102393987257717
1.0812665391256144,0.0635476311966352,0.06541433472973868,0.0018667035331034754,0.08099839936115849
1.0825193953056318,0.06356365792775076,0.06542640215188111,0.0018627442241303527,0.08097287150081467
1.0837730056651733,0.06358148836714861,0.06544027733489077,0.0018587889677421643,0.0809473564438159
1.0850273706582305,0.06360089343957043,0.06545573179623165,0.0018548383566612259,0.08092185434243149
1.0862824907390696,0.06362199835250859,0.06547289034565029,0.0018508919931417012,0.08089636534893252
1.0875383663622287,0.0636449304001454,0.06549188007949258,0.0018469496793471762,0.08087088961558653
1.0887949979825204,0.06366941416470695,0.0655124262658422,0.001843012101135244,0.0808454272946646
1.090052386055031,0.063695578746362,0.06553465742318121,0.0018390786768192058,0.08081997853843692
1.0913105310351205,0.0637234449328492,0.06555859423212063,0.0018351492992714213,0.08079454349917192
1.0925694333784233,0.06375271885463984,0.06558394360261932,0.0018312247479794763,0.08076912232914069
1.093829093540848,0.06378365564733457,0.06561095990361387,0.0018273042562793052,0.08074371518061252
1.095089511978577,0.06381621616967159,0.06563960405542257,0.0018233878857509822,0.08071832220585673
1.0963506891480688,0.0638501564439915,0.06566963272162063,0.0018194762776291284,0.08069294355714351
1.0976126255060552,0.06388571425082556,0.06570128296245326,0.0018155687116276908,0.08066757938674218
1.0988753215095435,0.06392281290422996,0.06573447826019674,0.001811665355966774,0.08064222984692293
1.1001387776158162,0.06396127353210534,0.06576904020161844,0.0018077666695131,0.08061689508995595
1.1014029942824308,0.0640013013126941,0.06580517333466052,0.0018038720219664128,0.08059157526810967
1.1026679719672208,0.06404282268041683,0.06584280435474543,0.001799981674328599,0.08056627053365428
1.1039337111282947,0.06408578475844351,0.06588188066050638,0.0017960959020628664,0.08054098103886087
1.105200212224037,0.0641302622747082,0.06592247644010563,0.0017922141653974322,0.08051570693599697
1.1064674757131077,0.06417611372908993,0.06596445054768818,0.0017883368185982462,0.08049044837733454
1.1077355020544437,0.06422329023569251,0.06600775418840854,0.001784463952716031,0.08046520551514114
1.109004291707258,0.06427193185405322,0.06605252697309094,0.00178059511903772,0.08043997850168694
1.1102738451310394,0.06432186473997792,0.06609859550552954,0.0017767307655516262,0.08041476748924392
1.111544162785554,0.06437310490665027,0.06614597570457725,0.0017728707979269842,0.08038957263007962
1.1128152451308442,0.06442575991652788,0.06619477477554714,0.0017690148590192578,0.08036439407646423
1.1140870926272293,0.06447962361712722,0.0662447871081131,0.001765163490985877,0.08033923198066883
1.1153597057353062,0.06453477685124298,0.06629609326441432,0.0017613164131713432,0.08031408649496097
1.1166330849159487,0.06459130040931527,0.06634877376981496,0.001757473360499695,0.08028895777161171
1.117907230630308,0.0646490726412603,0.06640270761098499,0.0017536349697246933,0.08026384596289038
1.119182143339813,0.06470811505709939,0.06645791583005867,0.0017498007729592757,0.08023875122106716
1.1204578235061704,0.06476847031287214,0.06651444091054426,0.0017459705976721196,0.08021367369841226
1.121734271591365,0.06482986772906241,0.06657201290469228,0.0017421451756298723,0.0801886135471932
1.123011488057659,0.0648925175797972,0.06663084143063358,0.0017383238508363874,0.08016357091968196
1.1242894733675937,0.06495642473657437,0.06669093129595538,0.0017345065593810105,0.08013854596814785
1.1255682279839883,0.0650213025019255,0.06675199658353215,0.001730694081606643,0.08011353884485928
1.126847752369941,0.06508740958753911,0.06681429520693527,0.0017268856193961568,0.08008854970208734
1.128128046988828,0.06515469156303944,0.06687777284363339,0.0017230812805939522,0.08006357869210223
1.1294091123043057,0.06522292659064988,0.06694220825026242,0.0017192816596125482,0.08003862596717237
1.130690948780309,0.0652924207230905,0.06700790677337665,0.0017154860502861524,0.08001369167956796
1.1319735568810514,0.06536304890641009,0.0670747435611796,0.0017116946547695022,0.07998877598155918
1.1332569370710266,0.06543461075768864,0.06714251863834964,0.001707907880660997,0.07996387902541446
1.134541089815008,0.06550730005766336,0.06721142517188028,0.0017041251142169145,0.07993900096340578
1.135826015578048,0.06558099782752436,0.06728134447982104,0.0017003466522966804,0.07991414194780067
1.13711171482548,0.06565561172074563,0.06735218443558288,0.0016965727148372522,0.0798893021308702
1.1383981880229166,0.0657313031152027,0.0674241058961691,0.001692802780966396,0.07986448166488369
1.1396854356362511,0.06580792082124365,0.06749695806387734,0.0016890372426336953,0.07983968070211134
1.1409734581316575,0.06588543714127759,0.06757071327257691,0.001685276131299318,0.07981489939482245
1.1422622559755897,0.06596398108619717,0.06764550010558867,0.0016815190193915086,0.07979013789528633
1.1435518296347833,0.06604347657361131,0.06772124296793436,0.0016777663943230436,0.07976539635577229
1.144842179576254,0.06612385952802935,0.06779787762631528,0.0016740180982859343,0.0797406749285523
1.146133306267299,0.06620521823717862,0.06787549203461118,0.0016702737974325643,0.07971597376589479
1.1474252101754971,0.06628733718162749,0.06795387125661723,0.001666534074989734,0.07969129302006905
1.1487178917687082,0.06637031773166235,0.06803311631479048,0.0016627985831281222,0.0796666328433453
1.1500113515150734,0.06645422425506897,0.0681132913371929,0.0016590670821239328,0.0796419933879946
1.151305589883017,0.06653880913119004,0.06819414938254909,0.0016553402513590498,0.07961737480628361
1.1526006073412436,0.0666242381662272,0.06827585571848083,0.0016516175522536258,0.07959277725048519
1.1538964043587414,0.06671054346949301,0.06835844230909416,0.0016478988396011474,0.07956820087286687
1.1551929814047799,0.06679752793129179,0.06844171282054656,0.001644184889254774,0.07954364582569973
1.1564903389489114,0.06688536237312093,0.0685258373443185,0.0016404749711975697,0.0795191122612513
1.157788477460971,0.06697400542537046,0.068610774507194,0.0016367690818235303,0.07949460033179534
1.1590873974110767,0.06706319269783378,0.06869626065144985,0.001633067953616063,0.07947011018959849
1.160387099269629,0.06715317129729392,0.06878254210189994,0.0016293708046060118,0.07944564198693094
1.161687583507312,0.06724387673232268,0.06886955450763299,0.001625677775310308,0.07942119587606378
1.162988850595093,0.06733510915043883,0.06895709855893539,0.0016219894084965603,0.07939677200926454
1.1642909010042228,0.06742708335086789,0.06904538836711627,0.001618305016248378,0.0793723705388043
1.1655937352062362,0.06751971066441342,0.06913433549940429,0.0016146248349908632,0.07934799161695416
1.1668973536729512,0.06761293831668702,0.06922388753376563,0.0016109492170786055,0.07932363539598164
1.1682017568764702,0.06770685587554581,0.06931413344456594,0.0016072775690201269,0.07929930202815694
1.16950694528918,0.06780133464425564,0.06940494486771875,0.0016036102234631144,0.07927499166575025
1.1708129193837515,0.067896303614563,0.06949625095624157,0.0015999473416785648,0.07925070446103089
1.1721196796331397,0.06799191306329888,0.06958820148825584,0.0015962884249569598,0.07922644056626993
1.1734272265105854,0.06808800225471767,0.06968063615718378,0.0015926339024661118,0.0792022001337358
1.1747355604896135,0.06818456450325172,0.06977354824700477,0.0015889837437530474,0.07917798331569781
1.1760446820440338,0.068281717887678,0.06986705543291372,0.00158533754523571,0.07915379026442704
1.1773545916479415,0.06837934144193358,0.06996103727481806,0.0015816958328844777,0.07912962113219191
1.178665289775718,0.06847743623517921,0.07005549461908789,0.001578058383908676,0.07910547607126439
1.1799767769020288,0.0685760703206677,0.07015049521085448,0.0015744248901867763,0.07908135523391113
1.1812890535018266,0.0686750189795049,0.0702458149542613,0.0015707959747564004,0.0790572587724041
1.1826021200503485,0.06877440393887557,0.07034157516078832,0.0015671712219127443,0.07903318683901173
1.1839159770231191,0.06887427897551657,0.07043782939481691,0.0015635504193003413,0.07900913958600597
1.1852306248959485,0.06897438744276041,0.07053432173004648,0.0015599342872860689,0.07898511716565437
1.186546064144933,0.0690749151736414,0.07063123739033283,0.0015563222166914414,0.07896111973022713
1.1878622952464564,0.06917595389318087,0.07072866798441613,0.0015527140912352522,0.07893714743199443
1.1891793186771882,0.06927715151780145,0.07082626224664512,0.0015491107288436723,0.07891320042322558
1.1904971349140856,0.06937874868132798,0.07092426000767471,0.0015455113263467268,0.07888927885619079
1.1918157444343929,0.06948070894554981,0.07102262488799216,0.0015419159424423512,0.07886538288316025
1.1931351477156409,0.06958279008684087,0.07112111534382048,0.0015383252569796113,0.07884151265640149
1.1944553452356486,0.06968522773358288,0.0712199662417472,0.0015347385081643239,0.07881766832818649
1.1957763374725225,0.06978794748646244,0.07131910335605607,0.0015311558695936256,0.07879385005078454
1.1970981249046573,0.06989079106913554,0.07141836889756625,0.001527577828430715,0.07877005797646497
1.1984207080107345,0.06999398991296957,0.07151799363158062,0.0015240037186110555,0.07874629225749796
1.199744087269725,0.07009738712200164,0.07161782093286284,0.0015204338108611992,0.07872255304615283
1.201068263160887,0.0702008688029272,0.07171773720205188,0.0015168683991246823,0.07869884049469889
1.2023932361637684,0.07030460633063651,0.07181791324399178,0.0015133069133552723,0.0786751547554072
1.2037190067582042,0.07040846144818325,0.07191821116981956,0.001509749721636311,0.07865149598054622
1.20504557542432,0.07051238432598872,0.07201858125018035,0.0015061969241916273,0.078627864322387
1.206372942642529,0.07061651427539406,0.0721191623226618,0.0015026480472677406,0.07860425993319797
1.2077011088935339,0.070720736436928,0.07221983999344417,0.0014991035565161681,0.07858068296524934
1.2090300746583278,0.07082500859450302,0.07232057195247332,0.0014955633579702976,0.07855713357081129
1.210359840418192,0.07092943612227298,0.07242146319670084,0.0014920270744278596,0.07853361190215313
1.2116904066546978,0.0710338170554543,0.07252231232476625,0.0014884952693119402,0.07851011811154507
1.2130217738497073,0.07113822945789128,0.07262319711190823,0.0014849676540169554,0.07848665235125551
1.2143539424853715,0.07124274861035484,0.07272419255849183,0.0014814439481369845,0.07846321477355644
1.2156869130441326,0.07134714075778614,0.072825065570842,0.0014779248130558642,0.07843980553071539
1.217020686008722,0.07145158910208327,0.0729259988671922,0.0014744097651089305,0.07841642477500343
1.2183552618621634,0.0715560970205722,0.07302699564149417,0.0014708986209219788,0.07839307265869078
1.21969064108777,0.07166039450911921,0.07312778664912756,0.00146739214000835,0.07836974933404495
1.221026824169146,0.07176468723234475,0.07322857687560447,0.0014638896432597193,0.07834645495333792
1.2223638115901871,0.0718689822302947,0.07332937328817124,0.0014603910578765422,0.07832318966883811
1.2237016038350803,0.07197299534422541,0.07342989254589405,0.0014568972016686388,0.07829995363281661
1.2250402013883037,0.07207698542144847,0.07353039266116657,0.0014534072397180964,0.07827674699754095
1.2263796047346276,0.07218092827364941,0.07363084955463783,0.0014499212809884199,0.0782535699152831
1.2277198143591135,0.07228456969653418,0.07373100964531609,0.001446439948781908,0.07823042253831236
1.2290608307471151,0.07238813395673915,0.07383109646172148,0.0014429625049823258,0.07820730501889717
1.2304026543842788,0.072491536884292,0.07393102604066115,0.0014394891563691559,0.0781842175093086
1.2317452857565425,0.0725946221303575,0.07403064246170032,0.0014360203313428244,0.07816116016181596
1.233088725350137,0.0726975819963922,0.0741301373851968,0.0014325553888046016,0.07813813312868856
1.234432973651586,0.072800310568085,0.07422940520160282,0.0014290946335178134,0.0781151365621966
1.2357780311477058,0.07290271499189416,0.07432835329049947,0.001425638298605314,0.07809217061461027
1.2371238983256057,0.0730049425387822,0.07442712837898302,0.001422185840200818,0.07806923543819888
1.2384705756726886,0.0731068455321422,0.0745255831933358,0.0014187376611936031,0.07804633118523174
1.23981806367665,0.07320839513926813,0.07462368893836135,0.0014152937990932202,0.07802345800797994
1.2411663628254803,0.07330971982966616,0.07472157363712029,0.001411853807454122,0.078000616058711
1.2425154736074626,0.0734106404753323,0.07481905866276328,0.001408418187430982,0.0779778054896969
1.243865396511174,0.07351120004326628,0.0749161868238728,0.0014049867806065208,0.07795502645320607
1.245216132025486,0.07361148327172717,0.07501304250985541,0.001401559238128236,0.0779322791015078
1.2465676806395645,0.07371127912839626,0.0751094152879439,0.0013981361595476471,0.07790956358687406
1.2479200428428694,0.07381068600196095,0.07520540319218405,0.0013947171902231048,0.0778868800615724
1.2492732191251557,0.0739097686802781,0.07530107075934911,0.0013913020790710107,0.0778642286778739
1.2506272099764728,0.07400828451637409,0.07539617604051774,0.0013878915241436474,0.07784160958804698
1.2519820158871655,0.07410639254700335,0.075490877521319,0.0013844849743156473,0.07781902294436271
1.2533376373478737,0.07420412460697001,0.07558520688339065,0.001381082276420642,0.07779646889909042
1.2546940748495323,0.0743012068951927,0.07567889112231008,0.0013776842271173706,0.0777739476044994
1.256051328883372,0.07439786472621002,0.07577215480476429,0.0013742900785542744,0.07775145921285986
1.2574093999409193,0.07449408475997288,0.07586498458078061,0.001370899820807736,0.0777290038764411
1.2587682885139964,0.07458960501115097,0.07595711922482096,0.0013675142136699847,0.07770658174751333
1.2601279950947215,0.07468465900995547,0.07604879145786736,0.0013641324479118921,0.07768419297834583
1.2614885201755093,0.07477918761316893,0.0761399422780844,0.0013607546649154756,0.07766183772120883
1.2628498642490706,0.07487299708064121,0.07623037850895376,0.001357381428312543,0.0776395161283725
1.2642120278084132,0.07496630045297081,0.07632031247964655,0.0013540120266757327,0.07761722835210527
1.2655750113468414,0.0750590039399448,0.07640965063973315,0.0013506466997883493,0.07759497454467823
1.2669388153579564,0.07515097269243931,0.07649825850731506,0.0013472858148757538,0.07757275485836068
1.2683034403356568,0.07524236549962282,0.07658629425807728,0.0013439287584544601,0.07755056944542105
1.269668886774138,0.07533306863246825,0.0766736445012679,0.0013405758687996538,0.0775284184581313
1.2710351551678936,0.07542301770490933,0.07676024502142376,0.0013372273165144222,0.07750630204875986
1.2724022460117141,0.07551236220040458,0.07684624478658897,0.0013338825861843873,0.07748422036957603
1.2737701598006888,0.07560094517450366,0.07693148728916022,0.0013305421146565521,0.07746217357285001
1.275138897030204,0.07568875861787916,0.0770159644935946,0.0013272058757154426,0.07744016181085289
1.276508458195945,0.07577587838214139,0.07709975183427797,0.0013238734521365814,0.0774181852358522
1.2778788437938946,0.07586215224861359,0.07718269762801544,0.0013205453794018496,0.0773962440001208
1.2792500543203356,0.07594763729392895,0.0772648587282374,0.0013172214343084576,0.07737433825592355
1.2806220902718481,0.0760324195953812,0.07734632089330695,0.0013139012979257458,0.07735246815553509
1.2819949521453118,0.07611627920570196,0.07742686481012662,0.0013105856044246522,0.07733063385122296
1.2833686404379054,0.0761993179770677,0.07750659191053799,0.0013072739334702987,0.07730883549525558
1.2847431556471072,0.07628156504785188,0.07758553111236832,0.0013039660645164375,0.0772870732399058
1.2861184982706941,0.07636280702636089,0.07766346975682747,0.001300662730466584,0.07726534723744205
1.2874946688067437,0.07644322560034666,0.07774058891407876,0.0012973633137320917,0.07724365764013186
1.2888716677536327,0.07652284359208572,0.07781691128431678,0.00129406769223106,0.07722200460024897
1.2902494956100383,0.07660137820298907,0.07789215490062062,0.0012907766976315571,0.07720038827005915
1.2916281528749374,0.0766790202997214,0.07796650981471043,0.0012874895149890264,0.07717880880183525
1.2930076400476074,0.07675576989721478,0.07803997609521574,0.001284206198000959,0.0771572663478457
1.2943879576276267,0.076831403366314,0.07811233081170155,0.0012809274453875474,0.07713576106036069
1.2957691061148737,0.07690615431123415,0.07818380678774073,0.0012776524765065744,0.07711429309164863
1.2971510860095283,0.07697995091839172,0.07825433238343571,0.0012743814650439944,0.07709286259398063
1.2985338978120715,0.07705258770330747,0.07832370261588917,0.0012711149125816945,0.07707146971962686
1.299917542023285,0.07712423757522213,0.07839208971214973,0.0012678521369275941,0.07705011462085487
1.3013020191442524,0.0771948509199829,0.0784594443304174,0.0012645934104345002,0.07702879744993751
1.3026873296763588,0.07726431420137381,0.07852565323881588,0.0012613390374420774,0.07700751835914144
1.3040734741212914,0.07733279774187363,0.07859088617615217,0.001258088434278548,0.07698627750073861
1.305460452981039,0.0774001634667476,0.07865500543873427,0.0012548419719866644,0.07696507502699745
1.3068482667578927,0.07746626841586846,0.07871786817345416,0.0012515997575857085,0.07694391109018817
1.308236915954446,0.07753134303622655,0.0787797043422076,0.0012483613059810494,0.07692278584258094
1.3096264010735947,0.0775952212497728,0.07884034833668796,0.0012451270869151543,0.07690169943644509
1.3110167226185383,0.07765791567865055,0.07889981268867974,0.0012418970100291915,0.07688065202404992
1.3124078810927782,0.07771953351481642,0.07895820420367095,0.0012386706888545262,0.07685964375766652
1.313799877000119,0.07777978356177417,0.07901523225360574,0.0012354486918315644,0.07683867478956241
1.3151927108446686,0.07783881210531352,0.0790710428365049,0.001232230731191386,0.07681774527200957
1.316586383130839,0.0778967136143276,0.07912573013345359,0.0012290165191259916,0.07679685535727732
1.317980894363345,0.07795325936049569,0.07917906608325431,0.0012258067227586267,0.07677600519763406
1.3193762450472057,0.07800858782592712,0.07923118868283119,0.0012226008569040658,0.07675519494535088
1.3207724356877444,0.07806265128027334,0.07928205001270872,0.0012193987324353728,0.0767344247526971
1.3221694667905877,0.07811524292585226,0.07933144404099046,0.0012162011151382046,0.07671369477194201
1.3235673388616673,0.0781665984395179,0.07937960576193426,0.0012130073224163596,0.07669300515535671
1.3249660524072195,0.07821672724483442,0.07942654451920816,0.0012098172743737479,0.07667235605520872
1.326365607933785,0.07826534816935915,0.07947197997319044,0.0012066318038312929,0.07665174762377003
1.3277660059482097,0.07831261470565742,0.07951606476806639,0.0012034500624089617,0.07663118001330904
1.329167246957644,0.07835853283323235,0.07955880499029977,0.0012002721570674169,0.07661065337609596
1.3305693314695448,0.07840292444270247,0.07960002316583648,0.0011970987231340047,0.07659016786440098
1.3319722599916732,0.07844601425764175,0.07963994326863055,0.0011939290109888034,0.07656972363049164
1.3333760330320965,0.07848773583174928,0.07967849905800772,0.00119076322625844,0.07654932082664079
1.3347806510991878,0.07852784342678909,0.07971544523356844,0.0011876018067793481,0.07652895960511685
1.3361861147016265,0.07856663920199836,0.07975108330370695,0.0011844441017085927,0.07650864011818914
1.337592424348398,0.0786040671621473,0.07978535757745231,0.001181290415305014,0.07648836251812785
1.3389995805487938,0.07864006031792226,0.07981820130586836,0.001178140987946108,0.07646812695720318
1.3404075838124123,0.07867480359505485,0.07984979886262256,0.0011749952675677022,0.07644793358768265
1.3418164346491586,0.07870804491371164,0.07987989857072897,0.00117185365701733,0.07642778256183913
1.3432261335692446,0.07873990824942378,0.07990862444869062,0.0011687161992668393,0.07640767403194104
1.3446366810831896,0.07877055444043712,0.07993613688145551,0.0011655824410183868,0.0763876081502568
1.3460480777018202,0.07879983373104604,0.07996228661470894,0.0011624528836629011,0.0763675850690575
1.3474603239362701,0.07882777867061108,0.0799871060434425,0.0011593273728314202,0.07634760494061332
1.348873420297981,0.07885442737782,0.08001063293179822,0.001156205553978218,0.07632766791719359
1.3502873672987028,0.07887971067104704,0.08003279869801805,0.0011530880269710053,0.0763077741510676
1.3517021654504926,0.07890374947742984,0.08005372391762666,0.0011499744401968215,0.07628792379450555
1.3531178152657166,0.07892663442800618,0.08007349896583804,0.0011468645378318598,0.07626811699977676
1.354534317257049,0.07894808683333654,0.08009184585148255,0.0011437590181460067,0.07624835391915141
1.3559516719374725,0.0789682933302922,0.08010895066268908,0.0011406573323968772,0.07622863470489882
1.3573698798202791,0.07898737860893057,0.08012493793237141,0.0011375593234408399,0.07620895950928919
1.3587889414190688,0.07900509933636535,0.08013956512423359,0.001134465787868244,0.07618932848459181
1.3602088572477522,0.07902170133930753,0.0801530773192507,0.0011313759799431722,0.076169741783076
1.3616296278205482,0.07903708626846218,0.08016537615199315,0.0011282898835309751,0.07615019955701285
1.3630512536519857,0.07905112194048591,0.08017633020679238,0.0011252082663064655,0.07613070195867255
1.3644737352569027,0.07906408928724051,0.0801862196000771,0.001122130312836589,0.07611124914032263
1.3658970731504483,0.07907595375585341,0.08019500991753148,0.001119056161678067,0.0760918412542333
1.3673212678480802,0.0790865004316812,0.08020248681480169,0.001115986383120493,0.0760724784526765
1.3687463198655678,0.07909593281308869,0.08020885307366132,0.0011129202605726363,0.07605316088791891
1.37017222971899,0.07910426365991352,0.08021412169092468,0.0011098580310111572,0.07603388871223338
1.3715989979247367,0.07911138394538941,0.08021818401285685,0.0011068000674674394,0.07601466207788743
1.3730266249995091,0.07911749873682528,0.08022124448897383,0.001103745752148555,0.07599548113715038
1.3744551114603185,0.07912240897270362,0.08022310439306146,0.0011006954203578445,0.07597634604229331
1.3758844578244882,0.07912615918732246,0.08022380843533838,0.0010976492480159195,0.07595725694558642
1.3773146646096524,0.07912893637120177,0.08022354308727397,0.0010946067160721995,0.07593821399929812
1.3787457323337573,0.07913061245895125,0.08022218071700316,0.0010915682580519004,0.07591921735569951
1.3801776615150607,0.07913115041864494,0.08021968427158921,0.0010885338529442734,0.075900267167059
1.3816104526721324,0.07913068969915571,0.08021619277951864,0.0010855030803629262,0.07588136358564679
1.3830441063238543,0.0791291292221068,0.08021160569405872,0.0010824764719519209,0.07586250676373307
1.384478622989421,0.07912654706096767,0.08020600087091978,0.0010794538099521134,0.07584369685358716
1.3859140031883392,0.07912304034565398,0.08019947511822156,0.0010764347725675805,0.07582493400747836
1.3873502474404285,0.07911834305269672,0.08019176304213538,0.001073419989438662,0.07580621837767776
1.388787356265821,0.07911268763839185,0.08018309668465928,0.0010704090462674287,0.07578755011645377
1.390225330184963,0.07910615405394328,0.080173555773702,0.0010674017197587204,0.07576892937607749
1.3916641697186127,0.0790985210555677,0.08016291979298895,0.0010643987374212571,0.07575035630881732
1.3931038753878429,0.07908990732106425,0.08015130680971261,0.0010613994886483624,0.07573183106694348
1.3945444477140394,0.07908043250123242,0.08013883634977947,0.0010584038485470515,0.07571335380272526
1.3959858872189024,0.07906985959113566,0.08012527223348975,0.0010554126423540922,0.07569492466843286
1.3974281944244455,0.07905845308989345,0.08011087815329354,0.0010524250634000865,0.07567654381633737
1.3988713698529973,0.07904614933669851,0.08009559049573767,0.001049441159039155,0.07565821139870632
1.4003154140271998,0.07903275963594147,0.08007922126617117,0.0010464616302297003,0.0756399275678108
1.4017603274700108,0.07901857624595188,0.08006206194232046,0.0010434856963685846,0.0756216924759201
1.4032061107047018,0.07900355461765951,0.08004406814474319,0.0010405135270836752,0.07560350627530266
1.4046527642548603,0.07898750484876693,0.08002505047536612,0.00103754562659919,0.07558536911823133
1.4061002886443883,0.0789706442172946,0.08000522553025391,0.001034581312959304,0.07556728115697275
1.407548684397503,0.07895294650460727,0.07998456735831105,0.0010316208537037852,0.07554924254379891
1.4089979520387383,0.0789343232033275,0.0799629877598953,0.0010286645565678043,0.07553125343097822
1.4104480920929425,0.0789149412675787,0.07994065310571408,0.0010257118381353791,0.07551331397078176
1.4118991050852805,0.07889466712826465,0.07991743019197806,0.0010227630637134055,0.07549542431547707
1.4133509915412334,0.07887353065334324,0.07989334899815148,0.0010198183448082432,0.07547758461733611
1.4148037519865988,0.07885169447768714,0.07986857167411543,0.0010168771964282897,0.07545979502862732
1.4162573869474897,0.07882900132704229,0.07984294140853798,0.00101394008149569,0.07544205570162088
1.4177118969503373,0.07880545126434146,0.07981645817990568,0.0010110069155642165,0.075424366788587
1.4191672825218886,0.07878123355080913,0.07978931086275498,0.0010080773119458541,0.07540672844179319
1.420623544189208,0.07875617970941207,0.07976133154041953,0.001005151831007467,0.07538914081351322
1.422080682479678,0.07873037041959119,0.07973260061225051,0.0010022301926593258,0.07537160405601284
1.4235386979209967,0.07870387071177731,0.07970318282014954,0.00099931210837223,0.07535411832156491
1.4249975910411818,0.07867653599608815,0.07967293423188426,0.0009963982357961143,0.07533668376243607
1.4264573623685677,0.0786485257006273,0.07964201380012881,0.000993488099501505,0.07531930053089919
1.4279180124318074,0.07861989185897222,0.07961047336795701,0.0009905815089847891,0.0753019687792209
1.4293795417598716,0.0785903757997648,0.07957805501875459,0.0009876792189897898,0.07528468865967497
1.43084195088205,0.07856024707362419,0.0795450276327152,0.0009847805590910141,0.07526746032452714
1.43230524032795,0.07852954165722004,0.07951142710135439,0.000981885444134356,0.07525028392604938
1.4337694106274994,0.07849798550433906,0.0794769802076587,0.0009789947033196356,0.07523315961651011
1.4352344623109436,0.0784658377837415,0.07944194527776727,0.0009761074940257686,0.07521608754818043
1.4367003959088476,0.07843311430847333,0.07940633822733467,0.0009732239188613434,0.07519906787333053
1.438167211952096,0.07839962313446946,0.07936996774558569,0.000970344611116225,0.07518210074422704
1.4396349109718927,0.0783655846711202,0.07933305349762776,0.0009674688265075559,0.07516518631314373
1.441103493499761,0.07833094254554851,0.07929553931055455,0.0009645967650060427,0.07514832473234723
1.4425729600675457,0.0782955955493092,0.07925732441362765,0.0009617288643184452,0.07513151615410862
1.4440433112074096,0.07825975734150337,0.07921862181985606,0.0009588644783526945,0.07511476073069634
1.4455145474518374,0.07822331363571156,0.07917931753996132,0.0009560039042497692,0.07509805861438323
1.4469866693336337,0.07818621011660021,0.07913935750108436,0.0009531473844841543,0.07508140995743595
1.4484596773859244,0.07814864709995195,0.0790989414709431,0.0009502943709911449,0.07506481491212558
1.4499335721421556,0.07811050843322143,0.07905795369111335,0.0009474452578919212,0.0750482736307223
1.4514083541360947,0.0780717545019689,0.07901635459475731,0.0009446000927884057,0.07503178626549545
1.4528840239018308,0.07803256589673957,0.07897432432221851,0.0009417584254789446,0.07501535296871342
1.454360581973774,0.0779928025133314,0.07893172326019027,0.0009389207468588623,0.07499897389264731
1.4558380288866566,0.07795251677732562,0.07888860368736594,0.0009360869100403235,0.07498264918956643
1.4573163651755323,0.07791180176732926,0.0788450583298328,0.0009332565625035372,0.07496637901174097
1.4587955913757775,0.07787051283821622,0.07880094312992547,0.00093043029170925,0.07495016351144113
1.4602757080230901,0.07782876680433048,0.07875637456100826,0.000927607756677773,0.07493400284093532
1.4617567156534914,0.07778664313085226,0.0787114318332387,0.0009247887023864365,0.07491789715249375
1.4632386148033243,0.07774392778488615,0.07866590159752818,0.0009219738126420296,0.07490184659838661
1.4647214060092553,0.07770081770938031,0.07861998026216366,0.000919162552783348,0.07488585133088321
1.4662050898082737,0.07765737177904786,0.07857372654414174,0.0009163547650938852,0.07486991150225286
1.4676896667376922,0.0776133360916118,0.0785268873211118,0.000913551229499987,0.07485402726476664
1.4691751373351472,0.07756896096780785,0.078479712185894,0.0009107512180861477,0.07483819877069386
1.4706615021385976,0.07752426911989296,0.07843222382886861,0.0009079547089756446,0.07482242617230295
1.4721487616863276,0.07747902684015706,0.07838418930193214,0.0009051624617750775,0.07480670962186586
1.4736369165169445,0.07743348560937502,0.07833585928134124,0.0009023736719662168,0.07479104927165015
1.4751259671693804,0.07738762829408152,0.07828721676659267,0.000899588472511148,0.07477544527392777
1.476615914182891,0.07734128369585846,0.07823809112448021,0.0008968074286217487,0.07475989778096626
1.4781067580970573,0.07729468098532521,0.0781887108187922,0.0008940298334669805,0.07474440694503581
1.479598499451785,0.07724775707005804,0.07813901298652315,0.0008912559164651057,0.07472897291840752
1.481091138787305,0.07720040805165951,0.0780888941005129,0.0008884860488533874,0.0747135958533498
1.4825846766441724,0.07715283634961168,0.07803855597090692,0.0008857196212952445,0.07469827590213374
1.4840791135632694,0.07710494504133703,0.07798790200076322,0.0008829569594261955,0.07468301321702864
1.4855744500858021,0.07705669031605744,0.07793688855701308,0.000880198240955643,0.07466780795030292
1.4870706867533035,0.07700824413405893,0.07788568708788812,0.0008774429538291884,0.07465266025422679
1.488567824107632,0.07695948208383108,0.07783417360349265,0.0008746915196615745,0.07463757028107132
1.4900658626909726,0.0769104202980797,0.07778236422116969,0.0008719439230899795,0.07462253818310582
1.4915648030458364,0.07686119822583137,0.07773039797495684,0.000869199749125471,0.07460756411259784
1.493064645715061,0.0768116596110584,0.07767811912617617,0.0008664595151177679,0.0745926482218211
1.4945653912418106,0.07676188806782225,0.07762561108092125,0.0008637230130990048,0.07457779066304138
1.4960670401695775,0.07671198862300166,0.07757297854792533,0.0008609899249236719,0.07456299158853241
1.49756959304218,0.07666177315778633,0.07752003402121144,0.0008582608634251088,0.07454825115055996
1.4990730504037637,0.07661138393946487,0.07746691936797845,0.0008555354285135763,0.074533569501396
1.5005774127988027,0.07656090556361139,0.07741371896226923,0.0008528133986578368,0.07451894679330895
1.502082680772098,0.07651011166702748,0.07736020714893677,0.0008500954819092854,0.07450438317857078
1.503588854868779,0.07645919929129441,0.07730658037785343,0.0008473810865590181,0.07448987880944902
1.5050959356343032,0.07640823950890319,0.07725290959635522,0.0008446700874520374,0.07447543383821387
1.5066039236144562,0.07635696551881122,0.07719892880640078,0.0008419632875895644,0.0744610484171373
1.5081128193553521,0.07630563464310569,0.07714489454726525,0.0008392599041595616,0.07444672269848596
1.5096226234034344,0.07625425898477278,0.07709081896223502,0.0008365599774622368,0.07443245683453181
1.511133336305475,0.07620262529572486,0.07703648949291786,0.0008338641971930016,0.0744182509775424
1.512644958608575,0.07615097407529614,0.07698214587324248,0.0008311717979463396,0.07440410527978969
1.514157490860165,0.07609926855394367,0.07692775149613329,0.0008284829421896234,0.07439001989354121
1.5156709336080048,0.07604738176647707,0.07687317989363329,0.0008257981271562187,0.07437599497106895
1.5171852874001843,0.07599550826656376,0.0768186249508247,0.0008231166842609383,0.07436203066464131
1.518700552785123,0.07594357406570484,0.07676401293702817,0.0008204388713233257,0.07434812712652938
1.5202167303115708,0.07589152586961934,0.0767092908632474,0.0008177649936280673,0.0743342845090007
1.521733820528608,0.07583952806155825,0.07665462254072253,0.00081509447916428,0.07432050296432635
1.5232518239856452,0.07578746977548168,0.0765998974563109,0.0008124276808292308,0.07430678264477653
1.5247707412324236,0.07573534869740595,0.07654511340988712,0.0008097647124811758,0.07429312370262053
1.5262905728190157,0.07568332445478809,0.0764904295532256,0.0008071050984375105,0.07427952629012768
1.5278113192958247,0.07563123992937548,0.07643568921576804,0.0008044492863925612,0.07426599055956729
1.5293329812135859,0.0755791414798308,0.0763809386791463,0.0008017971993155015,0.07425251666321131
1.5308555591233652,0.07552718857469376,0.07632633703228908,0.0007991484575953223,0.0742391047533264
1.5323790535765607,0.07547517555330252,0.0762716791567346,0.000796503603432086,0.07422575498218453
1.533903465124902,0.07542319616173376,0.0762170585311992,0.0007938623694654368,0.0742124675020559
1.5354287943204519,0.07537141166787897,0.07616263613976137,0.0007912244718824013,0.07419924246520893
1.5369550417156044,0.07531956778758975,0.07610815833469342,0.0007885905471036736,0.07418608002391291
1.5384822078630864,0.07526781860080067,0.07605377873880137,0.0007859601380006964,0.07417298033043807
1.5400102933159578,0.07521628508348943,0.07599961813977707,0.0007833330562876384,0.07415994353705546
1.5415392986276109,0.07516470787139351,0.07594541790369913,0.0007807100323056204,0.07414696979603175
1.5430692243517714,0.07511328631357017,0.07589137673330537,0.0007780904197352001,0.07413405925964067
1.5446000710424983,0.07506209883551129,0.0758375729654821,0.0007754741299708101,0.07412121208014977
1.5461318392541843,0.07501088712728876,0.07578374910097274,0.0007728619736839804,0.07410842840982745
1.5476645295415556,0.07495989050817009,0.07573014363740782,0.0007702531292377301,0.07409570840094659
1.5491981424596726,0.07490911682829982,0.07567676452153993,0.0007676476932401144,0.0740830522057756
1.550732678563929,0.0748583969459995,0.07562344323163739,0.0007650462856378937,0.0740704599765829
1.5522681384100543,0.07480792245726064,0.07557037063808814,0.0007624481808274908,0.07405793186563958
1.553804522554111,0.07475765968833414,0.0755175132581245,0.0007598535697903586,0.07404546802521583
1.5553418315524976,0.07470752877128906,0.07546479165361752,0.0007572628823284688,0.07403306860758008
1.5568800659619466,0.07465767348295405,0.07541234897154148,0.0007546754885874307,0.07402073376500251
1.5584192263395258,0.07460801902181302,0.0753601106954358,0.000752091673622779,0.07400846364975333
1.5599593132426386,0.07455857408501121,0.07530808576268821,0.0007495116776770061,0.07399625841410185
1.5615003272290244,0.07450943494189932,0.07525636990826534,0.0007469349663660196,0.07398411821031825
1.5630422688567576,0.07446048759827573,0.07520484951677986,0.0007443619185041328,0.07397204319067185
1.5645851386842482,0.0744118243922971,0.07515361697767631,0.0007417925853792084,0.07396003350743285
1.5661289372702436,0.0743634982105128,0.07510272473829627,0.0007392265277834653,0.07394808931286967
1.5676736651738263,0.07431536358842994,0.0750520278064073,0.0007366642179773564,0.07393621075925427
1.5692193229544165,0.07426757120690297,0.07500167672580726,0.0007341055189042933,0.07392439799885508
1.5707659111717698,0.07422015467034981,0.07495170475658863,0.0007315500862388191,0.07391265118394053
1.57231343038598,0.07417292941721243,0.07490192790257577,0.0007289984853633413,0.07390097046678346
1.5738618811574776,0.07412610603670444,0.07485255642821009,0.0007264503915056508,0.07388935599965141
1.57541126404703,0.07407969569363448,0.07480360124854801,0.0007239055549135287,0.07387780793481458
1.576961579615743,0.07403347632025792,0.07475484095402773,0.0007213646337698165,0.07386632642454227
1.5785128284250596,0.07398772036933465,0.07470654748555283,0.0007188271162181792,0.07385491162110558
1.5800650110367611,0.07394241262892454,0.07465870547570219,0.0007162928467776553,0.07384356367677292
1.5816181280129664,0.07389729550611523,0.07461105808220658,0.000713762576091348,0.07383228274381448
1.5831721799161333,0.07385270565796276,0.07456394126383614,0.0007112356058733837,0.07382106897450047
1.5847271673090586,0.07380858557271264,0.07451729748191482,0.0007087119092021865,0.07380992252110019
1.5862830907548764,0.07376467814208265,0.07447087036710354,0.0007061922250208852,0.07379884353588295
1.5878399508170613,0.07372135330721896,0.07442502908031567,0.0007036757730967125,0.07378783217111984
1.5893977480594268,0.07367849792906789,0.07437966060790746,0.0007011626788395731,0.07377688857907927
1.5909564830461251,0.07363591534017822,0.07433456883322975,0.0006986534930515376,0.07376601291203144
1.5925161563416483,0.07359395465924212,0.07429010218956211,0.0006961475303199904,0.07375520532224566
1.594076768510829,0.07355245999528037,0.07424610500430529,0.0006936450090249124,0.07374446596199302
1.5956383201188387,0.07351129814324686,0.07420244443572876,0.0006911462924819034,0.07373379498354193
1.5972008117311898,0.07347080097987924,0.0741594517696571,0.0006886507897778671,0.0737231925391626
1.598764243913735,0.07343076288459383,0.0741169216965254,0.0006861588119315698,0.07371265878112432
1.6003286172326678,0.07339111751119631,0.0740747880466186,0.0006836705354222872,0.07370219386169818
1.6018939322545225,0.07335218344499861,0.07403336890852064,0.0006811854635220271,0.07369179793315173
1.6034601895461735,0.07331369761697637,0.07399240161651832,0.0006787039995419519,0.0736814711477578
1.6050273896748377,0.07327567227083343,0.07395189840463168,0.0006762261337982522,0.07367121365778306
1.606595533208073,0.0732383931269327,0.07391214459035211,0.0006737514634194142,0.0736610256154977
1.608164620713779,0.07320155510557935,0.07387283558924196,0.0006712804836626063,0.07365090717317457
1.6097346527601966,0.073165256171972,0.07383406917132973,0.0006688129993577263,0.07364085848307944
1.6113056299159096,0.07312972098104709,0.07379606968220909,0.0006663487011620006,0.07363087969748427
1.6128775527498433,0.07309462614331963,0.07375851431924296,0.0006638881759233328,0.07362097096865838
1.6144504218312665,0.07306015381379005,0.07372158485746727,0.0006614310436772186,0.07361113244887107
1.61602423772979,0.07302645783242223,0.07368543492069168,0.0006589770882694523,0.07360136429039255
1.6175990010153671,0.07299320138958176,0.07364972837736516,0.0006565269877834012,0.07359166664549299
1.619174712258295,0.07296065604586222,0.07361473622402315,0.0006540801781609318,0.07358203966644083
1.6207513720292135,0.07292889436264449,0.07358053089873895,0.0006516365360944576,0.07357248350550627
1.6223289808991064,0.07289757135702413,0.07354676818756278,0.0006491968305386564,0.07356299831496127
1.6239075394393012,0.07286705356438894,0.07351381387844125,0.0006467603140523082,0.07355358424707159
1.625487048221469,0.07283730019213941,0.07348162721182128,0.0006443270196818673,0.07354424145411098
1.627067507817625,0.07280802639849426,0.07344992401381845,0.0006418976153241829,0.0735349700883452
1.6286489188001296,0.07277963689919886,0.07341910826163467,0.0006394713624358062,0.0735257703020471
1.6302312817416866,0.07275197736486394,0.0733890257790133,0.0006370484141493549,0.073516642247486
1.631814597215345,0.07272485669404638,0.0733594859471669,0.0006346292531205222,0.07350758607693031
1.633398865794499,0.07269869640083915,0.07333090963508138,0.0006322132342422293,0.07349860194265023
1.6349840880528879,0.07267322530460252,0.07330302590668492,0.0006298006020823976,0.07348968999691596
1.6365702645645959,0.07264839785707888,0.07327578951183433,0.0006273916547554492,0.0734808503919977
1.6381573959040532,0.0726245222277706,0.07324950806802644,0.0006249858402558317,0.07347208328016386
1.6397454826460351,0.07260133398891444,0.07322391748312285,0.0006225834942084063,0.07346338881368464
1.6413345253656648,0.0725789016450129,0.07319908637592931,0.0006201847309164066,0.07345476714483112
1.6429245246384097,0.07255740433365343,0.07317519342476686,0.0006177890911134298,0.07344621842587173
1.6445154810400842,0.0725365931873645,0.07315199018848251,0.0006153970011180121,0.07343774280907578
1.6461073951468497,0.07251665734876855,0.07312966574091462,0.0006130083921460638,0.07342934044671345
1.647700267535214,0.07249763245470309,0.07310825535202081,0.0006106228973177252,0.07342101149105495
1.649294098782032,0.07247929244889839,0.07308753348216346,0.0006082410332650667,0.07341275609437048
1.6508888894645062,0.07246195466405059,0.07306781721290534,0.000605862548854752,0.07340457440892845
1.652484640160186,0.07244549609715545,0.07304898326638831,0.0006034871692328636,0.07339646658699905
1.6540813514469692,0.07242978639022635,0.07303090189119299,0.0006011155009666425,0.0733884327808525
1.655679023903101,0.07241508304727162,0.07301383015859031,0.0005987471113186871,0.07338047314275897
1.6572776581071742,0.07240128452477457,0.07299766634187055,0.0005963818170959811,0.0733725878249869
1.658877254638131,0.07238830995597922,0.0729823302703938,0.0005940203144145784,0.07336477697980559
1.6604778140752614,0.07237633170314428,0.07296799369283491,0.0005916619896906283,0.0733570407594879
1.6620793369982043,0.07236528624577865,0.07295459299831286,0.0005893067525342133,0.07334937931629959
1.6636818239869473,0.07235514932348153,0.07294210470716056,0.0005869553836790331,0.07334179280251352
1.6652852756218275,0.07234598957234173,0.07293059666634427,0.0005846070940025427,0.0733342813703981
1.6668896924835304,0.0723378230884899,0.07292008506153547,0.0005822619730455614,0.07332684517222265
1.6684950751530931,0.07233059335837222,0.07291051397708248,0.0005799206187102612,0.07331948436025826
1.6701014242119006,0.07232434531922038,0.07290192765338688,0.0005775823341664932,0.07331219908677333
1.6717087402416881,0.07231918389289049,0.07289443119199301,0.0005752472991025215,0.07330498950403808
1.6733170238245418,0.07231493064092742,0.07288784657027314,0.0005729159293457187,0.07329785576432268
1.6749262755428975,0.07231168731959414,0.07288227493957855,0.0005705876199844084,0.07329079801989558
1.6765364959795424,0.07230963333792673,0.07287789597839467,0.0005682626404679425,0.07328381642302872
1.6781476857176136,0.07230844945389414,0.07287439067920687,0.0005659412253127272,0.07327691112598966
1.6797598453406,0.07230839983716564,0.07287202269831639,0.0005636228611507477,0.07327008228105036
1.6813729754323412,0.07230945960662538,0.07287076751342436,0.0005613079067989801,0.07326333004047836
1.6829870765770285,0.0723114377703693,0.072870434186604,0.0005589964162346917,0.07325665455654473
1.684602149359205,0.0723146937528858,0.07287138172014185,0.0005566879672560532,0.07325005598151879
1.6862181943637653,0.07231894120525428,0.07287332421290493,0.0005543830076506495,0.07324353446767073
1.6878352121759568,0.07232418378583816,0.07287626519747459,0.0005520814116364292,0.07323709016726809
1.6894532033813783,0.07233071085593767,0.07288049370373084,0.0005497828477931677,0.07323072323258373
1.6910721685659813,0.07233809469514174,0.07288558254762201,0.0005474878524802662,0.07322443381588606
1.6926921083160709,0.07234658622606194,0.072891782347007,0.0005451961209450573,0.0732182220694444
1.694313023218304,0.0723562055800464,0.07289911299220808,0.000542907412161675,0.07321208814552982
1.6959349138596913,0.07236662517416725,0.0729072475248218,0.0005406223506545516,0.07320603219641075
1.6975577808275966,0.07237824981051233,0.07291659026400943,0.0005383404534970992,0.07320005437435739
1.6991816247097378,0.07239085378844123,0.07292691535811002,0.0005360615696687887,0.07319415483163905
1.7008064460941856,0.07240431492433164,0.07293810133578038,0.0005337864114487445,0.0731883337205268
1.7024322455693657,0.07241885038484508,0.07295036470338978,0.0005315143185447013,0.07318259119328818
1.7040590237240572,0.0724343213452352,0.07296356660506031,0.0005292452598251174,0.07317692740219428
1.7056867811473941,0.07245072506995331,0.07297770501401057,0.0005269799440572598,0.07317134249951618
1.707315518428865,0.07246806395799688,0.07299278158324984,0.0005247176252529684,0.07316583663752141
1.7089452361583135,0.07248638513463046,0.07300884355463033,0.0005224584199998716,0.07316040996848105
1.7105759349259377,0.07250553161897155,0.07302573447656702,0.0005202028575954643,0.07315506264466354
1.7122076153222916,0.07252556671480903,0.0730435169975232,0.0005179502827141746,0.07314979481833994
1.7138402779382844,0.07254664164145641,0.073062342541796,0.0005157009003395885,0.07314460664177957
1.7154739233651808,0.07256841076458453,0.07308186582568599,0.0005134550611014532,0.07313949826725175
1.7171085521946021,0.0725911419575418,0.073102354157486,0.000511212199944211,0.07313446984702576
1.7187441650185245,0.07261475407727058,0.0731237266871041,0.0005089726098335134,0.0731295215333736
1.7203807624292826,0.07263903889774515,0.07314577536128919,0.0005067364635440441,0.07312465347856278
1.722018345019565,0.07266437434699657,0.07316887763288449,0.0005045032858879139,0.0731198658348644
1.7236569133824196,0.07269039885761508,0.07319267231501936,0.0005022734574042786,0.07311515875454777
1.725296468111249,0.07271720822534178,0.07321725519916455,0.0005000469738227764,0.0731105323898813
1.7269370097998151,0.07274492233595797,0.07324274578538681,0.0004978234494288358,0.07310598689313696
1.7285785390422355,0.07277326191327393,0.07326886526518184,0.0004956033519079028,0.07310152241658319
1.730221056432987,0.07280248628560582,0.07329587278638527,0.000493386500779458,0.07309713911249016
1.7318645625669018,0.07283246260004805,0.07332363519943463,0.0004911725993865801,0.0730928371331272
1.7335090580391739,0.07286312653669391,0.07335208873884014,0.0004889622021462259,0.07308861663076449
1.7351545434453517,0.0728945398935652,0.07338129484675893,0.0004867549531937243,0.07308447775767135
1.7368010193813448,0.07292670973741533,0.07341126038194101,0.0004845506445256831,0.07308042066611797
1.7384484864434206,0.0729595499291138,0.0734418998459736,0.00048234991685980333,0.07307644550837367
1.7400969452282051,0.0729930460219883,0.07347319826178111,0.0004801522397928082,0.07307255243670863
1.7417463963326845,0.07302738900521533,0.07350534649877094,0.0004779574935556141,0.07306874160339305
1.7433968403542024,0.07306220912643546,0.07353797553117669,0.0004757664047412291,0.07306501316069536
1.7450482778904648,0.07309775524937656,0.0735713335186281,0.00047357826925154,0.07306136726088663
1.7467007095395344,0.07313406758118113,0.07360546069424423,0.00047139311306310105,0.0730578040562353
1.7483541358998367,0.07317078143532374,0.07363999300975799,0.0004692115744342473,0.07305432369901155
1.7500085575701552,0.07320831922772619,0.07367535217793009,0.0004670329502038939,0.07305092634148469
1.7516639751496357,0.07324643258464736,0.07371128996743348,0.0004648573827861213,0.0730476121359267
1.7533203892377829,0.07328505885010994,0.0737477441846508,0.0004626853345408577,0.0730443812346051
1.7549778004344643,0.07332436290357958,0.07378487909481546,0.0004605161912358824,0.0730412337897901
1.7566362093399064,0.07336421204036547,0.07382256222219397,0.00045835018182849296,0.0730381699537519
1.7582956165546992,0.07340460761744261,0.07386079521106481,0.00045618759362220374,0.07303518987876068
1.7599560226797921,0.0734455640480256,0.07389959194892182,0.0004540279008962145,0.07303229371708397
1.7616174283164985,0.07348712192363482,0.07393899334235865,0.00045187141872382597,0.07302948162099376
1.7632798340664908,0.073529097226265,0.0739788154864689,0.0004497182602039018,0.07302675374275935
1.7649432405318066,0.07357169255144846,0.07401926053915364,0.00044756798770517747,0.07302411023464916
1.7666076483148454,0.07361475600963274,0.07406017701161272,0.00044542100197997314,0.07302155124893517
1.7682730580183668,0.07365823566896079,0.07410151291174305,0.00044327724278225844,0.0730190769378849
1.7699394702454962,0.07370235675280856,0.07414349311295432,0.0004411363601457552,0.07301668745376944
1.7716068855997205,0.07374679260648431,0.07418579144655357,0.00043899884006926015,0.07301438294885809
1.7732753046848906,0.07379175627839896,0.07422862072822145,0.00043686444982249384,0.07301216357542195
1.7749447281052195,0.07383720690871609,0.0742719398353957,0.00043473292667961516,0.07301002948572766
1.7766151564652866,0.07388299828190537,0.07431560312334629,0.00043260484144092004,0.07300798083204807
1.7782865903700322,0.07392924632291731,0.07435972611268493,0.0004304797897676238,0.07300601776665072
1.7799590304247634,0.07397595813565072,0.07440431573139161,0.0004283575957408914,0.07300414044180759
1.781632477235149,0.07402298403960117,0.07444922295412493,0.00042623891452375773,0.0730023490097862
1.7833069314072256,0.07407038471934779,0.07449450789038892,0.0004241231710411242,0.07300064362285852
1.784982393547391,0.07411832497395299,0.07454033524970338,0.0004220102757503952,0.0729990244332912
1.7866588642624115,0.07416640178205824,0.07458630274978706,0.0004199009677288146,0.07299749159335622
1.7883363441594158,0.07421494818428975,0.07463274268634024,0.00041779450205048363,0.07299604525532377
1.7900148338459005,0.07426387824717828,0.07467956920664331,0.00041569095946503154,0.07299468557146227
1.7916943339297255,0.07431298562204258,0.07472657653149639,0.0004135909094538093,0.07299341269404191
1.7933748450191183,0.0743625216182302,0.07477401530941918,0.00041149369118897994,0.0729922267753329
1.795056367722673,0.07441234235741767,0.07482174182903822,0.0004093994716205529,0.07299112796760454
1.7967389026493474,0.07446240574910323,0.07486971439718637,0.0004073086480831378,0.07299011642312614
1.7984224504084692,0.07451277409466073,0.07491799474150085,0.00040522064684012093,0.07298919229416789
1.80010701160973,0.07456346484162957,0.07496660056108695,0.00040313571945738147,0.07298835573299911
1.8017925868631908,0.0746142887955159,0.07501534288751621,0.00040105409200030806,0.07298760689189088
1.8034791767792773,0.07466546542622243,0.07506444070361074,0.00039897527738830263,0.07298694592311161
1.805166781968786,0.0747168341621327,0.07511373377348551,0.0003968996113528078,0.07298637297893151
1.8068554030428772,0.07476836286373345,0.07516319001331428,0.0003948271495808342,0.07298588821162078
1.8085450406130827,0.07482020626947694,0.0752129637606842,0.0003927574912072629,0.07298549177344871
1.8102356952912995,0.07487215018247273,0.07526284123815596,0.00039069105568323437,0.07298518381668373
1.8119273676897953,0.07492430140765194,0.07531292913685483,0.000388627729202895,0.07298496449359781
1.8136200584212046,0.07497665859732194,0.07536322579400245,0.00038656719668050954,0.07298483395645938
1.8153137680985318,0.07502914204883027,0.07541365200965977,0.0003845099608295044,0.07298479235753863
1.8170084973351495,0.07508173564315879,0.07546419138241056,0.0003824557392517747,0.07298483984910575
1.8187042467448002,0.07513458313451071,0.07551498743670315,0.0003804043021924386,0.07298497658343006
1.8204010169415952,0.07518741387343475,0.07556577010861165,0.0003783562351769021,0.07298520271277997
1.8220988085400163,0.07524040287974643,0.07561671396786274,0.0003763110881163101,0.07298551838942835
1.823797622154915,0.07529357769262912,0.07566784640876811,0.0003742687161389924,0.07298592376564095
1.8254974584015118,0.07534668242424569,0.07571891221136973,0.0003722297871240343,0.07298641899369152
1.8271983178953994,0.07539994645087855,0.07577014013507721,0.00037019368419866083,0.0729870042258467
1.828900201252539,0.07545332634502433,0.07582148671793654,0.0003681603729122074,0.07298767961437758
1.8306031090892652,0.07550663065093666,0.07587276117601771,0.00036613052508105426,0.07298844531155435
1.83230704202228,0.07556002243575399,0.07592412587166919,0.00036410343591519734,0.07298930146964544
1.8340120006686609,0.07561353486353184,0.0759756140760226,0.00036207921249076236,0.07299024824092104
1.835717985645853,0.07566689424755246,0.07602695260502834,0.00036005835747587867,0.07299128577765224
1.8374249975716759,0.07572037640066487,0.0760784166523667,0.00035804025170182996,0.07299241423210656
1.8391330370643189,0.07577384353522376,0.07612986862054427,0.00035602508532051047,0.07299363375655599
1.8408421047423458,0.07582720865076986,0.07618122184352583,0.0003540131927559642,0.07299494450326982
1.84255220122469,0.07588061535769253,0.07623261939770742,0.00035200404001489716,0.07299634662451648
1.8442633271306603,0.0759339745926173,0.07628397249248042,0.00034999789986311924,0.07299784027256528
1.845975483079936,0.07598720423382499,0.07633519917321951,0.00034799493939452475,0.0729994255996882
1.847688669692571,0.07604045035936835,0.07638644506870396,0.0003459947093356064,0.07300110275815364
1.8494028875889912,0.07609358253435605,0.07643758009896473,0.0003439975646086779,0.0730028719002318
1.8511181373899968,0.07614657153522497,0.07648857504111461,0.0003420035058896431,0.073004733178192
1.852834419716762,0.07619955582968618,0.07653956799786066,0.000340012168174475,0.07300668674430444
1.8545517351908338,0.07625233972411305,0.07659036371218875,0.00033802398807569745,0.07300873275083841
1.8562700844341347,0.07630500096981496,0.07664103977058812,0.00033603880077315296,0.07301087135006323
1.8579894680689597,0.0763575897756068,0.07669164610067902,0.0003340563250722184,0.07301310269424999
1.8597098867179809,0.07640994889754626,0.07674202597636093,0.0003320770788146632,0.07301542693566798
1.8614313410042427,0.0764621400744856,0.0767922408070918,0.00033010073260619777,0.07301784422658653
1.8631538315511669,0.0765142638465024,0.07684239093510659,0.00032812708860419093,0.07302035471927493
1.864877358982548,0.07656605338818778,0.07689221013360203,0.0003261567454142522,0.07302295856600427
1.866601923922559,0.07661770526890699,0.07694189447889688,0.0003241892099898891,0.07302565591904386
1.8683275269957456,0.07666921896909873,0.07699144333648356,0.00032222436738482685,0.07302844693066213
1.8700541688270322,0.0767203625763262,0.07704062547282398,0.0003202628964977805,0.07303133175313103
1.871781850041717,0.07677133773540845,0.07708964187697376,0.0003183041415653065,0.07303431053871812
1.8735105712654767,0.07682214000747845,0.07713848812940594,0.00031634812192748996,0.07303738343969446
1.8752403331243626,0.07687252835817748,0.07718692379891401,0.0003143954407365257,0.07304055060832937
1.876971136244805,0.07692273554905249,0.07723518098506865,0.00031244543601616215,0.07304381219689304
1.878702981253609,0.07697269510989457,0.07728319334860867,0.00031049823871409643,0.0730471683576539
1.8804358687779588,0.07702224131517532,0.07733079560201794,0.00030855428684262165,0.07305061924288392
1.8821697994454163,0.07707156538759197,0.07737817838966432,0.0003066130020723534,0.07305416500485151
1.883904773883919,0.07712058004528277,0.07742525464166583,0.0003046745963830588,0.07305780579582599
1.8856407927217853,0.07716917270066936,0.0774719120442473,0.0003027393435779402,0.07306154176807844
1.887377856587709,0.07721750839507102,0.07751831514358276,0.0003008067485117394,0.07306537307387728
1.889115966110765,0.07726546910213816,0.07756434620586727,0.0002988771037291116,0.07306929986549182
1.8908551219204044,0.07731300121097728,0.07760995173073404,0.0002969505197567557,0.07307332229519403
1.8925953246464595,0.07736024060517277,0.07765526718934179,0.0002950265841690225,0.07307744051525233
1.8943365749191396,0.07740703970963736,0.0777001453792403,0.0002931056696029444,0.07308165467793515
1.8960788733690355,0.07745340358363695,0.07774459130788447,0.0002911877242475214,0.07308596493551534
1.8978222206271151,0.07749943911242774,0.07778871153035816,0.0002892724179304196,0.07309037144025954
1.8995666173247292,0.07754496851540171,0.07783232871831025,0.0002873602029085376,0.07309487434443973
1.9013120640936054,0.07759005726396762,0.07787550812994226,0.00028545086597464575,0.07309947380032522
1.9030585615658544,0.07763477992686152,0.07791832408560317,0.0002835441587416554,0.07310416996018443
1.904806110373965,0.07767893375582258,0.07796057436843462,0.0002816406126120441,0.07310896297628755
1.9065547111508094,0.07772263732092544,0.07800237717485015,0.0002797398539247098,0.07311385300090567
1.9083043645296378,0.07776594227253408,0.07804378398814471,0.0002778417156106272,0.0731188401863081
1.9100550711440836,0.0778086094984598,0.0780845563062007,0.0002759468077409011,0.07312392468476325
1.9118068316281618,0.07785082392020026,0.0781248785173485,0.0002740545971482433,0.07312910664854133
1.9135596466162672,0.07789259939696436,0.07816476439457265,0.00027216499760829294,0.0731343862299143
1.915313516743179,0.07793367656385985,0.07820395526124813,0.00027027869738827093,0.07313976358114793
1.9170684426440556,0.07797428991038835,0.07824268491514896,0.0002683950047606132,0.07314523885451507
1.9188244249544408,0.07801440435387619,0.07828091834417616,0.0002665139902999769,0.07315081220228503
1.9205814643102581,0.07805380806153739,0.0783184442522522,0.0002646361907148176,0.07315648377672623
1.9223395613478165,0.07809271560544762,0.07835547659139319,0.00026276098594557595,0.07316225373010976
1.9240987167038055,0.07813105807275367,0.07839194660221871,0.00026088852946504204,0.07316812221470403
1.9258589310153003,0.07816868266951982,0.07842770186647119,0.0002590191969513711,0.07317408938278103
1.927620204919757,0.07820577756327296,0.07846293001323446,0.0002571524499614952,0.07318015538660827
1.9293825390550183,0.07824223762392979,0.07849752614484196,0.0002552885209121669,0.07318632037845596
1.931145934059308,0.07827798060272873,0.07853140822813565,0.0002534276254069212,0.07319258451059518
1.932910390571237,0.07831314725033423,0.07856471655647468,0.00025156930614045336,0.07319894793529347
1.9346759092297976,0.07834762847860688,0.0785973423526043,0.00024971387399741474,0.07320541080482368
1.9364424906743694,0.07838136728646994,0.07862922867193234,0.0002478613854624001,0.07321197327145157
1.9382101355447146,0.07841451722461912,0.07866052868850915,0.0002460114638900279,0.07321863548744911
1.939978844480983,0.0784468880896263,0.07869105258778486,0.0002441644981585611,0.0732253976050874
1.941748618123707,0.0784785444253373,0.07872086481191687,0.00024232038657956423,0.07323225977663395
1.9435194571138066,0.07850953480641376,0.07875001363911416,0.00024047883270039705,0.07323922215435896
1.9452913620925876,0.07853972959623157,0.07877836989914044,0.00023864030290887683,0.07324628489053264
1.9470643337017404,0.07856914681926064,0.0788059513575643,0.00023680453830365877,0.07325344813742518
1.9488383725833431,0.07859792708436775,0.07883289840651297,0.00023497132214522765,0.07326071204730411
1.950613479379859,0.07862577266445037,0.07885891386229993,0.00023314119784956233,0.07326807677244229
1.95238965473414,0.07865291171227096,0.07888422546253437,0.00023131375026341772,0.07327554246510726
1.9541668992894223,0.07867929575283217,0.07890878459471384,0.0002294888418816754,0.07328310927757009
1.9559452136893327,0.07870476333375365,0.07893243042641984,0.000227667092666195,0.07329077736209921
1.9577245985778817,0.07872943936675103,0.07895528729892476,0.00022584793217372834,0.07329854687096571
1.959505054599471,0.0787533888497185,0.07897742017324383,0.00022403132352533106,0.073306417956438
1.9612865823988872,0.07877631012181041,0.07899852801894625,0.00022221789713583462,0.07331439077078716
1.9630691826213078,0.07879847792782968,0.0790188849216733,0.00022040699384362483,0.07332246546628163
1.964852855912296,0.07881981244078151,0.07903841115174615,0.0002185987109646348,0.07333064219519247
1.966637602917806,0.07884014173765408,0.07905693525877933,0.00021679352112524697,0.07333892110978812
1.968423424284179,0.07885966521554,0.07907465606071096,0.00021499084517095923,0.07334730236233877
1.9702103206581465,0.07887829283340508,0.07909148369113339,0.00021319085772830704,0.07335578610511462
1.971998292686828,0.07889592158501113,0.07910731545960736,0.00021139387459623293,0.07336437249038585
1.973787341017734,0.07891267919873535,0.07912227859488308,0.0002095993961477305,0.0733730616704209
1.9755774662987649,0.07892852323530342,0.07913633090914551,0.00020780767384209753,0.07338185379748996
1.977368669178209,0.07894329589851434,0.07914931476612175,0.00020601886760740484,0.07339074902386322
1.9791609503047474,0.07895724699731943,0.07916147955418928,0.00020423255686985442,0.07339974750181
1.9809543103274494,0.07897011362015416,0.07917256268958273,0.00020244906942856744,0.07340884938360048
1.9827487498957774,0.07898200825167923,0.07918267666199519,0.00020066841031596283,0.07341805482150399
1.9845442696595823,0.07899293856304102,0.07919182880056663,0.0001988902375256174,0.07342736396778982
1.9863408702691083,0.07900282619795096,0.07919994115266515,0.00019711495471419482,0.07343677697472906
1.988138552374989,0.0790116499382556,0.07920699235123951,0.00019534241298391208,0.07344629399459013
1.9899373166282524,0.07901953605479584,0.07921310840320661,0.00019357234841077542,0.07345591517964412
1.991737163680315,0.07902627646716898,0.07921808170719746,0.00019180524002848642,0.07346564068215944
1.9935380941829888,0.079031959148816,0.07922199993478962,0.00019004078597362195,0.0734754706544063
1.9953401087884748,0.07903668246536277,0.07922496126528955,0.00018827879992677765,0.07348540524865399
1.9971432081493703,0.0790401531309648,0.07922667296676966,0.00018651983580486586,0.0734954446171745
1.9989473929186619,0.07904263153826552,0.07922739497802134,0.00018476343975581955,0.07350558891223447
2.000752663749732,0.07904401128783167,0.07922702079040977,0.000183009502578102,0.07351583828610497
2.0025590212963547,0.07904418447287664,0.07922544312546442,0.00018125865258777907,0.07352619289105622
2.0043664662126974,0.07904323946461922,0.07922274974953147,0.0001795102849122543,0.0735366528793584
2.006174999153324,0.07904126102091347,0.07921902543377968,0.00017776441286621036,0.07354721840327905
2.007984620773189,0.07903795319993723,0.07921397480096726,0.00017602160103002973,0.07355788961508924
2.009795331727643,0.07903356941143524,0.07920785064356828,0.00017428123213303337,0.07356866666706008
2.01160713267243,0.07902805742172259,0.07920060084713221,0.00017254342540962142,0.07357954971145997
2.0134200242636915,0.07902120171532978,0.079192010307227,0.0001708085918972202,0.07359053890055733
2.015234007157959,0.07901328172202948,0.07918235791425143,0.0001690761922219508,0.07360163438662415
2.017049082012165,0.07900408034500828,0.07917142676580191,0.00016734642079363482,0.07361283632192883
2.018865249483633,0.07899363512941715,0.07915925466549023,0.00016561953607308055,0.07362414485874158
2.0206825102300847,0.07898196388951018,0.07914585896561199,0.00016389507610181653,0.07363556014933259
2.0225008649096354,0.07896907160097388,0.0791312449109478,0.0001621733099739231,0.07364708234597117
2.0243203141808,0.07895482893198569,0.0791152832765416,0.0001604543445559159,0.07365871160092663
2.026140858702486,0.07893939778406356,0.07909813557887446,0.00015873779481090367,0.07367044806646916
2.0279624991340004,0.07892265582198554,0.0790796798260196,0.00015702400403405647,0.07368229189486808
2.029785236135045,0.07890453256237251,0.07905984549083644,0.0001553129284639354,0.07369424323839446
2.031609070365721,0.07888526116496042,0.07903886542447047,0.00015360425951005396,0.07370630224931674
2.0334340024865245,0.07886448517110534,0.07901638358527574,0.00015189841417040384,0.07371846907990509
2.035260033158351,0.0788424495797937,0.07899264477883428,0.00015019519904058143,0.07373074388242884
2.037087163042494,0.07881910114131863,0.07896759552279775,0.00014849438147912508,0.07374312680915818
2.0389153928006425,0.07879431118415425,0.07894110763586326,0.00014679645170900812,0.07375561801236241
2.0407447230948876,0.07876818423232823,0.07891328529997832,0.00014510106765008857,0.07376821764431263
2.0425751545877153,0.078740721042867,0.07888412911499643,0.00014340807212942508,0.07378092585727725
2.044406687942014,0.07871180147102042,0.07885351949911712,0.00014171802809670453,0.07379374280352646
2.0462393238210668,0.07868142539783562,0.07882145584361844,0.00014003044578281276,0.07380666863532959
2.0480730628885606,0.07864979840868536,0.07878814365167575,0.00013834524299038975,0.0738197035049577
2.0499079058085776,0.07861652009121745,0.07875318314612834,0.00013666305491089048,0.07383284756467745
2.0517438532456045,0.07858190722602032,0.07871689047107999,0.00013498324505967219,0.0738461009667617
2.053580905864523,0.07854591070809214,0.07867921658237442,0.00013330587428228569,0.07385946386347975
2.055419064330619,0.07850826260297072,0.07863989404682936,0.00013163144385863745,0.07387293640710091
2.057258329309576,0.07846930674973684,0.07859926612696899,0.00012995937723214723,0.07388651874989449
2.059098701467481,0.07842877020177053,0.07855706001596818,0.0001282898141976574,0.0739002110441298
2.0609401814708193,0.07838670595319375,0.0785133290599731,0.0001266231067793555,0.07391401344207793
2.0627827699864794,0.0783431704372104,0.07846812919139357,0.0001249587541831687,0.0739279260960064
2.064626467681749,0.07829811372018636,0.07842141068940744,0.00012329696922108724,0.07394194915818808
2.0664712752243197,0.07825147926567144,0.07837311722131535,0.00012163795564390512,0.07395608278089227
2.0683171932822852,0.07820329936844139,0.07832328065637029,0.00011998128792889418,0.07397032711638651
2.0701642225241392,0.07815361778447905,0.07827194503589574,0.00011832725141669442,0.073984682316941
2.0720123636187795,0.07810222139517897,0.07821889729774156,0.00011667590256259075,0.07399914853482681
2.0738616172355058,0.07804937199585193,0.07816439888647597,0.00011502689062403704,0.07401372592231326
2.0757119840440215,0.07799486995743887,0.07810825053042247,0.00011338057298360127,0.07402841463166965
2.077563464714432,0.07793869045899982,0.07805042731878054,0.00011173685978072001,0.07404321481516618
2.0794160599172473,0.07788106447259135,0.07799115994715589,0.00011009547456453106,0.07405812662507216
2.081269770323379,0.07782159212508155,0.07793004897134548,0.00010845684626392682,0.0740731502136569
2.0831245966041463,0.07776056257530417,0.07786738331498988,0.00010682073968570904,0.07408828573319148
2.084980539431268,0.07769793296156458,0.077803119913745,0.00010518695218042495,0.07410353333594433
2.086837599476871,0.07763350062104735,0.07773705660478392,0.0001035559837365696,0.07411889317418652
2.0886957774134842,0.0775674995227078,0.07766942697751222,0.000101927454804418,0.07413436540018736
2.090555073914043,0.07749976341899956,0.07760006465504965,0.00010030123605009322,0.07414995016621528
2.092415489651887,0.07743028509149497,0.07752896298952017,9.867789802520122e-05,0.07416564762454225
2.0942770253007614,0.077359194145453,0.07745625106326326,9.70569178102565e-05,0.0741814579274358
2.096139681534817,0.07728663221577037,0.07738207047269885,9.543825692848174e-05,0.0741973812271679
2.0980034590286105,0.07721250506497945,0.07730632756687861,9.382250189915453e-05,0.0742134176760052
2.0998683584571047,0.07713699402700946,0.07722920306853087,9.220904152140719e-05,0.07422956742622144
2.1017343804956683,0.07706030643061013,0.07715090439405614,9.059796344601523e-05,0.07424583063008328
2.103601525820077,0.07698224990524682,0.07707123961352025,8.898970827342367e-05,0.07426220743986178
2.105469795106513,0.07690315574983853,0.07699053948874024,8.738373890171403e-05,0.07427869800782538
2.107339189031566,0.07682308000560756,0.07690886021993482,8.578021432725791e-05,0.07429530248624605
2.1092097082722314,0.0767418920366314,0.07682607146684628,8.417943021488128e-05,0.07431202102739132
2.111081353505915,0.07665996137930353,0.07674254230236954,8.258092306601128e-05,0.07432885378353227
2.112954125410427,0.07657722358875851,0.07665820851149618,8.098492273767022e-05,0.07434580090693821
2.11482802466399,0.07649371399420968,0.07657310557514663,7.939158093694942e-05,0.07436286254987934
2.1167030519452292,0.07640969518281437,0.07648749569009627,7.780050728189991e-05,0.07438003886462496
2.1185792079331836,0.07632508260880222,0.07640129461079592,7.621200199370293e-05,0.0743973300034444
2.120456493307297,0.07624000043309476,0.07631462650690235,7.462607380759323e-05,0.07441473611860872
2.1223349087474253,0.07615464058561106,0.07622768299057636,7.304240496530667e-05,0.07443225736238634
2.1242144549338313,0.0760689420600924,0.07614040342565787,7.146136556546168e-05,0.07444989388704748
2.1260951325471895,0.07598303799320316,0.07605292081555337,6.988282235020904e-05,0.07446764584486054
2.127976942268581,0.07589712147645145,0.07596542800614436,6.830652969291862e-05,0.07448551338809839
2.1298598847794996,0.07581108884102239,0.07587782176809998,6.673292707759515e-05,0.07450349666902945
2.13174396076185,0.07572512831337797,0.07579029005361804,6.516174024007171e-05,0.07452159583992124
2.1336291708979434,0.07563942544573088,0.07570301824092329,6.359279519241312e-05,0.07453981105304663
2.135515515870506,0.07555381161980002,0.07561583822011464,6.202660031462415e-05,0.07455814246067316
2.1374029963626726,0.07546857967773324,0.07552904241904468,6.046274131144003e-05,0.07457659021507279
2.13929161305799,0.07538384129337139,0.07544274240872273,5.8901115351339683e-05,0.07459515446851217
2.1411813666404163,0.07529940070086205,0.07535674300007678,5.7342299214724335e-05,0.07461383537326416
2.143072257794322,0.0752156783195792,0.0752714640591412,5.5785739561997616e-05,0.07463263308159718
2.1449642872044867,0.07513264300735756,0.07518687445174344,5.4231444385877126e-05,0.07465154774578053
2.1468574555561073,0.07505019818450709,0.07510287812238747,5.2679937880384387e-05,0.07467057951808442
2.148751763534788,0.07496871460345389,0.07501984525259786,5.113064914397114e-05,0.07468972855077727
2.1506472118265494,0.07488812658010424,0.07493771026594676,4.95836858425136e-05,0.07470899499613193
2.1525438011178224,0.07480846963585286,0.0748565090664286,4.803943057574145e-05,0.07472837900641593
2.154441532095454,0.07472998024260669,0.07477647762698325,4.649738437656481e-05,0.0747478807338986
2.1563404054467017,0.0746525972766845,0.07469755500078179,4.495772409729426e-05,0.07476750033085011
2.1582404218592393,0.07457650515235592,0.0746199258440825,4.342069172658114e-05,0.07478723794954156
2.1601415820211516,0.07450176816915377,0.0745436540288944,4.1885859740631304e-05,0.07480709374224137
2.16204388662094,0.07442841240709708,0.07446876588078322,4.035347368613884e-05,0.07482706786122062
2.1639473363475203,0.07435659747488543,0.07439542111081199,3.88236359265548e-05,0.07484716045874684
2.165851931890222,0.07428637240549296,0.07432366839537696,3.7295989884000846e-05,0.07486737168709112
2.16775767393879,0.07421782402513166,0.07425359487444716,3.5770849315497344e-05,0.07488770169852366
2.1696645631833835,0.07415104035970899,0.07418528853764172,3.42481779327386e-05,0.07490815064531287
2.1715726003145797,0.07408608793706062,0.07411881562668121,3.2727689620593026e-05,0.07492871867972983
2.1734817860233675,0.07402311971577547,0.07405432948162805,3.120976585258006e-05,0.07494940595404387
2.175392121001156,0.07396212845209416,0.07399182268476778,2.969423267362714e-05,0.07497021262052428
2.1773036059397675,0.07390321450600634,0.0739313953799412,2.8180873934857686e-05,0.07499113883144037
2.1792162415314427,0.0738465937400834,0.07387326387842297,2.667013833956844e-05,0.07501218473906412
2.1811300284688366,0.0737921571613196,0.07381731887656429,2.5161715244692573e-05,0.07503335049566306
2.1830449674450243,0.07374011547788673,0.07376377093586761,2.365545798088675e-05,0.0750546362535065
2.184961059153495,0.07369054105015582,0.07371269293214411,2.2151881988285993e-05,0.0750760421648673
2.1868783042881583,0.07364342253708589,0.07366407307800138,2.0650540915490012e-05,0.0750975683820112
2.1887967035433387,0.07359902152175035,0.07361817287883188,1.9151357081526044e-05,0.07511921505721197
2.190716257613781,0.07355725716626527,0.07357491207844458,1.7654912179310145e-05,0.07514098234273625
2.1926369671946464,0.07351822114737594,0.07353438177250116,1.6160625125216654e-05,0.07516287039085512
2.1945588329815156,0.07348220208876555,0.07349687063645938,1.4668547693830192e-05,0.07518487935383789
2.1964818556703887,0.07344903805533942,0.07346221719981116,1.3179144471742177e-05,0.07520700938395475
2.1984060359576825,0.07341884995770176,0.07343054184119246,1.169188349070538e-05,0.07522926063347501
2.2003313745402355,0.07339197508366269,0.07340218197475501,1.0206891092323644e-05,0.07525163325466888
2.2022578721153034,0.07336818001076217,0.07337690450535916,8.724494596989985e-06,0.07527412739980566
2.2041855293805646,0.07334760621172443,0.07335485044352552,7.24423180109568e-06,0.07529674322115554
2.2061143470341134,0.07333063902293357,0.07333640531901331,5.766296079734445e-06,0.07531948087098783
2.2080443257744684,0.0733169795334696,0.07332127041193193,4.290878462320791e-06,0.07534234050157274
2.2099754663005657,0.07330678731317253,0.07330960489919747,2.8175860249390894e-06,0.07536532226517867
2.2119077693117646,0.07330048962096036,0.0733018362996436,1.346678683233904e-06,0.0753884263140776
2.2138412355078425,0.07329773321422195,0.07329761142637903,-1.2178784292160572e-07,0.07541165280053796
2.215775865589001,0.07329869070896855,0.07329710257127608,-1.5881376924653523e-06,0.07543500187682906
2.217711660255861,0.07330382261151858,0.0733007705666271,-3.052044891482808e-06,0.07545847369522196
2.219648620209467,0.07331273761699197,0.07330822402893666,-4.513588055310436e-06,0.0754820684079851
2.2215867461512833,0.07332563323763086,0.07331966021460534,-5.973023025518387e-06,0.07550578616738868
2.223526038783199,0.0733429336313014,0.07333550367304476,-7.429958256643943e-06,0.07552962712570199
2.225466498807523,0.07336428916333393,0.07335540455760636,-8.884605727565997e-06,0.07555359143519702
2.2274081269269885,0.0733898838190239,0.07337954666555735,-1.033715346654418e-05,0.0755776792481404
2.229350923844753,0.0734201181043419,0.07340833095949328,-1.1787144848618425e-05,0.07560189071680412
2.2312948902643943,0.07345468401761668,0.07344144909338368,-1.3234924232996548e-05,0.07562622599345659
2.2332400268899164,0.07349373294307249,0.07347905233074314,-1.4680612329343035e-05,0.07565068523036889
2.2351863344257454,0.07353767112713072,0.0735215474392179,-1.612368791281682e-05,0.07567526857980944
2.2371338135767322,0.07358621797295406,0.07356865334619567,-1.7564626758392876e-05,0.07569997619404845
2.2390824650481513,0.07363946835893476,0.07362046489075169,-1.900346818306531e-05,0.07572480822535521
2.2410322895457035,0.07369788735432259,0.07367744768380557,-2.0439670517014008e-05,0.07574976482599993
2.2429832877755116,0.07376118633769035,0.07373931254138189,-2.1873796308469196e-05,0.0757748461482537
2.2449354604441263,0.07382940670932214,0.07380610094209406,-2.330576722808786e-05,0.07580005234438403
2.246888808258521,0.07390306088483278,0.07387832570929032,-2.4735175542467402e-05,0.07582538356666202
2.248843331926098,0.07398188382224458,0.07395572130654315,-2.616251570142225e-05,0.07585083996735609
2.2507990321546814,0.07406584990796983,0.07403826226396326,-2.758764400656588e-05,0.0758764216987382
2.2527559096525254,0.07415548514814052,0.07412647486246016,-2.9010285680364234e-05,0.0759021289130759
2.254713965128307,0.0742506044261324,0.0742201735585617,-3.0430867570707676e-05,0.07592796176264027
2.2566731992911326,0.07435108914411437,0.07431923996302814,-3.1849181086229805e-05,0.07595392039969973
2.258633612850533,0.074457452790619,0.07442418770717918,-3.326508343981516e-05,0.07598000497652535
2.2605952065164683,0.07456964132495081,0.07453496239059287,-3.4678934357934565e-05,0.07600621564538734
2.2625579809993255,0.07468741810569668,0.07465132764484927,-3.6090460847404415e-05,0.07603255255855323
2.2645219370099174,0.07481125556165846,0.07477375591052215,-3.749965113630793e-05,0.076059015868295
2.2664870752594872,0.07494128675712286,0.07490237995880467,-3.8906798318194546e-05,0.07608560572688017
2.2684533964597047,0.07507712950373158,0.07503681793825212,-4.0311565479456135e-05,0.07611232228658071
2.2704209013226686,0.0752191841993799,0.07517747012848286,-4.171407089703649e-05,0.07613916569966594
2.272389590560906,0.07536783191016738,0.07532471736865087,-4.3114541516509064e-05,0.07616613611840428
2.2743594648873735,0.07552251495912632,0.07547800238214109,-4.451257698523392e-05,0.0761932336950677
2.2763305250154557,0.07568352831569936,0.07563761989104023,-4.590842465912459e-05,0.07622045858192195
2.2783027716589688,0.07585156680624916,0.07580426456042488,-4.730224582427667e-05,0.07624781093124167
2.2802762055321555,0.07602586488871044,0.07597717131154003,-4.869357717041112e-05,0.0762752908952935
2.2822508273496918,0.07620666311056912,0.07615658031640304,-5.0082794166073086e-05,0.07630289862634765
2.2842266378266807,0.07639478018678147,0.07634331019386131,-5.146999292016119e-05,0.0763306342766743
2.2862036376786596,0.0765894683902566,0.07653661374260601,-5.285464765059089e-05,0.07635849799854366
2.2881818276215924,0.07679093809195159,0.07673670083098294,-5.4237260968648116e-05,0.07638648994422415
2.2901612083718774,0.07699974406128263,0.07694412623181535,-5.5617829467280444e-05,0.07641461026598684
2.2921417806463413,0.07721561312619496,0.07715861725634898,-5.6995869845977154e-05,0.07644285911610105
2.2941235451622446,0.07743853009638535,0.07738015818996224,-5.837190642310475e-05,0.07647123664683608
2.296106502637279,0.0776687467236199,0.07760900088093514,-5.9745842684755246e-05,0.07649974301046125
2.2980906537895667,0.07790658520579008,0.0778454678808087,-6.111732498137457e-05,0.07652837835924764
2.3000759993376647,0.07815172549989668,0.07808923868820727,-6.248681168941062e-05,0.07655714284546455
2.30206254000056,0.0784041745128885,0.07834032036984162,-6.385414304688197e-05,0.07658603662138219
2.3040502764976756,0.0786646690654873,0.07859944997139934,-6.521909408796489e-05,0.07661505983926808
2.306039209548863,0.07893280896849308,0.07886622691076273,-6.658205773035775e-05,0.0766442126513951
2.308029339874412,0.07920848394906965,0.07914054113761981,-6.794281144983927e-05,0.07667349521003075
2.3100206681950417,0.07949214734715504,0.07942284608915795,-6.930125799708975e-05,0.07670290766744525
2.3120131952319087,0.07978406333646504,0.07971340561114992,-7.065772531511527e-05,0.0767324501759088
2.3140069217066004,0.08008374114486916,0.08001172921627564,-7.201192859351835e-05,0.07676212288769069
2.316001848341142,0.08039130077395384,0.0803179368766127,-7.33638973411388e-05,0.07679192595506112
2.3179979758579896,0.08070776948220892,0.08063305558719946,-7.471389500945946e-05,0.0768218595302903
2.3199953049800377,0.08103222712093672,0.08095616554595608,-7.606157498063482e-05,0.07685192376564665
2.3219938364306127,0.08136482093701769,0.0812874138444597,-7.740709255799061e-05,0.07688211881340035
2.32399357093348,0.08170620620130187,0.08162745555411899,-7.875064718287916e-05,0.0769124448258216
2.325994509212837,0.08205622077804531,0.0819761289471348,-8.009183091051142e-05,0.07694290195517972
2.32799665199332,0.08241465548358207,0.08233322455970171,-8.143092388035456e-05,0.0769734903537449
2.33,0.08278165007649818,0.08269888201449405,-8.276806200413489e-05,0.07700421017378645
