z_obs,q_frozen,dotH_over_H2_frozen,w_eff_kinematic_frozen,q_candidate
0.01,-0.15717794276249386,-0.8428220572375064,-0.4381186285083293,-0.15178298096333964
0.014974874371859296,-0.18003270558948747,-0.8199672944105123,-0.45335513705965835,-0.17501139104671115
0.019949748743718593,-0.20237239600593937,-0.7976276039940606,-0.46824826400395947,-0.19771739720869552
0.024924623115577887,-0.22374205797713997,-0.7762579420228598,-0.48249470531809324,-0.21944163757787882
0.029899497487437185,-0.24415580156684935,-0.7558441984331506,-0.49610386771123294,-0.24019838584245767
0.03487437185929648,-0.26362748755051135,-0.7363725124494886,-0.5090849917003408,-0.2600016633561387
0.03984924623115578,-0.28217073260774017,-0.7178292673922598,-0.5214471550718268,-0.27886524440072047
0.04482412060301508,-0.29979891438805184,-0.7002010856119483,-0.5331992762587012,-0.2968026613188899
0.049798994974874375,-0.3165251764524296,-0.6834748235475704,-0.544350117634953,-0.31382720952232934
0.05477386934673367,-0.33236243309556535,-0.6676375669044345,-0.5549082887303769,-0.32995195237833863
0.05974874371859297,-0.34732337405203595,-0.6526766259479642,-0.5648822493680239,-0.34518972597892716
0.06472361809045227,-0.36142046908927306,-0.638579530910727,-0.574280312726182,-0.35955314379497827
0.06969849246231155,-0.3746659724913437,-0.6253340275086562,-0.5831106483275625,-0.37305460122016176
0.07467336683417085,-0.38707791802513203,-0.612922081974868,-0.5913852786834213,-0.38571234193441606
0.07943559520016252,-0.3983053029829645,-0.6016946970170355,-0.5988702019886429,-0.3971670137701233
0.07964824120603015,-0.39878313924741204,-0.601216860752588,-0.5991887594982748,-0.3976547138915617
0.08462311557788944,-0.4094123346843431,-0.590587665315657,-0.606274889789562,-0.4085079863472182
0.08959798994974874,-0.4193698557833654,-0.5806301442166347,-0.6129132371889102,-0.4186813476723338
0.09457286432160804,-0.4286312427617993,-0.5713687572382007,-0.6190874951745329,-0.42815006193838845
0.09591907597955812,-0.43098564644741244,-0.5690143535525874,-0.6206570976316084,-0.43055871396094236
0.09954773869346734,-0.43695147098628573,-0.5630485290137144,-0.6246343139908572,-0.43666610737705946
0.10452261306532663,-0.44452601452925067,-0.5554739854707493,-0.6296840096861671,-0.4444273310093081
0.10949748743718593,-0.4514221237595093,-0.5485778762404907,-0.6342814158396728,-0.4515018083004767
0.11265426713409132,-0.4554293645141969,-0.5445706354858031,-0.6369529096761313,-0.4556177127608093
0.11447236180904523,-0.457554783456285,-0.5424452165437151,-0.6383698556375232,-0.4578034696562925
0.11944723618090453,-0.4628338019596935,-0.5371661980403064,-0.6418892013064623,-0.463240991317158
0.12442211055276382,-0.4674631355603438,-0.5325368644396563,-0.6449754237068959,-0.46802084959492696
0.12939698492462312,-0.47148718165545145,-0.5285128183445486,-0.6476581211036343,-0.47218799296535385
0.12964501239760692,-0.47166368985283447,-0.5283363101471654,-0.647775793235223,-0.47237133761673333
0.1343718592964824,-0.4745780091410702,-0.5254219908589298,-0.6497186727607134,-0.47541038536638835
0.13934673366834172,-0.47707112627691084,-0.5229288737230893,-0.6513807508512739,-0.47802771385453
0.14432160804020103,-0.47893478878453377,-0.5210652112154662,-0.6526231925230226,-0.4800078302910238
0.14689521419954327,-0.4796538906030595,-0.5203461093969405,-0.6531025937353729,-0.480784154035207
0.1474873984931891,-0.4797836744519475,-0.5202163255480524,-0.6531891163012984,-0.48092666190464595
0.1492964824120603,-0.48007824520607534,-0.5199217547939246,-0.6533854968040502,-0.48125883643728584
0.15427135678391962,-0.48046019254731076,-0.5195398074526892,-0.6536401283648738,-0.4817389004831446
0.1592462311557789,-0.4802973259218225,-0.5197026740781775,-0.6535315506145483,-0.48166742366934256
0.16212699344408094,-0.47991275543646994,-0.5200872445635301,-0.6532751702909799,-0.48133217799957084
0.16422110552763822,-0.47949425437912785,-0.5205057456208723,-0.6529961695860853,-0.48094780914469915
0.16440883456124109,-0.47944671726591315,-0.5205532827340869,-0.6529644781772754,-0.48090320701098055
0.1691959798994975,-0.47788244763093946,-0.5221175523690605,-0.6519216317539596,-0.47940940595093484
0.17417085427135678,-0.4757783089266714,-0.5242216910733286,-0.6505188726177809,-0.47737257063842886
0.17695335971865583,-0.474359525477532,-0.525640474522468,-0.6495730169850213,-0.47598842537727704
0.1770969361085799,-0.4742785061871524,-0.5257214938128475,-0.6495190041247683,-0.4759090960686888
0.1791457286432161,-0.47303462590043555,-0.5269653740995645,-0.6486897506002904,-0.47468823753233536
0.18218989600593946,-0.47103090686235427,-0.5289690931376457,-0.6473539379082361,-0.4727167909596981
0.18412060301507538,-0.46962441170660907,-0.5303755882933909,-0.6464162744710726,-0.4713290739745879
0.1890954773869347,-0.4656150265087271,-0.5343849734912729,-0.6437433510058181,-0.4673632729106064
0.1910699583062728,-0.4638888851541749,-0.536111114845825,-0.6425925901027832,-0.4656527474241442
0.1919688801374404,-0.46305626824521384,-0.5369437317547862,-0.6420375121634759,-0.46482665664213063
0.19407035175879397,-0.4610003698057119,-0.5389996301942881,-0.6406669132038079,-0.4627846499921655
0.19904522613065329,-0.4558095565870537,-0.5441904434129463,-0.6372063710580358,-0.4576226727909628
0.20024248248266774,-0.45447366764762565,-0.5455263323523744,-0.6363157784317506,-0.4562926402570723
0.20402010050251257,-0.45001834662715856,-0.5499816533728414,-0.6333455644181057,-0.4518527924410316
0.20520885074230197,-0.44855530084960216,-0.551444699150398,-0.6323702005664014,-0.45039385105382024
0.20717596792088316,-0.4460430269326907,-0.5539569730673094,-0.6306953512884604,-0.44788722838463835
0.20899497487437188,-0.4436233258819555,-0.5563766741180444,-0.6290822172546371,-0.4454715458363795
0.21396984924623116,-0.43662034377465353,-0.5633796562253465,-0.6244135625164356,-0.4384747249943247
0.21857074030424578,-0.42976860513059767,-0.5702313948694023,-0.6198457367537318,-0.431623952181994
0.21894472361809048,-0.42918971603069767,-0.5708102839693023,-0.6194598106871319,-0.43104486611082393
0.21951558242062205,-0.42828565039697897,-0.5717143496030211,-0.6188571002646526,-0.4301402463643337
0.22257706707719555,-0.4233341393250192,-0.5766658606749809,-0.6155560928833461,-0.4251844634821984
0.22391959798994976,-0.4210911198843751,-0.5789088801156249,-0.6140607465895834,-0.42293867152753595
0.22889447236180907,-0.41239962901587834,-0.5876003709841215,-0.6082664193439189,-0.41423213847133633
0.23386934673366835,-0.4033177219260027,-0.5966822780739972,-0.6022118146173352,-0.4051302264104233
0.23399214571873933,-0.40308535562137726,-0.5969146443786228,-0.6020569037475847,-0.40489726353334843
0.23717887909960783,-0.3969104533853848,-0.6030895466146151,-0.5979403022569232,-0.3987050638031592
0.23817465279514077,-0.3949481509125402,-0.6050518490874598,-0.5966321006083601,-0.39673693821416345
0.23884422110552767,-0.39360123959193294,-0.6063987604080671,-0.5957341597279553,-0.39538577090113547
0.24381909547738695,-0.3832916874298,-0.6167083125702,-0.5888611249532001,-0.38504078528378394
0.24864055666517315,-0.3729527054259194,-0.6270472945740807,-0.5819684702839463,-0.37466301057739415
0.24879396984924623,-0.3726130611429982,-0.6273869388570018,-0.5817420407619989,-0.37432199817167033
0.2537688442211055,-0.3613351893322596,-0.6386648106677404,-0.5742234595548397,-0.36299641913701164
0.253971231841834,-0.3608675895402794,-0.6391324104597206,-0.5739117263601863,-0.362526766225564
0.25607117278066904,-0.35592745844556806,-0.6440725415544319,-0.5706183056303786,-0.35756423086403333
0.2587437185929648,-0.34950855099581135,-0.6504914490041888,-0.5663390339972076,-0.35111514145219813
0.26346285522021134,-0.3379005575774845,-0.6620994424225154,-0.558600371718323,-0.33945034115298167
0.26371859296482414,-0.33725635822189615,-0.6627436417781039,-0.558170905481264,-0.3388028723680959
0.2686934673366834,-0.3244512050153713,-0.6755487949846287,-0.5496341366769142,-0.32593065086575346
0.2699693429656176,-0.321097679175013,-0.678902320824987,-0.547398452783342,-0.3225590361396258
0.2736683417085427,-0.3111738190943756,-0.6888261809056244,-0.5407825460629171,-0.3125801825611061
0.2752519605239561,-0.3068473530864462,-0.6931526469135538,-0.5378982353909642,-0.3082291794328994
0.2784611055599981,-0.29793958330774606,-0.7020604166922539,-0.531959722205164,-0.299269892854498
0.27864321608040205,-0.2974262056206227,-0.7025737943793772,-0.5316174704137484,-0.2987534924061438
0.28361809045226133,-0.28314473316780564,-0.7168552668321944,-0.5220964887785371,-0.28438617265632427
0.2861715573040762,-0.2756716574153314,-0.7243283425846686,-0.5171144382768875,-0.2768671866405409
0.2885929648241206,-0.26843149816717626,-0.7315685018328237,-0.5122876654447842,-0.2695815553047617
0.2935678391959799,-0.25328676770220526,-0.7467132322977948,-0.5021911784681368,-0.25433990709554155
0.29363739636399444,-0.25307207996645253,-0.7469279200335475,-0.5020480533109685,-0.25412382648593557
0.29472564776722826,-0.24967468059436138,-0.7503253194056386,-0.49978312039624084,-0.2507041596749098
0.29854271356783924,-0.23759466658090833,-0.7624053334190917,-0.49172977772060555,-0.23854394194075101
0.3025804787972574,-0.224599907630473,-0.7754000923695271,-0.48306660508698207,-0.22546152231818273
0.3035175879396985,-0.2215355759355061,-0.7784644240644939,-0.48102371729033744,-0.22237623734346668
0.3084924623115578,-0.20516488738916583,-0.7948351126108342,-0.4701099249261105,-0.2058930996768653
0.3089938411058507,-0.2035277987360623,-0.7964722012639376,-0.46901853249070824,-0.2042448736593092
0.3134673366834171,-0.18908273814042886,-0.8109172618595712,-0.4593884920936192,-0.1897028413429307
0.31449670722131656,-0.18579610650580414,-0.8142038934941959,-0.4571974043372027,-0.18639444191374377
0.3184422110552764,-0.17333758355767814,-0.8266624164423219,-0.4488917223717853,-0.17385453158294217
0.31919874460616404,-0.17097417590212127,-0.8290258240978787,-0.44731611726808085,-0.17147589361880122
0.3234170854271357,-0.15794152441709097,-0.8420584755829089,-0.4386276829447273,-0.1583604578735367
0.3245325783477325,-0.15453425535596477,-0.8454657446440353,-0.43635617023730977,-0.1549318691853656
0.328391959798995,-0.14290982912340544,-0.8570901708765946,-0.4286065527489371,-0.14323612646534212
0.3333668341708543,-0.12815720741100234,-0.8718427925889977,-0.41877147160733486,-0.128394893624019
0.33456967989741543,-0.124638217960926,-0.875361782039074,-0.4164254786406173,-0.12485517924471079
0.33602902553658587,-0.12040830248303847,-0.8795916975169615,-0.41360553498869224,-0.12060071311059395
0.33834170854271356,-0.11376009823341626,-0.8862399017665837,-0.40917339882227755,-0.11391440466777158
0.34025577203813984,-0.10831256269579304,-0.891687437304207,-0.40554170846386195,-0.10843613436225841
0.3433165829145729,-0.09971555705896551,-0.9002844429410345,-0.39981037137264375,-0.09979166543195583
0.3482914572864322,-0.08599149061346523,-0.9140085093865348,-0.3906609937423101,-0.0859940714556594
0.3530740264683381,-0.07304245823890221,-0.9269575417610979,-0.38202830549260136,-0.07297784052713852
0.35326633165829147,-0.0725285936423331,-0.9274714063576668,-0.38168572909488885,-0.07246137384078544
0.35494917615006033,-0.06806523504091755,-0.9319347649590825,-0.37871015669394503,-0.0679757479605757
0.3561656118132623,-0.06486010438421475,-0.9351398956157853,-0.3765734029228097,-0.06475482765297957
0.35824120603015075,-0.059447880312236356,-0.9405521196877636,-0.3729652535414909,-0.05931650280686529
0.3632160804020101,-0.04669049185826024,-0.9533095081417396,-0.36446032790550686,-0.0464996642659633
0.36819095477386937,-0.03419335458248385,-0.9658066454175163,-0.35612890305498923,-0.03394677887738584
0.37033648678997655,-0.02889865891337884,-0.971101341086621,-0.35259910594225263,-0.02862941536930086
0.3722643133019105,-0.024196463393390877,-0.9758035366066091,-0.3494643089289272,-0.023907660832631406
0.37316582914572866,-0.02201627872581169,-0.9779837212741883,-0.3480108524838744,-0.021718604748481196
0.37563987673603266,-0.016089417432449626,-0.9839105825675504,-0.3440596116216331,-0.0157682178299986
0.37814070351758794,-0.010178885081874589,-0.9898211149181254,-0.34011925672124965,-0.009835074281066447
0.3831155778894473,0.0013542189977735486,-1.0013542189977738,-0.3324305206681508,0.0017397705467216973
0.38781918083905853,0.012038682883164231,-1.0120386828831642,-0.32530754474455725,0.012460619559154118
0.38809045226130656,0.012646515903870004,-1.01264651590387,-0.32490232273075337,0.013070430075845296
0.3885541184340688,0.013676612155811174,-1.0136766121558112,-0.3242155918961258,0.014103768190532051
0.39306532663316585,0.023573408029966547,-1.0235734080299665,-0.3176177279800223,0.02403031435655234
0.3966465338894349,0.03129559635841961,-1.0312955963584196,-0.31246960242772037,0.03177425169923653
0.39804020100502513,0.03424908958503625,-1.034249089585036,-0.31050060694330917,0.034735448298424565
0.40301507537688447,0.044612112895930256,-1.0446121128959303,-0.30359192473604646,0.04512340006387228
0.4050372957531094,0.04875913404205545,-1.0487591340420555,-0.3008272439719629,0.04927964694514575
0.4055249183480208,0.04974797749024362,-1.0497479774902434,-0.30016801500650436,0.05027054829943789
0.40798994974874375,0.05468810575358796,-1.054688105753588,-0.2968745961642746,0.05522020936846972
0.41296482412060304,0.06446129361644748,-1.0644612936164475,-0.2903591375890351,0.06500984806176247
0.4179396984924623,0.07401191063619961,-1.0740119106361996,-0.28399205957586693,0.07457384896400288
0.4179739724131821,0.07407652501479123,-1.0740765250147912,-0.2839489833234724,0.07463853824890898
0.4217161407317134,0.08103690269225172,-1.081036902692252,-0.2793087315384988,0.08160571865281518
0.4229145728643216,0.08324106679891408,-1.083241066798914,-0.27783928880072395,0.08381172280179228
0.42345654489574575,0.08422695915334089,-1.0842269591533409,-0.27718202723110597,0.08479828069225737
0.42788944723618094,0.09215917778068294,-1.0921591777806827,-0.27189388147954485,0.0927340507420964
0.4328643216080402,0.10083244407414749,-1.1008324440741475,-0.2661117039505684,0.10140810950456314
0.4378391959798995,0.10927061035043972,-1.10927061035044,-0.26048625976637363,0.10984380592797227
0.4385929760915414,0.11052517919369675,-1.1105251791936965,-0.2596498805375357,0.11109765970944707
0.43962709078716145,0.11222786415623287,-1.1122278641562326,-0.25851475722917816,0.11279908361146362
0.4416169423648893,0.11547487591791517,-1.115474875917915,-0.2563500827213899,0.11604326036488932
0.4428140703517588,0.117402443257977,-1.1174024432579768,-0.2550650378280154,0.11796874343168717
0.44778894472361813,0.12524155095032596,-1.125241550950326,-0.24983896603311595,0.1257967495460719
0.4527638190954774,0.13286114365139112,-1.1328611436513911,-0.24475923756573914,0.1334022350584989
0.4556701521267001,0.13719475590351715,-1.1371947559035172,-0.24187016273098838,0.13772594982350483
0.4577386934673367,0.14021772610169791,-1.140217726101698,-0.2398548492655347,0.14074099152576514
0.460009029405042,0.14348336309883525,-1.1434833630988352,-0.23767775793410983,0.14399718795367678
0.4616108622933133,0.14575673825019164,-1.1457567382501919,-0.2361621744998722,0.14626347345972168
0.462713567839196,0.14729864288716632,-1.1472986428871663,-0.2351342380752225,0.14780015369205768
0.4676884422110553,0.1540947931668759,-1.1540947931668761,-0.23060347122208258,0.15457046755449677
0.4726633165829146,0.1607003341206963,-1.160700334120696,-0.22619977725286922,0.16114764691961736
0.47295004703104737,0.16107145054571648,-1.1610714505457167,-0.22595236630285565,0.16151698899966194
0.4776381909547739,0.16701389025138336,-1.1670138902513834,-0.22199073983241113,0.16742863754507575
0.47863576190180107,0.16825179765959475,-1.1682517976595945,-0.22116546822693683,0.1686596253757553
0.4826130653266332,0.173081749747789,-1.173081749747789,-0.21794550016814074,0.17346049243213923
0.48393033615789355,0.1746477615976436,-1.1746477615976438,-0.21690149226823752,0.1750164026725165
0.48758793969849246,0.17889550930624054,-1.1788955093062408,-0.2140696604625063,0.1792346670389382
0.4904350672293831,0.18212308092806206,-1.1821230809280618,-0.21191794604795877,0.18243821709588293
0.4925628140703518,0.18447177159603667,-1.1844717715960367,-0.21035215226930892,0.1847680387625361
0.4975001334518248,0.1897810584453592,-1.1897810584453592,-0.20681262770309405,0.19003165551225454
0.4975376884422111,0.18982041681515693,-1.189820416815157,-0.20678638878989553,0.19007065184455452
0.5025125628140703,0.19488466797905213,-1.1948846679790521,-0.20341022134729858,0.19508477815098257
0.5065906387111783,0.1989060697211782,-1.1989060697211784,-0.20072928685254776,0.19906341135792505
0.5074874371859296,0.19976821898028851,-1.1997682189802883,-0.20015452067980766,0.19991584402888485
0.508127647712572,0.20037269154196657,-1.2003726915419666,-0.19975153897202214,0.20051320897309077
0.512462311557789,0.20436267493708593,-1.204362674937086,-0.19709155004194268,0.20445363777415482
0.5166051758439496,0.2080517247267264,-1.2080517247267262,-0.19463218351551592,0.20809371385342934
0.5174371859296483,0.20876803850506054,-1.2087680385050603,-0.1941546409966265,0.2087998361020431
0.5224120603015076,0.21290263454760128,-1.2129026345476015,-0.19139824363493252,0.21287139110454456
0.5260302523766438,0.21579831873497546,-1.2157983187349752,-0.18946778751001625,0.21571977625180838
0.5273869346733668,0.21684874863815184,-1.216848748638152,-0.18876750090789884,0.2167519683537027
0.5295969745648779,0.21851499720204082,-1.218514997202041,-0.18765666853197271,0.21838785925149562
0.5323618090452261,0.2205368291855172,-1.2205368291855172,-0.1863087805429886,0.22037084465005652
0.5359539595464429,0.22307379309332154,-1.2230737930933213,-0.18461747127111916,0.22285613592861897
0.5373366834170854,0.22401391644655622,-1.224013916446556,-0.18399072236896252,0.22377584906224057
0.5423115577889448,0.22726070172474344,-1.2272607017247434,-0.18182619885017104,0.2269473453985269
0.5441453743659197,0.22840753276492354,-1.2284075327649235,-0.18106164482338427,0.22806575110790783
0.5472864321608041,0.23028084099276125,-1.2302808409927612,-0.17981277267149265,0.22988904847272407
0.5522613065326634,0.23310796899870656,-1.2331079689987066,-0.177928020667529,0.23263515751877084
0.5529546278075306,0.23348464786914702,-1.233484647869147,-0.17767690142056858,0.23300030632045932
0.5555495942004751,0.23484516690907276,-1.2348451669090728,-0.17676988872728483,0.2343169542567023
0.5572361809045226,0.23569480288992883,-1.2356948028899288,-0.17620346474004756,0.23513758993623712
0.5622110552763819,0.23808335797801528,-1.2380833579780153,-0.17461109468132296,0.23743906666480408
0.5624755364202108,0.23820653107893075,-1.238206531078931,-0.17452897928071287,0.23755494257201004
0.5671859296482412,0.30503829452886966,-1.3050382945288699,-0.12997447031408682,0.23948449873295585
0.5721608040201005,0.48571616760941905,-1.485716167609419,-0.009522554927053783,0.26977385905372064
0.5753952291198849,0.6176909226315277,-1.617690922631528,0.07846061508768543,0.3838843288163514
0.5766689632181506,0.6621960904305129,-1.6621960904305129,0.10813072695367532,0.4589188221259408
0.5771356783919598,0.6766242024550144,-1.6766242024550144,0.11774946830334287,0.48509919870508944
0.5810232912261394,0.7808040816302306,-1.7808040816302306,0.18720272108682035,0.6800148253201213
0.5821105527638191,0.8040822360948239,-1.8040822360948239,0.20272149072988244,0.7259910705233197
0.5870854271356785,0.8765874810556888,-1.8765874810556888,0.25105832070379264,0.8864250500688144
0.5920603015075377,0.912971450611868,-1.9129714506118676,0.27531430040791194,0.993189080483271
0.5954940537973217,0.9164506461615507,-1.9164506461615507,0.27763376410770046,1.0345565625752133
0.597035175879397,0.9114009737912014,-1.9114009737912014,0.2742673158608009,1.0432126501016743
0.5997912217726296,0.8944122990871672,-1.8944122990871672,0.2629415327247784,1.046693208209165
0.6007454274984088,0.8865096492785147,-1.8865096492785145,0.25767309951900996,1.0448381457807057
0.6020100502512563,0.873067961394876,-1.873067961394876,0.24871197426325042,1.0379021966964341
0.6069849246231156,0.804455549958536,-1.804455549958536,0.2029703666390239,0.9866373344569137
0.6119597989949749,0.7171949445099408,-1.7171949445099408,0.14479662967329388,0.9067604221664127
0.615849298416845,0.6369603039001934,-1.6369603039001932,0.09130686926679554,0.8258208545710384
0.6169346733668342,0.6125328334789208,-1.6125328334789206,0.07502188898594708,0.8000853108661996
0.6187819417106188,0.5686339223234556,-1.5686339223234558,0.04575594821563689,0.7526733743017899
0.6219095477386934,0.4906452824439451,-1.4906452824439451,-0.00623647837070318,0.6666286646448543
0.6251895505236298,0.40507629357365715,-1.405076293573657,-0.06328247095089545,0.5703705465006828
0.6268844221105528,0.35905564184088057,-1.3590556418408803,-0.09396290543941299,0.5177186972769523
0.6318592964824121,0.2193102497294015,-1.2193102497294015,-0.187126500180399,0.3554006432707024
0.636464234373064,0.08697984209785115,-1.0869798420978514,-0.27534677193476587,0.199909205994369
0.6368341708542714,0.07621062393190248,-1.0762106239319025,-0.28252625071206505,0.18716045683095595
0.6379980957170382,0.042123703480658525,-1.0421237034806585,-0.3052508643462276,0.1466232803638341
0.6418090452261307,-0.06969349109026468,-0.9303065089097354,-0.3797956607268431,0.013019612425239968
0.64678391959799,-0.21517214140940488,-0.7848278585905951,-0.47678142760626996,-0.16176642705451338
0.650006946612892,-0.30856576585671525,-0.6914342341432846,-0.5390438439044769,-0.2744866790665027
0.6517587939698493,-0.35858877730670236,-0.6414112226932976,-0.5723925182044682,-0.33505601334030843
0.6567336683417085,-0.49823588621584103,-0.501764113784159,-0.6654905908105607,-0.5045112442039346
0.6573421747968995,-0.5150574826608163,-0.48494251733918375,-0.6767049884405443,-0.524950839396571
0.657442359863115,-0.5177856186369505,-0.48221438136304945,-0.678523745757967,-0.5282685722428044
0.6617085427135678,-0.631297658757864,-0.3687023412421361,-0.7541984391719093,-0.6664171190822291
0.6666834170854271,-0.758013842494416,-0.24198615750558397,-0.8386758949962774,-0.8207477562805465
0.6716582914572865,-0.8772720702327966,-0.12272792976720338,-0.9181813801551977,-0.9660037163795652
0.6752033158185224,-0.9572721595981761,-0.04272784040182392,-0.9715147730654508,-1.0633687002878613
0.6766331658291458,-0.98810963758247,-0.01189036241753009,-0.9920730917216466,-1.1008596844979246
0.677117441987046,-0.9982599126962287,-0.0017400873037712538,-0.9988399417974858,-1.113188305857628
0.678486475088055,-1.0261388233243571,0.02613882332435702,-1.017425882216238,-1.1470124956359475
0.6816080402010051,-1.0863723378110173,0.08637233781101716,-1.057581558540678,-1.2199202927035737
0.6865829145728644,-1.1737387025771528,0.17373870257715274,-1.1158258017181018,-1.3251510415934127
0.6915577889447236,-1.2497353167611565,0.2497353167611564,-1.1664902111741042,-1.4158261059260138
0.6965326633165829,-1.3149308321447075,0.3149308321447076,-1.2099538880964718,-1.492580074096207
0.6970260820710954,-1.3205554026829718,0.3205554026829718,-1.213703601788648,-1.499099730803771
0.6999005334542789,-1.3499211102112136,0.3499211102112136,-1.233280740140809,-1.5326429729150952
0.7007844452352842,-1.3582206592330346,0.3582206592330344,-1.238813772822023,-1.5420012611131666
0.7015075376884422,-1.3642185586904643,0.3642185586904641,-1.2428123724603095,-1.5486168164201395
0.7064824120603015,-1.3968690611383205,0.39686906113832054,-1.2645793740922138,-1.5827579468976847
0.7114572864321609,-1.4162719003109563,0.4162719003109563,-1.2775146002073043,-1.5993125825771564
0.7164321608040202,-1.421870777314418,0.421870777314418,-1.2812471848762788,-1.5974350154475965
0.7171710526231689,-1.4209866801520776,0.4209866801520776,-1.2806577867680518,-1.594852868474494
0.7214070351758795,-1.4085345424018756,0.4085345424018756,-1.2723563616012505,-1.5700772021570082
0.7215877914575077,-1.4076971611665436,0.40769716116654364,-1.2717981074443625,-1.5686046462984253
0.7263819095477387,-1.377112318925514,0.3771123189255138,-1.2514082126170092,-1.518136410986508
0.7267562103295527,-1.374032482999079,0.37403248299907915,-1.2493549886660527,-1.513248872316494
0.731356783919598,-1.324931305134531,0.324931305134531,-1.2166208700896872,-1.4377415254163894
0.7363316582914573,-1.2585739472961959,0.2585739472961959,-1.1723826315307972,-1.3377447701276954
0.7375551590629172,-1.2389821948367556,0.23898219483675553,-1.1593214632245037,-1.3086239909015194
0.7413065326633166,-1.1704887360710645,0.1704887360710646,-1.1136591573807098,-1.2076520704706533
0.743551734566978,-1.1247184187768935,0.1247184187768935,-1.083145612517929,-1.1405757246451904
0.7462814070351759,-1.0622916307623849,0.062291630762384816,-1.04152775384159,-1.0496029758911645
0.7512562814070352,-0.9353386341263336,-0.06466136587366647,-0.956892422750889,-0.8655036400014603
0.7531245762887941,-0.88272751501434,-0.11727248498565997,-0.9218183433428934,-0.789536969831175
0.7562311557788945,-0.7882052056572045,-0.2117947943427955,-0.8588034704381364,-0.6535187487840943
0.7581812401124244,-0.7249459270608033,-0.27505407293919665,-0.8166306180405355,-0.5627664046066667
0.7612060301507538,-0.6197725446731165,-0.38022745532688357,-0.7465150297820776,-0.41242646085667
0.7657958927193925,-0.4495850118464717,-0.5504149881535284,-0.6330566745643145,-0.1701841570641558
0.7661809045226131,-0.4344295554820743,-0.5655704445179258,-0.6229530369880496,-0.14870233800749932
0.7711557788944724,-0.22618426105074008,-0.7738157389492599,-0.4841228407004934,0.08780832341598654
0.7761306532663317,-0.004491434696255903,-0.995508565303744,-0.3363276231308373,0.1822663427729876
0.7790521681915302,0.13261786017712351,-1.1326178601771235,-0.2449214265485844,0.18223571650246617
0.7798955993916441,0.16636300582843289,-1.1663630058284327,-0.22242466278104478,0.1818850458324317
0.781105527638191,0.1859308974852838,-1.1859308974852838,-0.2093794016764774,0.18138890562719245
0.7860804020100502,0.18543361566620353,-1.1854336156662033,-0.20971092288919757,0.17938897669087384
0.7883238408862359,0.18458596042836684,-1.1845859604283666,-0.21027602638108878,0.1785084158226069
0.7910552763819095,0.18357846790821397,-1.183578467908214,-0.21094768806119069,0.17746275187549188
0.7960301507537689,0.18179429307888406,-1.181794293078884,-0.21213713794741051,0.17561284371088903
0.8001708498178504,0.18035237055284736,-1.1803523705528471,-0.21309841963143517,0.17411936186424737
0.8010050251256282,0.18006927382575388,-1.180069273825754,-0.21328715078283067,0.17382644733056707
0.8059798994974875,0.17841944221761796,-1.178419442217618,-0.21438703852158802,0.17212094375145215
0.8070754283989158,0.1780646216232793,-1.1780646216232793,-0.21462358558448036,0.17175449538655863
0.8109547738693468,0.17683471362327952,-1.1768347136232793,-0.21544352425114688,0.17048540631708975
0.8111391996483244,0.17677739317439034,-1.1767773931743906,-0.2154817378837398,0.1704263105795527
0.8159296482412061,0.175328049240294,-1.1753280492402938,-0.2164479671731373,0.16893388325368353
0.8209045226130653,0.1738704545427101,-1.17387045454271,-0.21741969697152652,0.16743496097607813
0.8215402260115408,0.173689849679457,-1.1736898496794572,-0.2175401002136953,0.16724950639485114
0.8258793969849246,0.1724942908954552,-1.1724942908954552,-0.2183371394030298,0.166023705998934
0.8308542713567839,0.17117441969556357,-1.1711744196955636,-0.21921705353629095,0.16467288593884288
0.8342456357776894,0.1703071254453461,-1.1703071254453463,-0.2197952497031025,0.16378688714030054
0.8346703059658429,0.17020102800018577,-1.1702010280001856,-0.21986598133320945,0.16367863852108377
0.8358291457286432,0.16991475120319488,-1.1699147512031949,-0.22005683253120334,0.16338674154016997
0.8358872868431042,0.16990047635486527,-1.1699004763548653,-0.2200663490967566,0.16337219128987068
0.836505153313368,0.1697504783717676,-1.1697504783717676,-0.22016634775215493,0.16321940355392384
0.8408040201005026,0.1687300686983224,-1.1687300686983224,-0.22084662086778506,0.1621812883136171
0.8431632727048693,0.16818720914829877,-1.168187209148299,-0.22120852723446738,0.16162997049656558
0.8457788944723619,0.16760649006538686,-1.1676064900653869,-0.22159567328974217,0.1610414920156258
0.8507537688442212,0.166549801492611,-1.1665498014926108,-0.2223001323382593,0.15997362203421095
0.8557286432160804,0.16554562469641998,-1.1655456246964198,-0.22296958353572005,0.1589621116863167
0.8576468628268821,0.16517522468055312,-1.165175224680553,-0.2232165168796314,0.15859014160630935
0.8596534872418926,0.16479930070750193,-1.164799300707502,-0.22346713286166542,0.15821345233919626
0.8607035175879397,0.16460695828734795,-1.164606958287348,-0.22359536114176803,0.1580210392660113
0.8626865700758921,0.16425225451680858,-1.1642522545168086,-0.2238318303221276,0.15766684952277932
0.865043001156649,0.1638411276218359,-1.1638411276218357,-0.22410591491877607,0.15725708990899112
0.865678391959799,0.16373282326730942,-1.1637328232673094,-0.22417811782179375,0.157149346593217
0.8674411954833867,0.16343847321294325,-1.1634384732129432,-0.22437435119137106,0.1568570179882145
0.8687700292469911,0.16322138909786332,-1.1632213890978633,-0.22451907393475778,0.15664181456967263
0.8706532663316583,0.16292375953645122,-1.1629237595364512,-0.22471749364236582,0.1563476193980453
0.8756281407035176,0.16217847725699452,-1.1621784772569947,-0.22521434849533695,0.15561446289525116
0.880603015075377,0.1614799185297784,-1.1614799185297784,-0.22568005431348115,0.15493141740423377
0.8813466417257976,0.1613816688847136,-1.1613816688847136,-0.2257455540768576,0.1548359551036944
0.8855778894472363,0.1608507255565388,-1.1608507255565386,-0.22609951629564085,0.15432299106481606
0.8871824583715897,0.1606595145800216,-1.1606595145800216,-0.22622699027998572,0.15413934631667892
0.8903417180778637,0.16030075804030397,-1.160300758040304,-0.22646616130646402,0.15379680822850728
0.8905527638190955,0.16027755089746987,-1.1602775508974699,-0.2264816327350201,0.15377474047908013
0.8911306554964686,0.16021602648054634,-1.1602160264805463,-0.22652264901296915,0.15371649783742725
0.8955276381909548,0.159772759031108,-1.159772759031108,-0.22681816064592797,0.15330004625772942
0.8995374299830043,0.15939823388304397,-1.159398233883044,-0.22706784407797065,0.1529521179774893
0.9005025125628141,0.1593139649603097,-1.15931396496031,-0.22712402335979343,0.15287469021121902
0.901601754784675,0.15922300453157479,-1.1592230045315746,-0.22718466364561685,0.15279191375244405
0.9053487813861136,0.1589290353486692,-1.1589290353486692,-0.22738064310088724,0.1525270044193925
0.9054773869346734,0.15891959430023528,-1.1589195943002355,-0.22738693713317637,0.15251860960017072
0.9095847275246293,0.15863898622614614,-1.1586389862261464,-0.2275740091825692,0.15227298014427992
0.9104522613065327,0.1585847865437089,-1.158584786543709,-0.22761014230419396,0.15222654675170677
0.915427135678392,0.15831294735393509,-1.158312947353935,-0.2277913684307099,0.15200218620080963
0.9200090952568524,0.15809899762635493,-1.158098997626355,-0.22793400158243016,0.15183458143398965
0.9204020100502512,0.15808306180958231,-1.158083061809582,-0.2279446254602785,0.15182280070416576
0.9215363698779031,0.1580419295652482,-1.1580419295652482,-0.2279720469565012,0.1517940477314672
0.9253768844221106,0.15792404148523742,-1.1579240414852374,-0.22805063900984157,0.15171966005874937
0.9296571393134393,0.15782223531173045,-1.1578222353117307,-0.22811850979217974,0.1516684703250626
0.9303517587939699,0.15780980402616263,-1.1578098040261628,-0.22812679731589147,0.15166455919824418
0.9321853114482912,0.15778344557512347,-1.1577834455751235,-0.22814436961658424,0.15166118017768682
0.9322529283903019,0.15778265674698444,-1.1577826567469844,-0.22814489550201045,0.15166125267579433
0.9350102886962692,0.15775856067706395,-1.157758560677064,-0.22816095954862403,0.1516728770375293
0.9353266331658292,0.15775711437786044,-1.1577571143778604,-0.22816192374809308,0.15167562848681082
0.9403015075376885,0.1577682078270084,-1.1577682078270086,-0.22815452811532777,0.15175528413199224
0.9452763819095478,0.15782419331335906,-1.1578241933133588,-0.22811720445776074,0.1518831033589494
0.9493285221487017,0.15790560279965637,-1.1579056027996562,-0.22806293146689582,0.15202565618872188
0.950251256281407,0.1579301900387582,-1.1579301900387582,-0.22804653997416124,0.1520646231734608
0.9532457996631182,0.1580240912980162,-1.1580240912980164,-0.22798393913465587,0.15220624822987094
0.9542756222272742,0.15806009604678173,-1.1580600960467817,-0.22795993596881203,0.15225893574756766
0.955190217777201,0.15809436922897113,-1.158094369228971,-0.22793708718068606,0.15230819816385566
0.9552261306532663,0.15809581761762503,-1.158095817617625,-0.22793612158825016,0.15231024318201447
0.9602010050251256,0.158325063523024,-1.1583250635230242,-0.22778329098465067,0.15262427237513143
0.9651758793969849,0.1585904262008866,-1.1585904262008868,-0.22760638253274212,0.15297698842330654
0.9653943211900455,0.1586035636222387,-1.1586035636222387,-0.22759762425184082,0.15299407349483762
0.9690057647135454,0.15883853048068342,-1.1588385304806834,-0.22744097967954435,0.153295644391638
0.9701507537688443,0.15891901484711402,-1.158919014847114,-0.22738732343525725,0.15339769083519994
0.9751256281407036,0.159302417710385,-1.159302417710385,-0.22713172152641004,0.1538772888743547
0.9783997899676027,0.15957585258695728,-1.159575852586957,-0.22694943160869518,0.1542155515857495
0.9790956702494714,0.1596371559785117,-1.159637155978512,-0.22690856268099213,0.15429087158331334
0.9792081866888781,0.1596472978790202,-1.1596472978790202,-0.22690180141398653,0.15430329771213347
0.9801005025125629,0.15973014575450795,-1.159730145754508,-0.22684656949699467,0.15440444930311292
0.9850753768844221,0.16021317381414923,-1.1602131738141492,-0.22652455079056721,0.15499103199756958
0.985478502363208,0.1602545898055716,-1.1602545898055716,-0.22649694012961885,0.155041007955538
0.9900502512562814,0.16075593526743015,-1.16075593526743,-0.22616270982171327,0.15564182622424672
0.9950251256281407,0.16134183294265902,-1.1613418329426588,-0.22577211137156072,0.15633890148056184
0.9991741034770072,0.16186394793255987,-1.16186394793256,-0.22542403471162664,0.1569561832213704
1.0,0.16197262972556148,-1.1619726297255613,-0.2253515801829591,0.15708416397390224
1.0018848771623063,0.16222795318734207,-1.162227953187342,-0.22518136454177196,0.1573840842331422
1.0035984946040402,0.16246493835477094,-1.1624649383547707,-0.22502337443015274,0.15766196507105334
1.0040133779264213,0.16252324066299306,-1.162523240662993,-0.22498450622467125,0.1577302373110907
1.004458839737149,0.16258691548889637,-1.1625869154888964,-0.22494205634073583,0.15780470069996122
1.0080267558528428,0.16310853238683665,-1.1631085323868364,-0.22459431174210898,0.15841356977838195
1.0093173764690935,0.16330278414667787,-1.1633027841466776,-0.22446481056888157,0.15863979029480424
1.0120401337792642,0.16372695030781692,-1.1637269503078171,-0.2241820331281219,0.159132482186235
1.0160535117056857,0.16437472133415487,-1.1643747213341549,-0.22375018577722994,0.1598828996700521
1.018243113092247,0.16474042458099025,-1.1647404245809905,-0.22350638361267317,0.16030550532315346
1.020066889632107,0.16505483216392447,-1.1650548321639245,-0.22329677855738372,0.16066804829589532
1.0240802675585283,0.16576702633685692,-1.165767026336857,-0.2228219824420955,0.1614876513781771
1.0256487499307547,0.16605328911239337,-1.1660532891123934,-0.22263114059173783,0.16181647209771177
1.0280936454849499,0.16651078118304175,-1.166510781183042,-0.22232614587797217,0.1623411445085663
1.0300316395326146,0.16688125342063764,-1.1668812534206374,-0.22207916438624165,0.16276544366117496
1.0321070234113712,0.16728602845562346,-1.1672860284556235,-0.22180931436291773,0.16322845422147192
1.0335344683366627,0.16756980377230946,-1.1675698037723092,-0.22162013081846044,0.16355268321980132
1.0361204013377927,0.16809462512506546,-1.1680946251250652,-0.22127024991662303,0.1641515859286793
1.0387989712988974,0.16864949667038065,-1.1686494966703806,-0.22090033555307964,0.1647840076165885
1.0400005821202767,0.16890244160161316,-1.1689024416016132,-0.22073170559892452,0.16507203585062258
1.040133779264214,0.16893089478410017,-1.1689308947841004,-0.22071273681059977,0.1651044100196124
1.0441471571906356,0.16980567329711604,-1.1698056732971163,-0.220129551135256,0.16609862756235416
1.0481605351170569,0.17070263166275645,-1.1707026316627567,-0.21953157889149566,0.1671166063598759
1.0496947176664997,0.1710537951561728,-1.1710537951561728,-0.21929746989588483,0.16751464345698275
1.0515484094620258,0.17148484854224288,-1.171484848542243,-0.21901010097183793,0.16800283482961476
1.0521739130434782,0.17163236729707143,-1.1716323672970712,-0.21891175513528582,0.16816978977620822
1.0559306960096422,0.17253105470493746,-1.1725310547049377,-0.2183126301967082,0.16918612769531083
1.0561872909698997,0.1725934623945331,-1.172593462394533,-0.21827102507031126,0.16925664695571374
1.060200668896321,0.17359041886726723,-1.1735904188672672,-0.21760638742182192,0.17038203872625513
1.0642140468227426,0.17461246216810822,-1.1746124621681082,-0.21692502522126111,0.17153433161227172
1.0682274247491639,0.17565946359768825,-1.175659463597688,-0.21622702426820783,0.17271338700803596
1.068485394404187,0.17572799312863485,-1.1757279931286349,-0.21618133791424343,0.17279049641767474
1.0711523345127851,0.17644562415842358,-1.1764456241584236,-0.21570291722771773,0.17359751315534755
1.0722408026755852,0.1767416634384229,-1.176741663438423,-0.21550555770771807,0.173930261370133
1.0740261290480733,0.17723218749729353,-1.1772321874972935,-0.21517854166847095,0.17448136161394556
1.0746178720756667,0.1773961324519977,-1.1773961324519977,-0.21506924503200164,0.17466548489269784
1.0762541806020067,0.1778547705595992,-1.1778547705595992,-0.21476348629360043,0.17518032160014285
1.080267558528428,0.1789961834051519,-1.1789961834051519,-0.21400254439656552,0.1764607589851983
1.0821601715369633,0.1795432853304475,-1.1795432853304477,-0.2136378097797016,0.17707406205413867
1.0842809364548496,0.18016486463842973,-1.1801648646384295,-0.21322342357438018,0.1777704536477689
1.0854033139335657,0.18049769634811308,-1.180497696348113,-0.2130015357679247,0.17814316616014647
1.0882943143812709,0.18136751073087232,-1.1813675107308723,-0.21242165951275171,0.17911663555049895
1.0923076923076924,0.18259760534353764,-1.1825976053435374,-0.21160159643764165,0.18049226938957963
1.0963210702341137,0.183852837359205,-1.183852837359205,-0.21076477509386338,0.18189486004485333
1.09864637250533,0.18459276130110758,-1.1845927613011074,-0.21027149246592836,0.1827210863740356
1.100334448160535,0.18513729379199617,-1.1851372937919962,-0.2099084708053358,0.18332882012830987
1.1027797885720625,0.18593461208177176,-1.1859346120817718,-0.2093769252788189,0.18421831209621886
1.1040370318203494,0.18634795447729213,-1.1863479544772921,-0.2091013636818052,0.18467928976134718
1.1043478260869566,0.18645106203873274,-1.1864510620387327,-0.20903262530751143,0.18479424407155465
1.108361204013378,0.18779423047913535,-1.1877942304791353,-0.20813717968057655,0.18629122738601134
1.1087242815866316,0.18791693238981888,-1.1879169323898189,-0.20805537840678734,0.18642793019618775
1.1110660617970143,0.18871588419043905,-1.1887158841904388,-0.2075227438730406,0.18731775046966126
1.1123745819397994,0.18916679630459532,-1.189166796304595,-0.20722213579693638,0.18781976715050352
1.1163879598662207,0.19056896815689006,-1.1905689681568898,-0.20628735456207337,0.1893800887579784
1.119816896207438,0.19178287913622438,-1.1917828791362244,-0.20547808057585037,0.19073024308650788
1.120401337792642,0.19199240974678577,-1.191992409746786,-0.20533839350214278,0.19096319154050678
1.123558876691323,0.19313516398660036,-1.1931351639866006,-0.20457655734226643,0.19223325236672006
1.1244147157190636,0.19344801560997804,-1.193448015609978,-0.204367989593348,0.19258083845737284
1.128428093645485,0.19493482255472983,-1.1949348225547296,-0.20337678496351352,0.19423198984439072
1.1324414715719064,0.19644295904936104,-1.196442959049361,-0.20237136063375938,0.1959059869077442
1.1348902084825732,0.19737521834200744,-1.1973752183420074,-0.20174985443866156,0.19694031741490536
1.1356272954115125,0.19765821561317054,-1.1976582156131708,-0.2015611895912196,0.19725421523537112
1.1364548494983278,0.19797827456270944,-1.1979782745627094,-0.2013478169581936,0.19760914563595966
1.140199705179231,0.19943672758752862,-1.1994367275875288,-0.20037551494164751,0.19922610781236738
1.140468227424749,0.1995422818969681,-1.1995422818969683,-0.20030514540202127,0.19934309965552588
1.1444816053511706,0.20113834635659056,-1.2011383463565906,-0.19924110242893966,0.2011114833477119
1.1481545962063375,0.20261425636918817,-1.2026142563691882,-0.19825716242054126,0.20274614807284874
1.148494983277592,0.20275219941644562,-1.2027521994164456,-0.1981652003890363,0.20289888855554916
1.1487671109597863,0.2028632112413462,-1.2028632112413464,-0.19809119250576923,0.20302178786912828
1.1525083612040135,0.20440019199729864,-1.2044001919972986,-0.19706653866846757,0.20472297260915973
1.15479837565353,0.20534942537177736,-1.2053494253717776,-0.19643371641881502,0.20577330925183612
1.1565217391304348,0.20607152679636265,-1.2060715267963624,-0.19595231546909164,0.20657207551046275
1.160535117056856,0.20777061828954246,-1.2077706182895425,-0.19481958780697184,0.20845096470645408
1.1628735367314151,0.2087705401271649,-1.208770540127165,-0.19415297324855696,0.20955635359021785
1.1645484949832776,0.2094938029283966,-1.2094938029283968,-0.19367079804773557,0.21035568365770207
1.1674909693562379,0.2107742881720691,-1.2107742881720691,-0.1928171412186207,0.21177051090475052
1.168561872909699,0.21124436409360237,-1.2112443640936024,-0.19250375727093172,0.21228977861925147
1.1725752508361205,0.2130219417498238,-1.2130219417498236,-0.19131870550011765,0.2142528609884582
1.174274585848281,0.2137811522089652,-1.213781152208965,-0.19081256519402323,0.21509108403874166
1.1765886287625418,0.21482272841315742,-1.2148227284131574,-0.19011818105789502,0.21624081815332974
1.1769839165266005,0.21500183398396455,-1.2150018339839646,-0.1899987773440236,0.21643848772799834
1.1806020066889633,0.21665541613219097,-1.216655416132191,-0.18889638924520602,0.21826303980114892
1.1846153846153846,0.218506448171208,-1.2185064481712078,-0.18766236788586133,0.2203048809989756
1.1858947252812777,0.21910228674877685,-1.2191022867487766,-0.18726514216748202,0.22096196674589286
1.1886287625418062,0.22038577575201646,-1.2203857757520167,-0.186409482831989,0.22237709220242996
1.1903571237809063,0.22120154906826262,-1.2212015490682626,-0.1858656339544914,0.22327638698192098
1.1904673844279823,0.22125385679724108,-1.221253856797241,-0.18583076213517247,0.22333404304992444
1.1926421404682275,0.2222918157482392,-1.2222918157482392,-0.18513878950117402,0.22447796356186922
1.1966555183946488,0.22422336857469438,-1.2242233685746944,-0.1838510876168704,0.22660619925601555
1.2000848535670776,0.22588857689232178,-1.2258885768923218,-0.18274094873845215,0.22844049453387671
1.2005895589263473,0.22613521575898665,-1.2261352157589867,-0.18257652282734227,0.22871213194957507
1.2006688963210703,0.2261741923774312,-1.226174192377431,-0.18255053841504587,0.22875505454657374
1.2046822742474916,0.22815908575016897,-1.2281590857501687,-0.1812272761665541,0.23094052121056508
1.2086956521739132,0.23016383232112325,-1.2301638323211235,-0.1798907784525845,0.23314723678538463
1.2127090301003345,0.23219033869651384,-1.2321903386965138,-0.17853977420232414,0.23537726111227397
1.214400348409826,0.23305203792215612,-1.2330520379221561,-0.1779653080518958,0.23632528552147347
1.2167224080267558,0.23424339123605153,-1.2342433912360513,-0.17717107250929887,0.23763576758284422
1.2184132732484385,0.23511604582643852,-1.2351160458264383,-0.1765893027823744,0.2385955402037805
1.2207357859531773,0.23632308446843986,-1.23632308446844,-0.17578461035437343,0.2399228590847149
1.224297896646148,0.23818600550832936,-1.2381860055083294,-0.1745426629944472,0.2419710622432758
1.2247491638795986,0.2384233371855915,-1.2384233371855913,-0.17438444187627244,0.24223196193612528
1.2262015084938431,0.23919011200854778,-1.2391901120085478,-0.17387325866096814,0.24307480837691053
1.2265026667484276,0.2393495949926716,-1.2393495949926716,-0.17376693667155207,0.24325010134873004
1.2287625418060202,0.24055161610951714,-1.2405516161095174,-0.1729655892603218,0.24457118665526645
1.2327759197324415,0.24268347437142013,-1.24268347437142,-0.17154435041905336,0.2469144355609294
1.234193579267343,0.24342820835921364,-1.2434282083592139,-0.1710478610938576,0.247733310817982
1.2367892976588628,0.24477011791470882,-1.2447701179147088,-0.17015325472352738,0.24920949956465854
1.2408026755852843,0.24680410988566615,-1.2468041098856661,-0.16879726007622253,0.2514482379140808
1.2448160535117057,0.24879282783056444,-1.2487928278305642,-0.16747144811295722,0.25363849068444155
1.2467156945183242,0.2497158553946801,-1.24971585539468,-0.1668560964035466,0.25465563109784095
1.2488294314381272,0.25072561791842873,-1.250725617918429,-0.16618292138771407,0.25576892546367325
1.252459866980208,0.2524329800531353,-1.2524329800531353,-0.1650446799645765,0.2576521805574694
1.2526281876741994,0.25251123838103795,-1.2525112383810382,-0.16499250774597463,0.25773853006591874
1.2528428093645485,0.2526101478883178,-1.2526101478883178,-0.16492656807445472,0.257847699794334
1.2568561872909698,0.2544328844309556,-1.2544328844309556,-0.163711410379363,0.259860418707865
1.2608695652173914,0.2562150516512127,-1.2562150516512127,-0.16252329889919148,0.2618296599315302
1.263244687916801,0.25724836328741163,-1.2572483632874116,-0.1618344244750589,0.2629721680856496
1.2633757590443162,0.2573046826864154,-1.2573046826864156,-0.1617968782090563,0.26303446535857344
1.2648829431438127,0.25794544919077644,-1.2579454491907764,-0.1613697005394824,0.26374351013838715
1.268310748540859,0.25938314798251993,-1.25938314798252,-0.16041123467832008,0.2653350770953229
1.2688963210702342,0.25962466599822354,-1.2596246659982235,-0.16025022266785105,0.26560259674773357
1.2729096989966555,0.26124881394634936,-1.2612488139463494,-0.15916745736910043,0.26740278471808976
1.2753791968633177,0.262228442012556,-1.262228442012556,-0.15851437199162932,0.26848931653016406
1.2769230769230768,0.2628295349109624,-1.2628295349109626,-0.15811364339269163,0.26915645875932603
1.2793685713282241,0.2637665820720494,-1.2637665820720494,-0.15748894528530044,0.2701970701328176
1.2809364548494984,0.2643565515652604,-1.2643565515652604,-0.15709563228982648,0.27085268739621426
1.28494983277592,0.265830793379364,-1.265830793379364,-0.1561128044137572,0.27249246009785333
1.2889632107023412,0.26726392814227173,-1.2672639281422717,-0.15515738123848544,0.2740881895974976
1.2911735251486307,0.2680327523197765,-1.2680327523197763,-0.15464483178681565,0.2749451221486452
1.2929765886287625,0.2686456038430274,-1.2686456038430272,-0.15423626410464852,0.27562886456538216
1.296989966555184,0.26997458009302533,-1.269974580093025,-0.15335027993798322,0.27711316621400606
1.300593030442745,0.2711355697244269,-1.2711355697244267,-0.15257628685038216,0.27841128789690406
1.3010033444816054,0.2712649492426642,-1.2712649492426642,-0.1524900338382239,0.27855608728579884
1.302948902768427,0.2718702859057216,-1.2718702859057216,-0.1520864760628523,0.27923397627227176
1.3031401658715882,0.27192922715093704,-1.271929227150937,-0.15204718189937538,0.2793000098035199
1.304408386940268,0.2723166574353364,-1.2723166574353366,-0.151788895043109,0.2797342329211785
1.305016722408027,0.2725008805664957,-1.272500880566496,-0.15166607962233614,0.2799407872812003
1.3064263833629628,0.27292234227926837,-1.2729223422792684,-0.15138510514715442,0.28041362215621524
1.3090301003344482,0.2736846098499486,-1.2736846098499488,-0.15087692676670095,0.2812696451379022
1.3130434782608695,0.27482262381489186,-1.2748226238148919,-0.15011825079007213,0.28254956284381416
1.317056856187291,0.275915956381257,-1.275915956381257,-0.14938936241249534,0.2837816413759533
1.3210702341137124,0.2769622451742999,-1.2769622451743,-0.1486918365504667,0.28496336816807943
1.325083612040134,0.2779617394114753,-1.2779617394114755,-0.1480255070590164,0.286095009163261
1.3290969899665552,0.2789193725725039,-1.2789193725725039,-0.14738708495166408,0.28718181491875217
1.3305525657954502,0.2792544978315461,-1.279254497831546,-0.14716366811230264,0.2875629355213436
1.3331103678929765,0.279827860387045,-1.2798278603870452,-0.14678142640863667,0.28821603509798743
1.3338053918910273,0.27998099128122655,-1.2799809912812263,-0.14667933914584907,0.28839064149072824
1.333807930177556,0.27998154178570744,-1.2799815417857074,-0.14667897214286174,0.28839127003884824
1.337123745819398,0.28068774823242637,-1.2806877482324266,-0.1462081678450492,0.28919825051730075
1.3381159976312513,0.2808947368585306,-1.2808947368585306,-0.14607017542764622,0.28943507915049205
1.3385576999159619,0.2809850829016627,-1.2809850829016625,-0.14600994473222495,0.2895385876662695
1.3411371237458194,0.28150111936541045,-1.2815011193654102,-0.1456659204230597,0.29013067858061214
1.3436031787716725,0.2819802928573545,-1.2819802928573545,-0.14534647142843038,0.2906815439983448
1.345150501672241,0.2822703828403492,-1.2822703828403492,-0.14515307810643396,0.29101588383941457
1.3491638795986622,0.28298977488288424,-1.2829897748828842,-0.1446734834114105,0.29184773254466734
1.3531772575250836,0.2836685521903266,-1.2836685521903264,-0.144220965206449,0.2926360774716268
1.357190635451505,0.2843024719902034,-1.2843024719902034,-0.14379835200653113,0.29337640372313056
1.3612040133779264,0.28489844559460864,-1.2848984455946089,-0.1434010362702609,0.29407606920107554
1.3615094097553473,0.28494173260030076,-1.2849417326003008,-0.1433721782664662,0.29412710259954555
1.363582551524896,0.28522575259690863,-1.2852257525969084,-0.1431828316020609,0.2944630332113951
1.365217391304348,0.28544095264295066,-1.2854409526429507,-0.1430393649046996,0.2947185529053229
1.3692307692307693,0.28594215589790517,-1.2859421558979052,-0.14270522940139652,0.2953168029958102
1.3706084250355552,0.2861047532786032,-1.2861047532786034,-0.1425968311475978,0.2955120426704789
1.3732441471571906,0.2864007614717885,-1.2864007614717885,-0.1423994923521409,0.29586944276358285
1.3738201102974688,0.2864625508635146,-1.2864625508635146,-0.14235829942432365,0.2959444456112339
1.377148867039627,0.2868037819044078,-1.2868037819044078,-0.14213081206372824,0.29636091297652145
1.377257525083612,0.28681436010732675,-1.286814360107327,-0.14212375992844872,0.2963739078337424
1.3812709030100334,0.28717795493597476,-1.2871779549359748,-0.14188136337601687,0.2968248776736644
1.3847770712948098,0.28747094707566,-1.28747094707566,-0.14168603528289336,0.297192400242938
1.385284280936455,0.287509705582244,-1.287509705582244,-0.1416601962785039,0.2972416896201251
1.3892976588628763,0.28778687590157603,-1.287786875901576,-0.14147541606561587,0.2976001333588043
1.3933110367892976,0.28803383649266756,-1.2880338364926676,-0.14131077567155514,0.2979261624660112
1.3937370362127082,0.28805695208677284,-1.288056952086773,-0.1412953652754848,0.29795745528913087
1.397324414715719,0.2882262780456224,-1.2882262780456224,-0.14118248130291844,0.29819388811187975
1.4013377926421406,0.2883812138499513,-1.2883812138499515,-0.14107919076669906,0.2984214304111761
1.405351170568562,0.2884947714302959,-1.288494771430296,-0.14100348571313603,0.2986046656511292
1.4093645484949833,0.28857222356285406,-1.2885722235628543,-0.14095185095809715,0.29874921160871404
1.4100694412773085,0.28858133571806954,-1.2885813357180695,-0.14094577618795368,0.29876979129413805
1.4113527355395414,0.28859235275632145,-1.2885923527563214,-0.14093843149578567,0.29880130382795
1.4133779264214048,0.28860074407848013,-1.2886007440784801,-0.14093283728101325,0.2988414050980208
1.4163768703551127,0.28859734547384663,-1.2885973454738464,-0.14093510301743561,0.29888382482385945
1.4173913043478261,0.28859007435681194,-1.288590074356812,-0.14093995042879215,0.29889162404339853
1.4214046822742477,0.28853402247935866,-1.2885340224793584,-0.14097731834709426,0.2988932717256776
1.4242762305211767,0.2884746125013875,-1.2884746125013875,-0.1410169249990748,0.2988737483247119
1.425418060200669,0.28844454101267925,-1.2884445410126792,-0.1410369726582139,0.2988590841162686
1.4266743326206788,0.28840587569327525,-1.2884058756932752,-0.1410627495378166,0.2988369844631029
1.4294314381270903,0.2883056617079023,-1.2883056617079025,-0.14112955886139833,0.2987720463666992
1.4334448160535118,0.28812814761051353,-1.2881281476105135,-0.14124790159299094,0.2986436277098914
1.4374581939799331,0.28791239193532836,-1.2879123919353286,-0.14139173870978106,0.2984742479129283
1.4414715719063547,0.2876564190558384,-1.2876564190558382,-0.1415623872961077,0.2982618019871477
1.445484949832776,0.28736495810835794,-1.2873649581083577,-0.14175669459442808,0.2980113314318449
1.4468723163065842,0.2872541948667062,-1.287254194866706,-0.14183053675552926,0.29791403230682545
1.4494983277591973,0.28702783344576477,-1.2870278334457648,-0.14198144436949023,0.2977119896181817
1.4527973299119699,0.2867248385287047,-1.2867248385287047,-0.14218344098086355,0.29743819961234186
1.4535117056856188,0.28665529960085245,-1.2866552996008525,-0.14222980026609844,0.2973747083189717
1.4562522190116733,0.2863756519543592,-1.2863756519543592,-0.1424162320304272,0.2971173538268008
1.4575250836120401,0.28623914995705246,-1.2862391499570525,-0.1425072333619649,0.29699073867075265
1.4615384615384617,0.2857804654906244,-1.2857804654906246,-0.14281302300625032,0.296561232659307
1.465551839464883,0.28528791188497626,-1.2852879118849763,-0.14314139207668253,0.29609543043682063
1.4693076713467115,0.2847973838476938,-1.284797383847694,-0.14346841076820427,0.29562781273638916
1.4695652173913043,0.28476206774809154,-1.2847620677480913,-0.14349195483460564,0.29559395045378944
1.4735785953177258,0.284185282690286,-1.284185282690286,-0.14387647820647587,0.29503796970647156
1.4775919732441471,0.2835764782246879,-1.283576478224688,-0.144282347850208,0.29444766714721804
1.4816053511705687,0.28293179513510247,-1.2829317951351025,-0.14471213657659843,0.29381892793644115
1.4842371882589451,0.2824897604046417,-1.282489760404642,-0.14500682639690554,0.2933859738589315
1.48561872909699,0.28224886383048853,-1.2822488638304885,-0.14516742411300765,0.2931492248434169
1.4896321070234113,0.28152156368128356,-1.2815215636812836,-0.14565229087914422,0.2924320284722861
1.4936454849498328,0.28076560681706475,-1.2807656068170645,-0.14615626212195698,0.2916841007722841
1.4949542441276873,0.280510695170197,-1.2805106951701968,-0.14632620321986867,0.29143121200717803
1.4967855955818385,0.28014598500378773,-1.2801459850037877,-0.14656934333080807,0.29106876859402053
1.4976588628762542,0.27996838630592324,-1.2799683863059232,-0.14668774246271765,0.29089199237614705
1.5016722408026757,0.2791279293732163,-1.2791279293732163,-0.14724804708452255,0.29005359759450244
1.505685618729097,0.2782556653196422,-1.2782556653196422,-0.14782955645357188,0.289181111726287
1.5096989966555183,0.27734822108873725,-1.2773482210887372,-0.14843451927417528,0.288270936318177
1.5126900193429602,0.2766504947529662,-1.2766504947529664,-0.1488996701646893,0.28756963952312375
1.5137123745819399,0.2764056469086753,-1.2764056469086753,-0.14906290206088324,0.2873231253086559
1.5177257525083614,0.2754248321822028,-1.2754248321822026,-0.14971677854519816,0.28633435909105875
1.5178138953970413,0.27540299276097424,-1.2754029927609742,-0.14973133815935058,0.2863123233867757
1.5178733320924216,0.2753881417077171,-1.2753881417077173,-0.14974123886152202,0.28629733157479986
1.5186675363094952,0.2751891665681163,-1.2751891665681163,-0.1498738889545892,0.28609643651388206
1.5187269931563232,0.27517421340996173,-1.2751742134099617,-0.1498838577266921,0.28608133555711124
1.5195214666408012,0.27497364282263725,-1.2749736428226375,-0.15001757145157524,0.28587873563468746
1.519580943645909,0.27495858528799766,-1.2749585852879977,-0.15002760980800145,0.28586352312404717
1.5197627540030554,0.2749124203826385,-1.2749124203826385,-0.15005838641157432,0.28581687504569664
1.520375686489084,0.27475640877644913,-1.274756408776449,-0.15016239414903398,0.2856592070865258
1.5204351836593062,0.27474122737804096,-1.274741227378041,-0.15017251508130613,0.2856438622153228
1.5206170556575291,0.2746946974466047,-1.274694697446605,-0.1502035350355968,0.28559682409826936
1.5212301959525019,0.27453745552931896,-1.274537455529319,-0.1503083629804539,0.2854378414539316
1.5212897132946748,0.274522154708819,-1.274522154708819,-0.1503185635274541,0.28542236896204365
1.5214716469548732,0.2744752857144286,-1.2744752857144286,-0.15034980952371413,0.2853749684714846
1.5217391304347827,0.2744062476580491,-1.2744062476580493,-0.15039583489463393,0.2853051397273485
1.5220849951292454,0.2743167941692377,-1.2743167941692377,-0.15045547055384156,0.28521465048925543
1.5221445326502088,0.274301371195975,-1.274301371195975,-0.15046575253601668,0.2851990474724282
1.522172639087332,0.2742940828032763,-1.2742940828032765,-0.15047061146448237,0.28519167355283837
1.5223265279932885,0.2742541146099704,-1.2742541146099706,-0.15049725692668636,0.2851512328289938
1.5229400841175398,0.27409440513378924,-1.2740944051337892,-0.15060372991080706,0.2849896133197898
1.5229996418241347,0.2740788655277713,-1.2740788655277713,-0.15061408964815237,0.28497388566909554
1.5231816988710087,0.27403124065356965,-1.2740312406535694,-0.15064583956428712,0.2849256774894089
1.5237954630156425,0.27387030810109136,-1.2738703081010911,-0.15075312793260587,0.2847627510035553
1.5238550409147127,0.2738546491040377,-1.2738546491040377,-0.15076356726397488,0.2847468957601207
1.5240371596863014,0.2738066592760249,-1.2738066592760249,-0.15079556048264997,0.28469829756727383
1.524651131921845,0.2736444966097482,-1.2736444966097484,-0.15090366892683427,0.28453405656189923
1.5247107300202367,0.2736287182206012,-1.2736287182206012,-0.15091418785293242,0.2845180737417823
1.5248929105374667,0.27358036345677506,-1.273580363456775,-0.15094642436215,0.2844690855773646
1.5255070909344717,0.27341697070829696,-1.273416970708297,-0.15105535286113547,0.2843035300948962
1.5255667092390333,0.273401072932687,-1.273401072932687,-0.15106595137820877,0.2842874196993024
1.5257489515228388,0.2733523988102706,-1.2733523988102706,-0.15109840079315284,0.2842380904751365
1.525752508361204,0.27335144747463613,-1.2733514474746364,-0.15109903501690936,0.28423712630584363
1.5263633401518806,0.2731877305523691,-1.2731877305523693,-0.15120817963175393,0.2840711717217568
1.5264229786694625,0.27317171331137846,-1.2731717133113787,-0.15121885779241417,0.2840549336686784
1.5266052827407854,0.2731226286990447,-1.2731226286990445,-0.1512515808673035,0.2840051655819482
1.5272198796724623,0.272956775938368,-1.2729567759383682,-0.15136214937442127,0.2838369812769852
1.5272795384099176,0.27294063941909985,-1.2729406394190999,-0.15137290705393336,0.28382061575273787
1.5274619042897064,0.27289118989953676,-1.2728911898995368,-0.15140587340030887,0.28377045771574116
1.5280767095946417,0.2727241071955142,-1.272724107195514,-0.1515172618696572,0.28360095906661087
1.528136388558826,0.27270785130158615,-1.2727078513015861,-0.15152809913227583,0.283584465973838
1.5283188162680361,0.27265803690097434,-1.2726580369009746,-0.1515613087326837,0.28353391801295946
1.5289338300168767,0.2724897243072977,-1.2724897243072977,-0.15167351712846833,0.28336310506466345
1.5289935292146475,0.27247334904150966,-1.2724733490415099,-0.1516844339723269,0.2833464844219782
1.5291760187742418,0.27242317166690055,-1.2724231716669006,-0.15171788555539978,0.28329554857132
1.5297658862876253,0.2722606414010287,-1.2722606414010287,-0.1518262390659807,0.2831305418238468
1.5297912410376586,0.2722536417922661,-1.2722536417922659,-0.15183090547182265,0.28312343479369995
1.529850960475876,0.2722371327065152,-1.272237132706515,-0.15184191152898985,0.28310667115097576
1.530033511906824,0.27218658856673206,-1.2721865885667318,-0.15187560762217878,0.28305534336954974
1.530648942755512,0.27201581632740734,-1.2720158163274073,-0.1519894557817284,0.2828819019747342
1.5307086824410385,0.2719992023466853,-1.2719992023466853,-0.1520005317688764,0.2828650262312009
1.530891295764317,0.27194829335908133,-1.271948293359081,-0.15203447109394586,0.28281330855693776
1.5315069352689952,0.271776291372946,-1.2717762913729458,-0.15214913908470273,0.2826385530247839
1.5315666952086953,0.2717595580316847,-1.2717595580316847,-0.1521602946455436,0.28262154972171727
1.5317493704452882,0.27170828419912674,-1.271708284199127,-0.1521944772005822,0.28256944216038726
1.5323652186766994,0.27153505250024024,-1.2715350525002402,-0.15230996499983984,0.28239337249182017
1.53242499887744,0.27151819982077163,-1.2715181998207719,-0.15232120011948558,0.28237624165678077
1.5326077360483388,0.2714665611649896,-1.2714665611649894,-0.15235562589000706,0.2823237442509072
1.5332237930772497,0.2712920998021129,-1.2712920998021129,-0.1524719334652579,0.2821463605194794
1.5332835935459002,0.27127512777123264,-1.2712751277712326,-0.15248324815251146,0.28212910213860876
1.533466392672103,0.27122314699443373,-1.2712231469944337,-0.15251790200371074,0.28207623910475177
1.5337792642140469,0.27113402432364686,-1.271134024323647,-0.15257731711756872,0.28198559530206757
1.5340826585693044,0.27104744098016575,-1.2710474409801658,-0.1526350393465563,0.2818975253054472
1.5341424793127363,0.2710303419468121,-1.271030341946812,-0.15264643870212535,0.28188013121800837
1.5343253404152486,0.2709779737034117,-1.2709779737034117,-0.15268135086439205,0.2818268541346507
1.5349418152515555,0.2708010531263323,-1.2708010531263323,-0.1527992979157785,0.2816468423999643
1.5350016562766429,0.2707838424269824,-1.2707838424269826,-0.15281077171534496,0.28162932896142756
1.535184579376477,0.2707311094044522,-1.2707311094044522,-0.15284592706369848,0.281575662053569
1.5358012632227278,0.2705529592880562,-1.270552959288056,-0.15296469380796252,0.2813943363854603
1.5358611245363472,0.27053562925798036,-1.2705356292579804,-0.1529762471613464,0.2813766954370187
1.5360441096545228,0.2704825314754824,-1.2704825314754826,-0.15301164568301162,0.28132263871134144
1.5366610025815808,0.27030315189632703,-1.270303151896327,-0.15313123206911539,0.28113999915639964
1.5367208841906104,0.27028570253423956,-1.2702857025342396,-0.15314286497717355,0.2811222306762686
1.5369039313481538,0.2702322399771413,-1.2702322399771413,-0.1531785066819058,0.2810677841623732
1.537521033426906,0.2700516309638856,-1.2700516309638856,-0.15329891269074292,0.2808838307759727
1.537580935338227,0.27003406227685867,-1.2700340622768587,-0.15331062514876104,0.2808659347806408
1.5377640445561727,0.2699802789491401,-1.26998027894914,-0.15334648070057333,0.2808111454398703
1.5377926421404684,0.2699718738056758,-1.2699718738056758,-0.15335208412954926,0.2808025827800671
1.5378357210272102,0.2699592044411292,-1.2699592044411294,-0.15336053037258046,0.2807896755693422
1.5379878589232654,0.26991441432816976,-1.26991441432817,-0.15339039044788672,0.2807440422881091
1.5383813558575294,0.26979840203671057,-1.2697984020367106,-0.15346773197552643,0.2806258371052961
1.5384412780780252,0.26978070856396896,-1.269780708563969,-0.15347952762402084,0.2806078077710703
1.538624449377414,0.26972651654049384,-1.269726516540494,-0.15351565563967062,0.2805525817147987
1.5392419699723106,0.269543448785146,-1.269543448785146,-0.1536377008099027,0.2803660007938735
1.5393019125088665,0.26952564145857116,-1.2695256414585712,-0.15364957236095256,0.28034784977130167
1.5394851459107461,0.2694710847280357,-1.2694710847280357,-0.15368594351464293,0.2802922339452574
1.5401028758701414,0.26928678767308,-1.26928678767308,-0.15380880821794674,0.2801043392716809
1.5401628387296458,0.2692688610452232,-1.2692688610452232,-0.1538207593031845,0.2800860607769209
1.5403461342550722,0.2692139396031541,-1.2692139396031543,-0.1538573735978973,0.28003005522360636
1.540964073649949,0.2690284132752574,-1.2690284132752574,-0.15398105781649496,0.27984084691212185
1.5410240568392921,0.26901036733977524,-1.269010367339775,-0.15399308844014992,0.2798224408972425
1.541207414509327,0.2689550826842879,-1.268955082684288,-0.1540299448771414,0.2797660471679435
1.5418060200668897,0.2687742542683105,-1.2687742542683107,-0.1541504971544596,0.2795815730631821
1.541825563410693,0.2687683403148735,-1.2687683403148735,-0.15415443979008436,0.27957553931422563
1.541885566936767,0.2687501604639586,-1.2687501604639588,-0.15416655969069415,0.2795569901938919
1.5420689867724806,0.26869450965879227,-1.2686945096587923,-0.15420366022747178,0.2795002051729354
1.5426873452513665,0.2685065249582339,-1.268506524958234,-0.1543289833611775,0.2793083696702481
1.542747369121067,0.2684882404252369,-1.268488240425237,-0.15434117304984207,0.27928970869092384
1.5429308511435353,0.2684322249688138,-1.2684322249688138,-0.1543785166874574,0.2792325339760009
1.5435494192709969,0.2682430111363707,-1.268243011136371,-0.1545046592424194,0.279039384951157
1.5436094634912207,0.2682246073061414,-1.2682246073061414,-0.15451692846257248,0.27902059647465416
1.5437930077215278,0.26816822722475897,-1.2681682272247587,-0.15455451518349406,0.2789630320810985
1.5444117855686441,0.2679777842976243,-1.2679777842976243,-0.15468147713491698,0.27876856955932494
1.544471850146291,0.2679592611950905,-1.2679592611950905,-0.15469382586993963,0.2787496536186511
1.544655456605528,0.2679025164735649,-1.2679025164735649,-0.15473165568429015,0.27869169955213047
1.5452744442434023,0.2677108445313241,-1.267710844531324,-0.1548594369791172,0.2784959235998874
1.5453345291853746,0.26769220213705913,-1.267692202137059,-0.15487186524196073,0.27847688018035677
1.5455181978946397,0.26763511650760563,-1.2676351165076056,-0.15490992232826295,0.27841856177535274
1.545819397993311,0.2675413552425814,-1.2675413552425814,-0.15497242983827908,0.2783227684103402
1.5461373953943995,0.2674421992154947,-1.267442199215495,-0.15503853385633692,0.2782214549584081
1.5461975007076014,0.26742343019385806,-1.2674234301938583,-0.15505104653742796,0.27820227621371774
1.5463812316879997,0.26736595622855686,-1.2673659562285569,-0.1550893625142955,0.27814354282993925
1.5470006391207969,0.26717182635107806,-1.2671718263510783,-0.15521878243261455,0.2779451401356823
1.5470607648121348,0.2671529454045014,-1.2671529454045016,-0.15523136973033236,0.2779258417818029
1.547244558084779,0.26709510686820126,-1.2670951068682015,-0.1552699287545326,0.27786671876439817
1.5478641755217892,0.2668997480755624,-1.2668997480755622,-0.15540016794962508,0.27766700276004386
1.5479243215981724,0.2668807478732751,-1.266880747873275,-0.15541283475114998,0.27764757694794695
1.5481081771841816,0.26681707902175233,-1.2668170790217523,-0.15545528065216518,0.277619138964047
1.5487280046966054,0.3771629644281107,-1.3771629644281107,-0.08189135704792605,0.3383994250181006
1.548788171164945,0.43292621881892557,-1.4329262188189258,-0.044715854120716214,0.4069402492902867
1.5489720890854461,2217.5860849645514,-2218.5860849645514,1478.0573899763676,1500.3862269171138
1.549592126744507,3496.233213478127,-3497.233213478127,2330.488808985418,4060.705176237172
1.549652313611717,3350.631305826547,-3351.6313058265464,2233.420870551031,3941.4430404481477
1.5498327759197323,3004.627120476765,-3005.6271204767645,2002.7514136511766,3526.846002344979
1.5498362938878443,2997.8804140874727,-2998.8804140874727,1998.2536093916485,3518.2698597379863
1.5504565417647904,2083.0248268620157,-2084.0248268620157,1388.349884574677,2348.4728857723235
1.5505167490377867,2018.6029045204145,-2019.6029045204143,1345.4019363469433,2267.8245674493755
1.550700791690681,1827.2615664978732,-1828.2615664978732,1217.8410443319153,2027.7473152653588
1.5513212498567852,1364.4877003567235,-1365.4877003567237,909.3251335711489,1466.2630110222426
1.551381477542486,1329.7647786690238,-1330.7647786690238,886.1765191126826,1425.1785203817035
1.5515655825932955,1226.8412889231668,-1227.8412889231665,817.5608592821112,1303.6504422324542
1.552186251119854,960.9183993369559,-961.918399336956,640.278932891304,996.4143687410875
1.55224649922518,939.9349919644791,-940.9349919644793,626.2899946429861,972.5655976784906
1.5524306666950605,877.679418703184,-878.679418703184,584.786279135456,902.0532932274436
1.553051545653394,708.7803500553142,-709.7803500553142,472.1869000368761,713.4053377006728
1.553111814185269,694.9637262518842,-695.963726251884,462.97581750125613,698.1450104488238
1.5532960440953825,654.0514952207988,-655.0514952207986,435.7009968138658,653.172985668017
1.5538461538461539,550.6565091845534,-551.6565091845533,366.7710061230356,540.5166486094838
1.553917133556836,538.9951374779415,-539.9951374779415,358.99675831862766,527.9043107889108
1.5539774225221845,529.2392368175255,-530.2392368175255,352.4928245450171,517.389868183061
1.5541617148937013,500.6558458312822,-501.6558458312822,333.43723055418815,486.73469828127617
1.5547830149296438,418.24267299292154,-419.2426729929216,278.49511532861436,398.97567944320434
1.554843324335394,411.1965009149267,-412.1965009149267,273.79766727661774,391.5266194603966
1.5550276791894908,390.40427084077857,-391.4042708407785,259.936180560519,369.72896711825894
1.5556491898713158,329.28560583377896,-330.2856058337789,219.19040388918594,306.05966671669626
1.555709519724398,323.98845210647016,-324.98845210647016,215.65896807098008,300.5821940824177
1.5558939370822586,308.4093410451157,-309.40934104511575,205.27289403007717,284.64373719645926
1.5565156584813833,261.94721186105096,-262.94721186105096,174.29814124070063,237.4461545240568
1.55657600878873,257.88064881265996,-258.88064881266,171.58709920843995,233.35244750574316
1.556760488671546,245.91743873643603,-246.91743873643605,163.61162582429068,221.41312836802308
1.556834535674693,241.3109995043144,-242.3109995043144,160.54066633620957,216.85501458266856
1.5573824208594125,210.06159258747672,-211.06159258747672,139.70772839165116,186.22123227457664
1.5574427916279578,206.90083194061182,-207.90083194061188,137.60055462707456,183.15561171996515
1.557627334056928,197.6294623001986,-198.62946230019864,131.41964153346575,174.27935208375686
1.5578595317725754,186.65050500684362,-187.65050500684364,124.10033667122907,163.89925734334608
1.558249477105002,169.68116384376134,-170.68116384376134,112.78744256250758,148.0917830503055
1.5583098683416838,167.2165628101877,-168.2165628101877,111.14437520679179,145.83251362812916
1.5584944733380135,160.04603175765953,-161.04603175765953,106.364021171773,139.41034892143273
1.559116827317785,138.21584132045268,-139.21584132045268,91.8105608803018,120.34852504983536
1.5591772390295426,136.28599595441952,-137.28599595441955,90.52399730294634,118.71668620981816
1.5593619066144448,130.73827731439587,-131.73827731439587,86.82551820959725,114.21907447729421
1.5599844715974283,113.8677369124659,-114.86773691246592,75.57849127497728,101.14546079039621
1.5600449037912039,112.38291373886635,-113.38291373886635,74.58860915924424,100.05919266398173
1.5602296339858985,108.13944246014348,-109.1394424601435,71.75962830676232,97.15468977651686
1.5606873817950748,98.54964963799131,-99.54964963799132,65.3664330919942,91.06981496867391
1.560852410043633,95.40199117754884,-96.40199117754884,63.26799411836588,89.2542901430231
1.56091286272637,94.31475631872179,-95.31475631872179,62.543170879147866,88.68041358409862
1.5610976555520844,91.21993897560027,-92.21993897560029,60.47995931706685,87.24628990362174
1.5617206427561323,82.02773916612067,-83.02773916612067,54.35182611074712,83.92369254976862
1.561781115934778,81.24082715025395,-82.24082715025395,53.82721810016929,83.73365214099233
1.5618729096989967,80.12761027968293,-81.12761027968293,53.085073519788615,83.56348573865533
1.561965971412747,79.08495892586396,-80.08495892586396,52.389972617242634,83.51401909146543
1.5625891698346952,73.06757146152415,-74.06757146152415,48.37838097434943,84.3763070110213
1.5626496635161984,72.57599948413403,-73.57599948413403,48.050666322756015,84.5764031302312
1.5628345816676634,71.33451127064629,-72.33451127064627,47.22300751376419,85.56832366441316
1.5634579913791238,68.09020426064478,-69.09020426064478,45.0601361737632,90.03452322033095
1.5635185055704357,67.86222070285376,-68.86222070285376,44.908147135235836,90.57469746682149
1.5637034864166452,67.41324245976219,-68.41324245976219,44.60882830650812,92.57925181024632
1.5643271074892535,66.73638411223999,-67.73638411223999,44.15758940816,100.2446387038046
1.5643876421973277,66.74915094331146,-67.74915094331145,44.1661006288743,101.07608641091888
1.5645726857595381,67.02353570920542,-68.02353570920542,44.34902380613694,102.23452934677927
1.5651965182649543,68.6893881366628,-69.6893881366628,45.45959209110853,99.44807060211602
1.565257073496747,68.9213837238674,-69.9213837238674,45.61425581591159,99.03776693652168
1.5654421797962215,69.82885641901449,-70.82885641901449,46.21923761267632,97.79567052654829
1.565886287625418,72.41103248755134,-73.41103248755134,47.94068832503422,94.89688531675071
1.5660662238061298,73.6142112600912,-74.6142112600912,48.74280750672747,93.75393916350149
1.5661267995685995,74.06143895623693,-75.06143895623691,49.040959304157944,93.3729717906364
1.5663119686266085,75.57777610329946,-76.57777610329947,50.05185073553297,92.22014770932898
1.5669362242127174,81.21737798466967,-82.2173779846697,53.81158532311312,88.46566231284197
1.5669968205128244,81.81603482337258,-82.81603482337256,54.210689882248374,88.11163141415858
1.5671820523506457,83.36050048951817,-84.36050048951817,55.24033365967878,87.04009584663422
1.5678065195846882,84.31893288177793,-85.31893288177794,55.87928858785195,83.54691947153567
1.567867136429396,84.0706247512889,-85.0706247512889,55.713749834192605,83.21729348071598
1.5680524310683142,83.11842044345101,-84.11842044345101,55.07894696230068,82.21981236187354
1.5686771100220476,80.0074928722115,-81.0074928722115,53.00499524814099,78.96507066759489
1.5687377474183215,79.71337335949109,-80.7133733594911,52.80891557299406,78.65774040064902
1.568923104879629,78.82239252155206,-79.82239252155205,52.21492834770137,77.72804969133513
1.5697940738846388,74.79882515801921,-75.79882515801923,49.53255010534615,73.53636178617353
1.5698996655518396,74.32861012194749,-75.32861012194748,49.219073414631666,73.04751594601736
1.570665338183426,71.0323136402225,-72.0323136402225,47.021542426815,69.63530772550806
1.5739130434782609,58.93938642973905,-59.939386429739045,38.95959095315937,57.22152463020397
1.5779264214046824,47.211995916293475,-48.211995916293475,31.14133061086232,45.32145743456148
1.5798700470878173,42.531440762472435,-43.531440762472435,28.020960508314957,40.63231748768746
1.5814542138721808,39.12978175142574,-40.12978175142574,25.75318783428383,37.257867420491856
1.5819397993311037,38.167099224650116,-39.167099224650116,25.111399483100076,36.31197160129326
1.585953177257525,31.269558630266154,-32.269558630266154,20.513039086844103,29.622719205512638
1.5899665551839466,25.791785937436874,-26.79178593743687,16.861190624957917,24.413534321249315
1.5939799331103681,21.493581529846548,-22.493581529846548,13.9957210198977,20.444906969019545
1.5979933110367894,18.075994272574327,-19.075994272574327,11.717329515049551,17.391514595875922
1.599790262437095,16.79740871416601,-17.79740871416601,10.864939142777342,16.285711309502236
1.6017546105938998,15.557528420558345,-16.55752842055834,10.038352280372228,15.239921582808265
1.6020066889632107,15.412754910094002,-16.412754910094,9.941836606729334,15.120566959458014
1.606020066889632,13.413280390698052,-14.41328039069805,8.6088535937987,13.526131290981231
1.6100334448160536,11.80283171532356,-12.80283171532356,7.535221143549039,12.301310020423896
1.6140468227424751,10.54114605746203,-11.541146057462027,6.694097371641352,11.386521582216204
1.6180602006688964,9.534271306965328,-10.53427130696533,6.022847537976886,10.654158805046473
1.6220735785953178,8.686428883322508,-9.686428883322506,5.457619255548337,9.990009283098468
1.6224433802786473,8.614790219181732,-9.614790219181732,5.409860146121156,9.899105830779135
1.6258223899619346,7.9850081614603035,-8.985008161460303,4.990005440973536,8.547399912708343
1.626086956521739,7.93568508668805,-8.935685086688052,4.957123391125367,8.423476919486765
1.6301003344481606,7.127899939563909,-8.127899939563907,4.4185999597092716,6.6488044231220655
1.6341137123745821,5.935950657981778,-6.9359506579817785,3.623967105321185,5.073550121216049
1.6381270903010035,4.383896557393513,-5.383896557393511,2.5892643715956747,3.6720285560942614
1.6394902621516638,3.868848617391013,-4.868848617391013,2.245899078260675,3.2344928731967286
1.6421404682274248,2.950222236388817,-3.950222236388817,1.6334814909258784,2.4394441506766382
1.646153846153846,1.672777583707298,-2.6727775837072976,0.7818517224715318,1.3098037595186431
1.6474638696009283,1.286443310651026,-2.2864433106510256,0.5242955404340173,0.9601174005357824
1.6501672240802676,0.5401737553999411,-1.540173755399941,0.026782503599960705,0.2675450531224124
1.6541806020066891,-0.4986280199801608,-0.5013719800198391,-0.6657520133201072,-0.7272668027831587
1.6581939799331105,-1.4792551193665693,0.4792551193665693,-1.3195034129110461,-1.7044898144200498
1.6622073578595318,-2.4280182367158196,1.4280182367158196,-1.9520121578105465,-2.6896983147842013
1.6657192638560852,-3.253951982306701,2.253951982306701,-2.5026346548711342,-3.575908986490428
1.666220735785953,-3.373067274032267,2.373067274032267,-2.5820448493548445,-3.7068438546013085
1.6702341137123746,-4.3461446499433505,3.3461446499433505,-3.2307630999622337,-4.796353713543755
1.6709531343122266,-4.526019893930713,3.5260198939307137,-3.3506799292871423,-5.001053771606634
1.6742474916387962,-5.388163018017929,4.388163018017929,-3.9254420120119526,-5.998743152020187
1.6782608695652175,-6.522444065608351,5.522444065608351,-4.681629377072234,-7.33360396792829
1.6822742474916388,-7.785443532603359,6.785443532603359,-5.523629021735573,-8.842855154563964
1.6862876254180603,-9.21924219005673,8.219242190056733,-6.479494793371154,-10.574952980019365
1.6903010033444816,-10.866605972714343,9.866605972714341,-7.577737315142895,-12.579317108888803
1.693976177577473,-12.581322742533835,11.581322742533835,-8.720881828355889,-14.6765811985805
1.6943143812709032,-12.754856063389951,11.754856063389953,-8.836570708926637,-14.888992477054096
1.6983277591973245,-15.037610525354893,14.037610525354891,-10.358407016903262,-17.615961717693388
1.7023411371237458,-17.691107706340137,16.691107706340137,-12.127405137560093,-19.390672712231964
1.7063545150501673,-20.82941449509242,19.82941449509242,-14.219609663394944,-19.7021703929989
1.7097092913931182,-23.87869764713702,22.878697647137017,-16.25246509809135,-19.840008337928275
1.7103678929765889,-24.516830462267702,23.516830462267702,-16.677886974845137,-19.94860792915812
1.7143812709030102,-26.566166708898773,25.566166708898777,-18.04411113926585,-21.249317894400033
1.7168595533971838,-25.93768346498192,24.93768346498192,-17.62512230998795,-22.556639146017844
1.7183946488294315,-25.308834524524638,24.308834524524638,-17.205889683016423,-23.74033765144035
1.7224080267558528,-25.006407188019683,24.006407188019686,-17.00427145867979,-28.196134753977592
1.7264214046822743,-26.94786744842213,25.94786744842213,-18.298578298948083,-34.84255017634602
1.7304347826086959,-32.190602325767756,31.190602325767767,-21.793734883845175,-44.65862942226897
1.7344481605351172,-41.86938828139993,40.869388281399935,-28.24625885426662,-58.91562898271545
1.7384615384615385,-57.532743191959575,56.53274319195957,-38.68849546130638,-79.55158213673464
1.7413056429921783,-73.73705766666382,72.73705766666382,-49.491371777775875,-99.88589219292815
1.7424749163879598,-82.34528241931523,81.34528241931523,-55.23018827954349,-110.20029423206769
1.7464882943143814,-122.92262890077068,121.92262890077068,-82.28175260051378,-157.2236077408274
1.7505016722408029,-189.23402256178758,188.23402256178758,-126.48934837452505,-271.47961606829153
1.7544252477813052,-311.1177675402318,310.11776754023185,-207.7451783601546,-937.885067644863
1.7545150501672242,-317.6050098277947,316.60500982779473,-212.07000655186312,-969.171568195003
1.7585284280936455,-952.9809855271069,951.9809855271069,-635.6539903514046,-8035.6605876341155
1.7625418060200668,-1920.569818980185,1919.569818980185,-1280.7132126534566,0.2757281847919937
1.7635549789555718,0.2647951876298562,-1.2647951876298562,-0.15680320824676242,0.2746814250389198
1.7665551839464884,0.2638684155608193,-1.263868415560819,-0.15742105629278735,0.27371493388444224
1.77056856187291,0.2626056223123072,-1.2626056223123072,-0.15826291845846185,0.27239738623372256
1.7745819397993312,0.2613148207135578,-1.2613148207135576,-0.1591234528576282,0.27104986198393477
1.7785953177257525,0.2599947440783952,-1.2599947440783952,-0.16000350394773666,0.26967100734197547
1.7826086956521738,0.2586455266601828,-1.2586455266601826,-0.16090298222654464,0.26826096555324797
1.7866220735785954,0.2572688996514896,-1.2572688996514898,-0.1618207335656736,0.26682158679098644
1.7894666221801256,0.2562773169071353,-1.2562773169071355,-0.16248178872857644,0.2657844103000442
1.790635451505017,0.2558640839210171,-1.2558640839210171,-0.16275727738598855,0.2653520381411618
1.7946488294314382,0.25442436121087586,-1.2544243612108759,-0.1637170925260829,0.26384513801916687
1.7986622073578595,0.2529637051151412,-1.2529637051151412,-0.16469086325657256,0.26231582306288326
1.7998791123879343,0.25251453097876686,-1.252514530978767,-0.1649903126808221,0.26184538976755745
1.802675585284281,0.2514686243907651,-1.251468624390765,-0.16568758373948989,0.2607496712269719
1.8066889632107024,0.24994569160391444,-1.2499456916039147,-0.166702872264057,0.25915370822573736
1.810702341137124,0.24840112428990357,-1.2484011242899036,-0.16773258380673095,0.2575345811830365
1.811052971862483,0.24826445543263653,-1.2482644554326365,-0.16782369637824235,0.2573912773841165
1.8147157190635452,0.24681906024345546,-1.2468190602434552,-0.1687872931710298,0.2558753311616988
1.8187290969899665,0.2452130253202578,-1.2452130253202578,-0.16985798311982814,0.25419041883115834
1.822742474916388,0.24357962418428025,-1.2435796241842803,-0.17094691721047983,0.2524762138995178
1.8267558528428096,0.24191851144662335,-1.2419185114466236,-0.172054325702251,0.25073234682884404
1.830769230769231,0.24022981282783196,-1.240229812827832,-0.1731801247814453,0.2489589517778632
1.8347826086956522,0.23851408125541163,-1.2385140812554116,-0.17432394582972566,0.24715661975665548
1.838473723697508,0.23691608782658768,-1.236916087826588,-0.17538927478227495,0.24547756468974358
1.8387959866220736,0.23677504866172394,-1.2367750486617242,-0.1754833008921841,0.24532934145576357
1.842809364548495,0.23500042590393444,-1.2350004259039344,-0.17666638273071045,0.2434639745535918
1.8460830622652908,0.2335395191302314,-1.2335395191302314,-0.1776403205798457,0.24192810033586687
1.8468227424749166,0.23320596647229985,-1.2332059664722996,-0.17786268901846658,0.24157736578642708
1.850836120401338,0.23137688432079684,-1.231376884320797,-0.17908207711946866,0.23965370189190427
1.8548494983277592,0.22952527272626044,-1.2295252727262607,-0.18031648484915963,0.23770591602154534
1.8588628762541806,0.22765152609913542,-1.2276515260991356,-0.18156564926724295,0.23573443014313922
1.8593673260675647,0.2274136314860733,-1.2274136314860735,-0.18172424567595113,0.2354840831632128
1.862876254180602,0.225742654423011,-1.225742654423011,-0.1828382303846593,0.23372535031851416
1.8668896321070236,0.22381057095171086,-1.2238105709517109,-0.18412628603219272,0.23169141823159123
1.870903010033445,0.22185278053555568,-1.2218527805355557,-0.18543147964296303,0.22962996491607934
1.8749163879598663,0.21986874319070515,-1.2198687431907054,-0.18675417120619653,0.22754041253837554
1.8789297658862876,0.21785857675407305,-1.217858576754073,-0.1880942821639513,0.22542288686124268
1.882943143812709,0.21582239843347173,-1.2158223984334717,-0.18945173437768548,0.22327751297837328
1.8869565217391306,0.2137636973525796,-1.2137636973525794,-0.19082420176494708,0.22110802303686183
1.8883418127528075,0.21304655501530312,-1.213046555015303,-0.1913022966564646,0.2203521782532436
1.890969899665552,0.21167586566499708,-1.2116758656649969,-0.1922160895566687,0.2189073481746071
1.8930494754128735,0.21058437518578987,-1.2105843751857899,-0.19294374987613994,0.21775670418549486
1.8949832775919733,0.20956161000923546,-1.2095616100092352,-0.19362559332717644,0.216678383407241
1.8989966555183948,0.2074198886651386,-1.2074198886651388,-0.1950534075565742,0.21442001402668964
1.9030100334448161,0.20525538729517234,-1.2052553872951723,-0.19649640846988514,0.2121372523481604
1.9070234113712377,0.2030687584773836,-1.2030687584773836,-0.19795416101507768,0.20983079635401958
1.9085120726009372,0.20225077903405686,-1.2022507790340566,-0.19849948064396217,0.20896788234761998
1.911036789297659,0.20085241175350843,-1.2008524117535082,-0.19943172549766108,0.20749252542701746
1.9150501672240803,0.1986104044667636,-1.1986104044667636,-0.20092639702215753,0.20512677984860295
1.9190635451505018,0.19634529167666637,-1.1963452916766664,-0.20243647221555572,0.20273629281034267
1.9230769230769231,0.19405530534273074,-1.1940553053427307,-0.20396312977151276,0.20031917256513987
1.9270903010033447,0.19174055601172824,-1.1917405560117282,-0.20550629599218107,0.1978755371112788
1.931103678929766,0.1894011536472595,-1.1894011536472593,-0.20706589756849358,0.1954055038272997
1.9351170568561873,0.18703726264820264,-1.1870372626482026,-0.20864182490119831,0.1929092483314414
1.9390860157158272,0.18468029879877035,-1.1846802987987706,-0.210213134134153,0.19042001843445688
1.9391304347826088,0.18465376291197155,-1.1846537629119716,-0.21023082472535237,0.1903919911267209
1.9407909340934533,0.18365728612725585,-1.1836572861272556,-0.2108951425818295,0.18933944530029834
1.9431438127090304,0.18223816551679417,-1.182238165516794,-0.21184122298880392,0.18784037066152237
1.9471571906354517,0.17979919295294033,-1.1797991929529403,-0.2134672046980397,0.18526371845581746
1.951170568561873,0.17733815475172432,-1.177338154751724,-0.2151078968321838,0.18266343525313844
1.9551839464882943,0.1748539598003409,-1.174853959800341,-0.2167640267997729,0.1800383534638681
1.9585014836479626,0.17278506157717022,-1.1727850615771702,-0.21814329228188634,0.17785190014779184
1.9591973244147158,0.17234820405185003,-1.17234820405185,-0.21843453063209994,0.177390180215095
1.9632107023411374,0.1698114318980115,-1.1698114318980113,-0.22012571206799236,0.1747087994149461
1.9672240802675587,0.16725500631949464,-1.1672550063194946,-0.2218299957870037,0.1720063672468506
1.97123745819398,0.16467499611611602,-1.164674996116116,-0.22355000258925595,0.16927867776601202
1.9752508361204013,0.1620715050839301,-1.16207150508393,-0.22528566327737998,0.16652584178146745
1.9792642140468228,0.15944463647977325,-1.159444636479773,-0.2270369090134846,0.1637479695278914
1.9832775919732444,0.1567944930245897,-1.1567944930245897,-0.22880367131694013,0.16094517066863512
1.9872909698996657,0.15412353392495337,-1.1541235339249534,-0.23058431071669794,0.1581200756416421
1.9893202282038527,0.15276461785388662,-1.1527646178538868,-0.2314902547640756,0.15668262679433909
1.9907217247059321,0.1518221671806319,-1.151822167180632,-0.23211855521291203,0.1556856599718508
1.991304347826087,0.15142885353017244,-1.1514288535301724,-0.2323807643132183,0.1552695759264191
1.9953177257525083,0.14870543278800152,-1.1487054327880015,-0.23419637814133232,0.1523883025992514
1.9993311036789299,0.14596320653061667,-1.1459632065306167,-0.23602452897958903,0.14948688265458943
2.0033444816053514,0.14319821110039754,-1.1431982111003973,-0.23786785926640164,0.14656107598002244
2.0073578595317727,0.14041290569412723,-1.1404129056941272,-0.23972472953724855,0.1436135126939333
2.009350076694049,0.13902188612952893,-1.139021886129529,-0.24065207591364735,0.14214135154762353
2.011371237458194,0.1376026300228146,-1.1376026300228146,-0.2415982466514569,0.1406392079928922
2.0153846153846153,0.010417872049947263,-1.0104178720499473,-0.32638808530003505,0.13763839596268523
2.0193979933110366,-0.8027717454090375,-0.1972282545909625,-0.8685144969393583,0.1346161000358892
2.0234113712374584,-2.2217158880141583,1.221715888014158,-1.8144772586761055,0.049696731529695226
2.0274247491638797,-3.665941681489497,2.665941681489497,-2.7772944543263307,-0.6128911019981993
2.031438127090301,-5.08009850281303,4.080098502813029,-3.72006566854202,-1.8335329639105424
2.035451505016723,-6.481886153523057,5.481886153523057,-4.654590769015371,-3.1002102085979795
2.0386503587013447,-7.601802936459616,6.601802936459616,-5.401201957639744,-4.090463143793683
2.039464882943144,-7.887259781632825,6.887259781632826,-5.591506521088551,-4.3391051873786735
2.043264602260908,-9.231222331293589,8.231222331293589,-6.4874815541957265,-5.4926725113042245
2.0434782608695654,-9.30752752371248,8.307527523712478,-6.538351682474986,-5.557262613032599
2.0474916387959867,-10.759185268199786,9.759185268199786,-7.5061235121331915,-6.765831394409213
2.051505016722408,-12.263095040911486,11.263095040911486,-8.508730027274323,-7.985452797121956
2.0555183946488294,-13.83438450317734,12.834384503177338,-9.55625633545156,-9.222736951702357
2.0595317725752507,-15.491316295163976,14.491316295163978,-10.660877530109317,-10.489996448843968
2.061072618740687,-16.155190986828508,15.155190986828506,-11.103460657885671,-10.986524124737688
2.0635451505016724,-17.259695514463075,16.259695514463075,-11.839797009642048,-11.797201926976781
2.0675585284280937,-19.165778578647018,18.165778578647018,-13.110519052431346,-13.159002891469825
2.0715719063545155,-21.23895707405876,20.238957074058757,-14.492638049372504,-14.589741166087745
2.075585284280937,-23.519901771558562,22.51990177155856,-16.013267847705706,-16.105428563081308
2.079598662207358,-26.05784069501118,25.057840695011176,-17.70522713000745,-17.724819066491946
2.0836120401337794,-28.915708418017168,27.915708418017164,-19.610472278678113,-19.469954766897043
2.0876254180602007,-32.16003612540074,31.160036125400737,-21.773357416933823,-21.362721680194966
2.0887945410865996,-33.19735130613005,32.19735130613005,-22.464900870753368,-21.947641458146425
2.091638795986622,-35.93971593410594,34.93971593410595,-24.29314395607063,-23.44638806851971
2.0956521739130434,-40.35434171793047,39.35434171793047,-27.236227811953647,-25.746396438352136
2.0967305860878427,-41.67980720368036,40.67980720368036,-28.119871469120245,-26.40901233993125
2.0996655518394647,-45.67854885286893,44.67854885286893,-30.78569923524595,-28.329528937359523
2.1036789297658864,-52.18549919389182,51.18549919389183,-35.123666129261224,-31.24923768812283
2.1076923076923078,-60.33474581067043,59.33474581067043,-40.556497207113615,-34.586209975611354
2.1117056856187295,-70.81276745272247,69.81276745272247,-47.54184496848164,-38.44087771873732
2.1136841305939575,-77.20067866625698,76.20067866625699,-51.80045244417132,-40.57858234863703
2.115719063545151,-85.0167549654024,84.0167549654024,-57.01116997693494,-42.987629479188556
2.119732441471572,-105.38151429340041,104.38151429340041,-70.58767619560028,-48.44345887381033
2.1237458193979935,-136.46999878200174,135.46999878200174,-91.31333252133447,-55.074724040231544
2.1277591973244148,-189.9308788397945,188.93087883979447,-126.95391922652968,-63.343281098844884
2.131772575250836,-300.3898788674846,299.3898788674845,-200.59325257832302,-73.93754416459873
2.1357859531772574,-496.87041104919365,495.8704110491936,-331.5802740327957,-87.96907063335895
2.139766208944109,633.4647431508265,-634.4647431508265,421.9764954338842,-106.95993756607366
2.139799331103679,648.0089553892929,-649.0089553892927,431.6726369261952,-107.14907378748418
2.1438127090301005,479.4140388414603,-480.4140388414603,319.2760258943068,-135.42329350455066
2.1478260869565218,270.9354641843653,-271.9354641843653,180.29030945624353,-178.4517642746844
2.1511358938974694,189.48483875172448,-190.48483875172445,125.98989250114964,-233.5891819602876
2.1518394648829435,177.96518105597875,-178.96518105597875,118.31012070398583,-247.18532269431017
2.155852842809365,131.67371405952085,-132.67371405952085,87.44914270634725,-277.33715971267964
2.159866220735786,103.19811759268485,-104.19811759268487,68.46541172845657,4.739070082426523
2.1638795986622075,84.18670253852208,-85.18670253852208,55.7911350256814,295.30687757945213
2.167199891226738,72.60932842752759,-73.60932842752759,48.07288561835172,273.3054187637419
2.167892976588629,70.56161371084433,-71.56161371084434,46.70774247389622,258.3598457098728
2.17190635451505,60.496768973497886,-61.496768973497886,39.997845982331924,185.7221291116515
2.1759197324414714,52.574913145296264,-53.574913145296264,34.71660876353084,141.12236468480975
2.179933110367893,46.217433711348995,-47.217433711348995,30.47828914089933,111.9433155957348
2.1839464882943145,40.99080127787736,-41.99080127787737,26.993867518584906,91.83160935047556
2.1879598662207362,36.60398350733068,-37.60398350733068,24.06932233822046,77.25090386161364
2.191579017541029,33.18961906243451,-34.18961906243451,21.793079374956342,67.15313578231972
2.1919732441471576,32.84664313423093,-33.84664313423093,21.56442875615396,66.19602232297149
2.195986622073579,29.622477645788816,-30.622477645788813,19.41498509719254,57.674194740460926
2.2,26.782616787736096,-27.782616787736096,17.521744525157395,50.81283726656249
2.20649702832345,22.808989652059136,-23.808989652059132,14.872659768039421,42.121114959782446
2.2080808080808083,21.940596790350096,-22.940596790350092,14.29373119356673,40.35995566480192
2.2161616161616164,17.970769994310576,-18.970769994310576,11.647179996207049,32.89928677238712
2.221635442215889,15.604983450603182,-16.604983450603182,10.069988967068786,28.86116645812223
2.2242424242424246,14.554626252927525,-15.554626252927525,9.369750835285016,27.178713703168096
2.2323232323232327,11.521859629919271,-12.521859629919271,7.347906419946183,22.6715924260925
2.2404040404040404,8.725924062487959,-9.725924062487959,5.4839493749919725,18.924782275297535
2.244246847485416,7.446416885322968,-8.446416885322968,4.630944590215311,17.35006871956527
2.2484848484848485,6.045054417348304,-7.045054417348304,3.6967029448988686,15.738709770310116
2.2565656565656567,3.3725535470908055,-4.372553547090806,1.9150356980605365,12.9347473364899
2.2628307819280793,1.2647033404699788,-2.264703340469979,0.509802226979986,10.943999038252079
2.264646464646465,0.7921352239190982,-1.7921352239190982,0.19475681594606575,10.389012291653838
2.272727272727273,0.026370461325340155,-1.02637046132534,-0.3157530257831066,8.004963093148197
2.277006592255703,0.004656438640928684,-1.0046564386409285,-0.33022904090604754,6.784039943731677
2.280808080808081,0.007477870562081268,-1.0074778705620813,-0.3283480862919458,5.703373365045669
2.288888888888889,0.01365760023330731,-1.0136576002333073,-0.32422826651112846,3.395622611770494
2.2969696969696973,0.0200187052900207,-1.020018705290021,-0.3199875298066527,1.049228260201105
2.297783808444828,0.020676433455522725,-1.0206764334555227,-0.3195490443629848,0.8515646554818721
2.305050505050505,0.02669401219788181,-1.0266940121978818,-0.3155373252014122,0.09498942453787929
2.313131313131313,0.033573109827126135,-1.0335731098271261,-0.3109512601152493,0.027975513004252717
2.3201542422959314,0.039713665586248226,-1.039713665586248,-0.30685755627583455,0.03429139820315963
2.3212121212121213,0.040659694335033025,-1.040659694335033,-0.3062268704433113,0.035264725106655126
2.3292929292929294,0.048029326050300414,-1.0480293260503006,-0.301313782633133,0.04284897303391344
2.3333294217489255,0.05177994521804741,-1.0517799452180474,-0.2988133698546349,0.04670979609942272
2.3373737373737375,0.055617410406072265,-1.0556174104060723,-0.29625505972928523,0.05066103247780762
2.3454545454545457,0.06345200487414515,-1.0634520048741454,-0.2910319967505698,0.05873009762439585
2.3522042429262964,0.07013172733933004,-1.0701317273393303,-0.28657884844044657,0.06561154562183003
2.353535353535354,0.07147489361746184,-1.071474893617462,-0.28568340425502536,0.06699558374873105
2.361616161616162,0.07979013607447083,-1.0797901360744708,-0.28013990928368615,0.0755657743286362
2.3696969696969696,0.08829754419235591,-1.0882975441923557,-0.2744683038717628,0.08433640735251524
2.3777777777777778,0.09699246741190493,-1.0969924674119047,-0.26867168839206335,0.09330263799319072
2.378484797217,0.09776691913058011,-1.09776691913058,-0.26815538724627985,0.09410140615785578
2.385858585858586,0.10596837907027834,-1.1059683790702783,-0.26268774728648103,0.10256173733396601
2.3906202874766866,0.11133834120718,-1.11133834120718,-0.25910777252854655,0.10810206744798379
2.393939393939394,0.11514253849085154,-1.1151425384908513,-0.25657164100609886,0.11202759627659709
2.402020202020202,0.12455397457932005,-1.1245539745793203,-0.2502973502804533,0.12174082885277016
2.4075227301186715,0.13106115605032032,-1.1310611560503203,-0.24595922929978642,0.12845777477497378
2.4101010101010103,0.1341582509916457,-1.1341582509916457,-0.24389449933890295,0.13165518455855785
2.4181818181818184,0.14402334903342662,-1.1440233490334264,-0.23731776731104903,0.14184141559010022
2.4262626262626266,0.15407612670952053,-1.1540761267095208,-0.23061591552698624,0.1522233911238975
2.4343434343434343,0.16431980832883109,-1.1643198083288315,-0.22378679444744587,0.16280445961372947
2.4378401399608904,0.168820909784138,-1.1688209097841382,-0.220786060143908,0.1674544728431857
2.4424242424242424,0.17480071298261168,-1.1748007129826117,-0.21679952467825903,0.17363283523979023
2.4488958273486885,0.18333396432343596,-1.1833339643234357,-0.2111106904510427,0.1824503375947939
2.4505050505050505,0.18548146084772066,-1.1854814608477207,-0.20967902610151967,0.18466960235720764
2.4585858585858587,0.19640073350089393,-1.196400733500894,-0.202399510999404,0.19595503204324594
2.4637540897983676,0.2034650791695285,-1.2034650791695287,-0.1976899472203144,0.20325704786407384
2.466666666666667,0.20749850333835762,-1.2074985033383574,-0.19500099777442836,0.20742662283302638
2.474747474747475,0.21884100432865172,-1.2188410043286515,-0.18743933044756556,0.21915334051712398
2.482828282828283,0.23036232595992767,-1.2303623259599277,-0.17975844936004826,0.23106654819496164
2.490909090909091,0.24208358347825776,-1.2420835834782578,-0.1719442776811615,0.24318823007723123
2.498238274643685,0.25285903236425034,-1.2528590323642506,-0.1647606450904998,0.25433305118888794
2.4989898989898993,0.2539772976680612,-1.2539772976680612,-0.16401513488795927,0.2554897569134471
2.507070707070707,0.2661073632962576,-1.2661073632962576,-0.15592842446916155,0.26803768665924177
2.508172965235048,0.2677764341281852,-1.2677764341281852,-0.1548157105812098,0.269764375042999
2.515151515151515,0.2784549628915427,-1.2784549628915425,-0.14769669140563813,0.2808124243428476
2.5209133862995787,0.2873489437437178,-1.2873489437437178,-0.14176737083752122,0.2900148199279686
2.5232323232323233,0.2909670303584473,-1.2909670303584473,-0.13935531309436844,0.2937586733289266
2.5313131313131314,0.30371901238045096,-1.3037190123804507,-0.13085399174636614,0.30695505641851817
2.5393939393939395,0.3166365519522236,-1.3166365519522234,-0.12224229869851755,0.32032407943744223
2.5474747474747477,0.329747894568299,-1.3297478945682988,-0.11350140362113403,0.3338951777696144
2.555555555555556,0.3430312401661304,-1.3430312401661302,-0.10464583988924647,0.3476456181501595
2.559697521689081,0.34991344582858863,-1.3499134458285889,-0.10005770278094095,0.3547703804949711
2.5636363636363635,0.3565167455738183,-1.3565167455738183,-0.09565550295078795,0.36160684430787904
2.568468915881171,0.364675569325452,-1.3646755693254518,-0.09021628711636531,0.37005417864404233
2.5717171717171716,0.37020421399199366,-1.3702042139919937,-0.08653052400533767,0.3757786558858236
2.579015932549997,0.3827146029106254,-1.3827146029106256,-0.0781902647262499,0.3887328038523339
2.5797979797979798,0.38406578392965485,-1.384065783929655,-0.07728947738022995,0.39013199145049815
2.587878787878788,0.3981638055163734,-1.3981638055163734,-0.0678907963224179,0.40473190790560776
2.595959595959596,0.4124094169274808,-1.4124094169274808,-0.05839372204834592,0.41948568944470654
2.604040404040404,0.42683942005725206,-1.426839420057252,-0.048773719961831885,0.43443173309797056
2.6121212121212123,0.4414525148145332,-1.4414525148145334,-0.03903165679031129,0.44956868327391164
2.6202020202020204,0.45621530101322083,-1.4562153010132208,-0.029189799324519483,0.46486166058613465
2.6222365233854865,0.4599659673001619,-1.459965967300162,-0.026689355133225345,0.46874726526237587
2.6282828282828286,0.47118581473294796,-1.4711858147329477,-0.01920945684470121,0.48037126948767206
2.6298011899071123,0.4740201974984415,-1.4740201974984413,-0.017319868334372268,0.48330786578222074
2.6363636363636367,0.486341707284595,-1.4863417072845952,-0.009105528476936575,0.49607417986824687
2.63807729417313,0.48957816224437023,-1.48957816224437,-0.006947891837086662,0.49942759465584374
2.6444444444444444,0.5017009833251391,-1.501700983325139,0.0011339888834260847,0.5119892149398093
2.6525252525252525,0.5172196068748958,-1.517219606874896,0.011479737916597177,0.5280703654943446
2.6606060606060606,0.5329045444230336,-1.5329045444230338,0.02193636294868906,0.5443249079262427
2.6686868686868688,0.5487637681974311,-1.5487637681974311,0.03250917879828741,0.5607611756799473
2.676767676767677,0.5647960611998093,-1.5647960611998095,0.043197374133206345,0.5773778998309715
2.684848484848485,0.5809613877545219,-1.5809613877545219,0.05397425850301474,0.5941331982183047
2.685874249540741,0.5830293005011264,-1.5830293005011267,0.05535286700075104,0.5962766925531224
2.6921875988928536,0.5958235213067538,-1.5958235213067538,0.06388234753783584,0.6095389653937455
2.692929292929293,0.5973329724691923,-1.5973329724691925,0.06488864831279484,0.6111036745302494
2.698113293658322,0.6079345798583813,-1.6079345798583813,0.07195638657225412,0.6220937410295986
2.701010101010101,0.613890521559789,-1.6138905215597887,0.07592701437319271,0.6282681180248486
2.709090909090909,0.6306319307571508,-1.6306319307571508,0.08708795383810064,0.6456243420018726
2.717171717171717,0.6475116587936918,-1.6475116587936918,0.09834110586246125,0.6631246729287352
2.7252525252525253,0.6645573590328178,-1.664557359032818,0.10970490602187866,0.6807980604829984
2.7333333333333334,0.6817678819019615,-1.6817678819019612,0.12117858793464098,0.6986433060645305
2.7414141414141415,0.6991420870835459,-1.6991420870835454,0.13276139138903043,0.7166592207257589
2.7494949494949497,0.7166388064096603,-1.7166388064096603,0.14442587093977344,0.7348026514909176
2.7506300032361817,0.7191125219163728,-1.7191125219163728,0.14607501461091532,0.7373679088514125
2.7556462605509897,0.7300966646095048,-1.7300966646095046,0.15339777640633656,0.7487588983460087
2.757575757575758,0.7343323274882574,-1.734332327488257,0.1562215516588381,0.7531514735851501
2.759140014599586,0.7377819498446663,-1.7377819498446663,0.15852129989644403,0.7567290317759874
2.765656565656566,0.7522264131178145,-1.7522264131178145,0.16815094207854298,0.7717096699492378
2.773737373737374,0.7702532434562877,-1.7702532434562874,0.18016882897085829,0.79040612378466
2.7818181818181817,0.7884290471839202,-1.7884290471839204,0.1922860314559467,0.8092578539314437
2.78989898989899,0.8067029806874837,-1.8067029806874837,0.20446865379165602,0.8282119373100354
2.797979797979798,0.8248317730472003,-1.8248317730472003,0.2165545153648003,0.8470148659866092
2.806060606060606,0.8425973709322938,-1.842597370932294,0.22839824728819602,0.8654394232192337
2.8141414141414143,0.8599974654885865,-1.8599974654885867,0.23999831032572416,0.8834829380197333
2.8165234266818007,0.8650491096802304,-1.8650491096802302,0.24336607312015346,0.8887210247691608
2.8201956039883087,0.8727624259824707,-1.872762425982471,0.2485082839883137,0.8967187161412045
2.8211738060043845,0.8748042415991428,-1.874804241599143,0.2498694943994284,0.8988357392746213
2.8222222222222224,0.876979370806757,-1.8769793708067568,0.2513195805378381,0.9010909778789058
2.83030303030303,0.8935240985257651,-1.8935240985257653,0.2623493990171768,0.9182439438965813
2.8383838383838382,0.9097177420590479,-1.9097177420590479,0.2731451613726985,0.9350308284310236
2.8464646464646464,0.9255244178248592,-1.9255244178248592,0.2836829452165728,0.9514145673942811
2.8545454545454545,0.9409464973675576,-1.9409464973675574,0.29396433157837176,0.9673976315090524
2.8626262626262626,0.9559863341450296,-1.9559863341450294,0.30399088943002006,0.9829824726578735
2.8707070707070708,0.9706462637009372,-1.9706462637009372,0.31376417580062466,0.9981715240617204
2.878787878787879,0.9849462220345135,-1.9849462220345138,0.3232974813563425,1.0129854117409294
2.8835745071742727,0.9932526493102398,-1.99325264931024,0.3288350995401601,1.021589297916432
2.8842312866735105,0.9943802855455921,-1.994380285545592,0.3295868570303948,1.0227572582708873
2.8858543750578196,0.9971526289822255,-1.9971526289822257,0.3314350859881503,1.0256286842470366
2.886868686868687,0.9988734023395367,-1.998873402339537,0.33258226822635795,1.0274109190328553
2.894949494949495,1.0123696993196898,-2.01236969931969,0.34157979954646,1.041387995794119
2.9030303030303033,1.0255330030497194,-2.0255330030497194,0.35035533536647945,1.0550178533512673
2.911111111111111,1.0383278144431487,-2.0383278144431487,0.3588852096287656,1.068263813470422
2.919191919191919,1.0507563650586076,-2.0507563650586076,0.36717091003907165,1.0811282010500283
2.9272727272727272,1.0628208696896384,-2.0628208696896384,0.3752139131264254,1.0936133235237016
2.9353535353535354,1.0745235265212294,-2.0745235265212294,0.38301568434748634,1.105721471023763
2.9434343434343435,1.085883561899477,-2.085883561899477,0.3905890412663182,1.1174725541671364
2.9483293496532577,1.092596522835935,-2.0925965228359344,0.39506434855729,1.1244153162616324
2.9515151515151516,1.096894662464034,-2.096894662464034,0.3979297749760229,1.1288600616553097
2.951803583159652,1.0972806416641707,-2.0972806416641707,0.39818709444278033,1.1292591849785318
2.9526416418027503,1.0983945564130981,-2.098394556413098,0.39892970427539876,1.1304110083456158
2.9595959595959593,1.1074881809830113,-2.1074881809830113,0.40499212065534085,1.139812955384064
2.9676767676767675,1.1177590668865753,-2.117759066886576,0.41183937792438363,1.1504295173760832
2.9757575757575756,1.1276848869506026,-2.1276848869506026,0.4184565913004019,1.1606865476442851
2.9838383838383837,1.1372617081047522,-2.137261708104752,0.42484113873650164,1.170579989317817
2.991919191919192,1.14649161651736,-2.1464916165173595,0.4309944110115731,1.1801120158391099
3.0,1.1555076648674572,-2.155507664867457,0.4370051099116383,1.1894204941417224
