z,H_R,H_C1,H_C2
0.0,72.7990663485722,67.98718829988229,67.4
0.0006019681556711054,72.84936246343918,68.00608475726378,67.41909411392497
0.0012042986770026529,72.89965055427471,68.02500517523546,67.43821236543194
0.0018069917821272308,72.94941101094774,68.04395121195351,67.45735642035986
0.002410047689308736,72.99912414321554,68.06293387259709,67.47653733420631
0.0030134666169424544,73.04835337352569,68.08194058777279,67.4957424797116
0.003617248783555137,73.09749534838735,68.10097466930539,67.51497518385919
0.004221394407805083,73.146197821676,68.1200438678821,67.53424323240728
0.004825903708482215,73.19477252176917,68.1391372151971,67.55353560695235
0.005430776904508161,73.24295274394079,68.15825968828891,67.57285730710251
0.006036014214936335,73.29096413245885,68.17741576034423,67.59221282599397
0.006641615858952011,73.33862664504531,68.19659607560835,67.61159276548211
0.007247582055872405,73.38607876480954,68.21580728790433,67.63100380930382
0.007853913025146759,73.43322814404573,68.23505056985788,67.65044713504177
0.008460608986356415,73.48012511657073,68.25431818975527,67.66991497623769
0.009067670159214891,73.52676597248177,68.27361848979999,67.68941571228541
0.009675096763567972,73.57311199703462,68.2929493189453,67.70894718223398
0.010282889019393782,73.6192489725346,68.31230458103416,67.7285032627636
0.01089104714680286,73.66504832518835,68.3316943182714,67.74809404047677
0.011499571366038255,73.71068609519075,68.3511130327757,67.76771399286085
0.012108461897475584,73.75594312787281,68.37055627548796,67.78735865121084
0.012717718961623126,73.80108639841244,68.39003580026008,67.80703982091325
0.013327342779121905,73.84580553794858,68.40954273916392,67.82674859481808
0.013937333570745754,73.89045904531528,68.42907430180506,67.8464821703357
0.014547691557401413,73.93464479246956,68.4486439653525,67.86625408323486
0.015158416960128599,73.97880820736373,68.46823946856951,67.88605201860575
0.015769510000100087,74.022470230865,68.48786023637412,67.90587539891156
0.01638097089862179,74.06610436489773,68.50751984577893,67.92573785968497
0.01699279987713284,74.1092912931303,68.5272042540955,67.94562529732693
0.017604997157205673,74.1524008390996,68.54691571650403,67.96553997676367
0.018217562960546097,74.19511751802736,68.56666447641211,67.985492185109
0.018830497508993384,74.23770723962443,68.58643813148711,68.0054694666864
0.019443801024520348,74.27995854129487,68.6062406420891,68.02547579877464
0.02005747372923342,74.32203327212014,68.62607889476635,68.04551809695309
0.02067151584537273,74.36382409386897,68.64594213913078,68.06558556498932
0.021285927595312202,74.40538873644758,68.66583605241199,68.0856839041314
0.021900709201559607,74.44672400011518,68.68576414099597,68.10581663526267
0.022515860886756667,74.48778352491207,68.70571731805265,68.12597463313968
0.02313138287367912,74.52866817607162,68.72570298939466,68.14616533461923
0.023747275385236816,74.56922762050684,68.74572125789425,68.16638884268113
0.024363538644473784,74.60966662770427,68.76576471191746,68.18663771463913
0.024980172874568326,74.64973109516906,68.78584249759685,68.20692113462025
0.02559717829883308,74.6897294491748,68.80595129089197,68.2272357644484
0.026214555140715117,74.72930410804882,68.82608536702713,68.24757585558547
0.02683230362379602,74.76884834074043,68.84625562421499,68.26795235111209
0.02745042397179195,74.80795690379139,68.86645528805623,68.28835844839938
0.028068916408553746,74.84701654660645,68.88668033231953,68.30879010467102
0.028687781158066993,74.88569981083339,68.90694341908082,68.32926003366632
0.029307018444452115,74.9242802049417,68.92723430008903,68.34975794496263
0.029926628491964445,74.9625432397132,68.94755065936704,68.3702815131814
0.030546611524994313,75.00064978806363,68.96790693465987,68.39084523444699
0.03116696776806712,75.038497681396,68.98828938032582,68.41143530715871
0.03178769744584343,75.07613584773429,69.00869852482826,68.43205226195936
0.03240880078311904,75.11357370561387,69.0291472260502,68.45270900820911
0.033030278004825074,75.15074901350424,69.04962158473421,68.47339159059878
0.03365212933602805,75.18778195922135,69.07012448608528,68.49410290590602
0.03427435500192997,75.22449999107222,69.0906653509809,68.51485241229713
0.034896955227868405,75.26113316456677,69.11123197191242,68.53562785348291
0.035519930239316565,75.29739956066133,69.13182899140902,68.55643389040017
0.036143280261883404,75.33363103018877,69.15246236981064,68.57727650664326
0.03676700552131366,75.36945857541146,69.17312160308785,68.5981451565986
0.03739110624348797,75.4052444422712,69.19381310291809,68.61904627710564
0.03801558265442297,75.44068795978876,69.21453934552622,68.63998235376604
0.038640434980271324,75.47603402110485,69.23529154211565,68.66094456331915
0.03926566344732183,75.51109870801227,69.25607788535794,68.68194113027124
0.03989126828199952,75.54601081556456,69.27689734374096,68.70297101876854
0.040517249710865726,75.5807018824982,69.29774285547704,68.724027139602
0.041143607960618146,75.61518594176988,69.31862440609962,68.74511951672923
0.04177034325809096,75.64950861232192,69.33953743269325,68.76624356933684
0.042397455830254886,75.68357058155387,69.36047661227792,68.78739395398716
0.04302494590421728,75.71753009169808,69.38145373513802,68.80858250589371
0.043652813707222196,75.7511759809505,69.402460683245,68.82980107573832
0.04428105946665049,75.78477757847934,69.42349388424722,68.85104607759534
0.044909683410019906,75.81801344870085,69.44456694509037,68.87233116975871
0.04553868576498511,75.85121258835282,69.4656681688799,68.89364461081993
0.04616806675933785,75.884094354778,69.48679574573532,68.91498458412653
0.046797826621006976,75.91689026048422,69.50796511119464,68.93636658289677
0.04742796557805854,75.94943012893157,69.52916096570203,68.95777525000658
0.048058483858695905,75.98182900230499,69.55038500644976,68.97921228902985
0.048689381691259775,76.01403225925138,69.57164931130784,69.00068982245699
0.04932065930422834,76.04604034966435,69.59294015243402,69.0221940712993
0.049952316926217294,76.0779122907511,69.61426107855796,69.0437285974177
0.050584354785979974,76.1095358944354,69.63562062590444,69.06530196816344
0.0512167731124074,76.14108182397158,69.65700681041551,69.08690215527352
0.05184957213452841,76.17232728312776,69.67842499087546,69.10853453712605
0.052482752081509675,76.20353495945822,69.69988013807462,69.13020410231326
0.053116313182655826,76.2344262155208,69.72136202360136,69.15190058507731
0.05375025566740955,76.26526305214718,69.74287782824237,69.17363119217302
0.05438457976535162,76.29584444331743,69.76442893352264,69.19539730977495
0.05501928570620102,76.32631691152055,69.78600687856003,69.21719044642957
0.05565437371981503,76.35659376881854,69.80762067811163,69.23901964914684
0.05628984403618928,76.38670838283103,69.82926810056507,69.2608826779865
0.056925696885457865,76.41668604361847,69.85094246447184,69.2827728276182
0.0575619324978934,76.4464493597739,69.87265463054717,69.30470099720392
0.05819855110390713,76.47613316732142,69.89439873012904,69.32666129695366
0.05883555293404898,76.50555178321422,69.91616987312716,69.34864881949832
0.05947293821900769,76.53493300156634,69.9379807782223,69.37067632806706
0.06011070718961083,76.56402763993579,69.95982191575048,69.39273425924802
0.06074886007682495,76.59307194806483,69.98169019892464,69.41481951549034
0.06138739711175562,76.6218889614115,70.00360021641777,69.43694673602354
0.06202631852564754,76.65060307471038,70.02553875357232,69.45910266000507
0.0626656245498846,76.67914782259548,70.04750507608662,69.4812865506441
0.06330531541598998,76.70753849485425,70.0695140430201,69.50351331792331
0.06394539135562623,76.7358163407369,70.09155034234273,69.5257675969225
0.06458585260059534,76.76389036334984,70.11361636897033,69.5480517907978
0.06522669938283888,76.79190667421598,70.13572335851967,69.57037717317702
0.06586793193443798,76.8196708754008,70.1578577834132,69.59273017025819
0.06650955048761353,76.84739946112259,70.18002388984708,69.6151150426277
0.06715155527472617,76.87489226543103,70.20222926600887,69.6375394037542
0.06779394652827646,76.90231927048697,70.22446218073678,69.65999148282826
0.06843672448090485,76.9295668059772,70.24672874354945,69.68247740981415
0.0690798893653919,76.9566991655888,70.2690328711803,69.70500111418124
0.06972344141465826,76.98370680660351,70.2913646408661,69.72755264000519
0.07036738086176479,77.01055149014036,70.31373203750887,69.75013999859299
0.07101170793991267,77.03732461283892,70.33613528232485,69.77276341153949
0.07165642288244341,77.06388862309106,70.35856627295165,69.79541474971587
0.07230152592283905,77.09041859174584,70.38103488175364,69.81810391775367
0.07294701729472212,77.11672297760036,70.40353761032979,69.84082740546326
0.07359289723185584,77.1429808648166,70.42606818873969,69.86357892243961
0.0742391659681441,77.16906700003315,70.44863838890713,69.88637027863722
0.07488582373763161,77.1950599072434,70.47124096867688,69.90919420813796
0.07553287077450396,77.22093316897804,70.49387150257044,69.93204627120625
0.07618030731308775,77.24666822853315,70.51654367418577,69.95494019513424
0.07682813358785057,77.27233399428815,70.53924647344039,69.977864934298
0.07747634983340121,77.29781836878718,70.5619773313761,70.00081791159397
0.07812495628448965,77.3232711921357,70.58475185539719,70.02381478368297
0.07877395317600723,77.3485228977788,70.60755524328525,70.0468407012248
0.07942334074298661,77.3737339572971,70.63038795582347,70.06989612650877
0.08007311922060201,77.39879441405377,70.65326405293807,70.09299516326719
0.08072328884416918,77.42377096310273,70.67616839946491,70.1161226287448
0.08137384984914552,77.4486455440534,70.6991040684593,70.13928160559949
0.08202480247113017,77.47339486393076,70.72208138979245,70.16248245541433
0.0826761469458641,77.49808894126085,70.74508706581955,70.18571183922751
0.0833278835092302,77.52261834059219,70.76812607452794,70.20897475034474
0.08398001239725333,77.54711956616441,70.79120499152947,70.23227778419331
0.08463253384610046,77.57145409951407,70.81431236877391,70.2556094575833
0.08528544809208066,77.59574463430647,70.83745510132671,70.27897668651205
0.08593875537164535,77.61991487194588,70.86063598630152,70.30238227621255
0.08659245592138819,77.64400210801655,70.88384543733542,70.32581661126152
0.08724654997804533,77.66801341318883,70.90709227873484,70.34928854240705
0.08790103777849538,77.69190476781807,70.93037550484216,70.3727970606179
0.08855591955975958,77.71576250184793,70.95368740309212,70.39633443024832
0.08921119555900184,77.73946541699314,70.97703873921118,70.41991144887132
0.0898668660135288,77.76314439156506,71.00042468046409,70.44352326909062
0.09052293116079002,77.78669688087227,71.02383940021059,70.46716404706464
0.09117939123837793,77.81019693455299,71.04729561779237,70.49084653928031
0.09183624648402802,77.83361200614708,71.07078464905715,70.5145620358452
0.09249349713561887,77.85694065760885,71.09430256543392,70.53830659676416
0.09315114343117228,77.88022366020593,71.11786405209058,70.56209494954132
0.09380918560885329,77.90338845091024,71.14145654908617,70.58591449762743
0.09446762390697037,77.9265321824699,71.16507803807966,70.60976321693114
0.09512645856397539,77.94955322421056,71.18874518229157,70.63365781809131
0.09578568981846378,77.97254283448908,71.21244152158896,70.65758179371215
0.09644531790917459,77.99544790623513,71.23616877883374,70.6815368716066
0.0971053430749906,78.0182910085869,71.2599401511526,70.70553628589492
0.09776576555493835,78.04108544409998,71.28374071017427,70.72956506590126
0.09842658558818834,78.0637896729562,71.30757424129315,70.75362700765773
0.09908780341405497,78.08647625171932,71.3314501040004,70.77773149644229
0.09974941927199674,78.10905181319528,71.3553552610196,70.80186545852158
0.10041143340161626,78.13160946821002,71.37929545677714,70.8260346542068
0.10107384604266044,78.15409043178718,71.40327618872882,70.85024459574693
0.10173665743502044,78.17652686496477,71.42728632286916,70.87448411842267
0.10239986781873184,78.19891854760154,71.45133357489527,70.89876095895326
0.10306347743397476,78.2212414803983,71.47541955579709,70.92307673234373
0.10372748652107383,78.24354919541882,71.49953504703176,70.94742219497486
0.10439189532049843,78.26576636846276,71.52368974782078,70.97180707211629
0.10505670407286263,78.28797222238302,71.54788135822739,70.99622905728664
0.10572191301892536,78.31011459820968,71.57210258737864,71.02068084006697
0.10638752239959048,78.33222488681969,71.59636513028843,71.04517414643279
0.1070535324559069,78.35429925337415,71.6206627516029,71.06970272414672
0.10771994342906856,78.3763217798266,71.64499010034145,71.09426120810427
0.10838675556041466,78.39833343198147,71.66936087959247,71.11886333715509
0.10905396909142964,78.42027601730842,71.69376489406561,71.14349888900993
0.10972158426374333,78.44221181312854,71.71819874491001,71.16816445600637
0.11038960131913099,78.46410072878443,71.74267815558443,71.192875802049
0.11105802049951344,78.48596696692991,71.76718894631423,71.21761871047498
0.11172684204695713,78.50780905705443,71.79173020431992,71.24239226622386
0.11239606620367419,78.52961361768266,71.81631812067094,71.2672127013915
0.11306569321202262,78.55141376964633,71.84093607160194,71.29206334965123
0.11373572331450624,78.57316493793176,71.86558658813821,71.31694674848288
0.1144061567537749,78.59491393672141,71.89028193981173,71.34187519796873
0.11507699377262448,78.61663411265067,71.91500743573441,71.36683397015656
0.11574823461399708,78.63833989531527,71.93976760815316,71.39182760860858
0.11641987952098096,78.66003433898807,71.96457078051729,71.4168644570738
0.11709192873681076,78.68170485865313,71.98940420706741,71.44193173811514
0.11776438250486752,78.70337633879528,72.01427443357935,71.4670360135684
0.11843724106867884,78.7250220516934,72.03918581284687,71.49218164650462
0.11911050467191883,78.74666896877953,72.0641275565049,71.51735782215547
0.11978417355840834,78.76830471093297,72.08910823617853,71.5425731328332
0.12045824797211499,78.78993507238438,72.11412820940623,71.56782793656181
0.12113272815715324,78.8115660842337,72.13917865749671,71.59311339340799
0.12180761435778452,78.83318791277676,72.16427019025743,71.61844013837485
0.12248290681841728,78.85481652506567,72.18939914534549,71.64380450004656
0.12315860578360711,78.87644076418078,72.2145586860364,71.66919962550314
0.12383471149805679,78.89807171267573,72.23976147266562,71.69463820466432
0.12451122420661645,78.91970691176189,72.26499979835702,71.72011251225838
0.12518814415428356,78.9413482713749,72.29026882065916,71.74561769456916
0.12586547158620312,78.96299965153221,72.3155832627933,71.77116850866943
0.12654320674766764,78.98465951190408,72.34093134867315,71.79675315099314
0.12722134988411735,79.00633242033646,72.36631024243955,71.82236877922995
0.12789990124114017,79.02801875567582,72.39173674256918,71.84803222985283
0.12857886106447194,79.04972119770977,72.41719497906416,71.87372759654083
0.1292582295999963,79.0714393347364,72.44268532811925,71.89945525640235
0.12993800709374503,79.09317945058164,72.46822309645829,71.92523055016964
0.13061819379189793,79.11493630534605,72.49379187483596,71.95103703168336
0.13129878994078303,79.1367205359632,72.51939492112665,71.97687796609178
0.13197979578687663,79.15852622140848,72.54504351145981,72.00276465406556
0.13266121157680344,79.18035782143858,72.57072322382803,72.02868264169257
0.1333430375573365,79.20222052740333,72.5964393720979,72.05463725444568
0.1340252739753976,79.22410468520332,72.6221991771049,72.0806357284746
0.13470792107805699,79.2460326156977,72.64799021641117,72.10666561432807
0.13539097911253375,79.26798430306563,72.67381987225504,72.1327343100594
0.13607444832619572,79.28997588932187,72.69969128545455,72.15884496281703
0.1367583289665597,79.31200411459665,72.72559404548544,72.18498713983499
0.13744262128129148,79.334063762063,72.75153761534827,72.21117032401303
0.1381273255182059,79.35617677812871,72.77752103109734,72.23739354899718
0.13881244192526696,79.37831781280764,72.80353590647782,72.26364841094207
0.13949797075058804,79.40051573244904,72.82959379765397,72.28994648986921
0.14018391224243174,79.4227529907682,72.8556896111474,72.31628268140143
0.14087026664921018,79.44503442739594,72.88181699734025,72.3426506228594
0.14155703421948498,79.46737621079804,72.90798961797243,72.36906400367118
0.14224421520196748,79.48975051594269,72.93419822524218,72.39551355689606
0.1429318098455186,79.51220094815176,72.96043851854738,72.42199497327634
0.14361981839914914,79.53469132933935,72.98672627762576,72.44852406394051
0.1443082411120198,79.5572406895769,73.01304807554027,72.47508737482514
0.14499707823344124,79.57985549675819,73.03940167309432,72.50168266235953
0.14568633001287423,79.60250893353528,73.06580498045568,72.52832787167512
0.14637599669992968,79.62525653102875,73.0922403667193,72.55500533700842
0.1470660785443688,79.64804469414261,73.11870956538758,72.58171679530456
0.147756575796103,79.67090795706112,73.14522693282142,72.60847663034708
0.14844748870519436,79.693840612956,73.17177630597376,72.63526864773935
0.14913881752185534,79.71682331212021,73.1983617042239,72.66209687457182
0.14983056249644908,79.73990887411232,73.22499334359753,72.68897154590076
0.1505227238794893,79.76304004222574,73.25165710301292,72.71587851378293
0.15121530192164073,79.7862630422897,73.27835911291805,72.74282392014875
0.15190829687371887,79.8095584577407,73.30510542417181,72.76981382675052
0.1526017089866902,79.83291535084531,73.33188397005861,72.79683614437363
0.15329553851167227,79.85637934004292,73.35870300453551,72.82389914209837
0.15398978569993385,79.8798917501125,73.38556438844314,72.8510046837788
0.15468445080289495,79.9035049272465,73.41245812184316,72.87814275121346
0.15537953407212687,79.92718744223602,73.43939459465135,72.90532375295025
0.15607503575935242,79.95093644049646,73.4663714528194,72.93254533033411
0.15677095611644587,79.97478984772955,73.49338077560728,72.95979954846982
0.1574672953954332,79.99869269305431,73.52043510134808,72.98709896769851
0.158164053848492,80.02270019253788,73.54752783621528,73.01443698222884
0.15886123172795175,80.04677515494002,73.5746531510979,73.04180775277348
0.15955882928629375,80.07091970545068,73.60182574521357,73.06922600379984
0.16025684677615137,80.09516757769188,73.62903476005025,73.09668085773744
0.16095528445031,80.11946591608881,73.6562764705662,73.12416858321669
0.16165414256170718,80.14387119499993,73.68356774933903,73.15170608117143
0.16235342136343273,80.16834367749482,73.71089344824651,73.17927817759427
0.16305312110872888,80.19288724346089,73.7382524566261,73.20688376003622
0.16375324205099023,80.21753466835065,73.7656623393168,73.23454042218906
0.16445378444376393,80.24223359835118,73.79310512722678,73.2622301649917
0.16515474854074977,80.26704013025504,73.8205834821653,73.28995565467704
0.1658561345958003,80.29191524646929,73.84811074323834,73.31773025168508
0.16655794286292078,80.31686130777567,73.87567102591235,73.34553804557818
0.16726017359626943,80.3419134141351,73.90326914591428,73.37338385982204
0.16796282705015753,80.3670180755062,73.93091419169217,73.40127679694646
0.1686659034790493,80.39222935102113,73.95859237572097,73.4292030474561
0.1693694031375623,80.41751225605566,73.9863106801279,73.45716960439583
0.17007332628046726,80.44286430983148,74.01407391776185,73.4851812877128
0.17077767316268827,80.46832626819673,74.04187041056487,73.51322640118005
0.17148244403930288,80.49384184248312,74.06970931955478,73.54131411977455
0.1721876391655423,80.51946136984233,74.09759115702393,73.56944495617454
0.17289325879679127,80.54515726082087,74.12550636684858,73.59760933975483
0.17359930318858827,80.57091882200022,74.15346630143488,73.62581863978365
0.17430577259662555,80.59679584517724,74.18146714754589,73.65406903697088
0.1750126672767495,80.6227275562641,74.20950148346716,73.6823530986335
0.17571998748496026,80.64875886187369,74.23758286549788,73.71068440069597
0.17642773347741225,80.67487297851171,74.26570312988419,73.73905476718802
0.17713590551041397,80.70104758039032,74.29385700180393,73.76745891571562
0.17784450384042833,80.72734492402992,74.32206025396086,73.79591264123009
0.17855352872407249,80.75369803872543,74.35030034708227,73.82440338635722
0.1792629804181182,80.78014466771852,74.37857416572878,73.85292803134521
0.1799728591794917,80.8066822929118,74.40689971152659,73.88150460254829
0.18068316526527392,80.8332763211085,74.43526004466862,73.91011613645298
0.1813938989327006,80.85999645089262,74.46365543906991,73.93876290742574
0.18210506043916222,80.88677627952998,74.49210248538134,73.96746152825482
0.18281665004220427,80.91364179631732,74.52058347065473,73.99619426189125
0.18352866799952722,80.94060825674991,74.54910183252332,74.0249645506
0.18424111456898679,80.96763222167687,74.5776698251931,74.05378466439396
0.18495399000859378,80.99477354201173,74.6062718755332,74.08263900952753
0.18566729457651437,81.02198543907006,74.63491363059048,74.11153324037863
0.18638102853107014,81.04927342788719,74.66360298310961,74.14047525944832
0.18709519213073816,81.07667409465803,74.69232651227588,74.16945162865511
0.18780978563415116,81.10413337879692,74.72109208707344,74.1984702268707
0.18852480930009746,81.13169948671539,74.74990321375644,74.22753456433716
0.18924026338752115,81.15934885145914,74.77874863633193,74.25663337100343
0.18995614815552236,81.18706291691039,74.80763845825076,74.28577676262051
0.19067246386335707,81.21490320617838,74.83657177423514,74.3149638324144
0.19138921077043725,81.24280323717512,74.8655395056259,74.34418549073615
0.1921063891363312,81.27079775043553,74.89455400287567,74.37345410260603
0.19282399922076332,81.29889002757187,74.92360992412135,74.40276431946718
0.19354204128361446,81.32704270435737,74.95270038055598,74.4321092444496
0.1942605155849219,81.35531916881794,74.98183998217414,74.46150350423696
0.1949794223848794,81.38366542015237,75.01101892546298,74.49093728371388
0.1956987619438373,81.41209197777725,75.04023252399203,74.52040589117097
0.19641853452230287,81.44063265813101,75.06949765984305,74.54992622735324
0.19713874038094,81.4692348813785,75.09880004277838,74.5794839858027
0.19785937978056956,81.4979457411502,75.12813720127393,74.60907669235677
0.19858045298216936,81.52674373282285,75.15752830204849,74.63872353422337
0.1993019602468745,81.5556059956348,75.18695454305451,74.66840568880986
0.20002390183597707,81.58460061684072,75.21641765198287,74.69812488572437
0.2007462780109265,81.61365793596447,75.24593317742395,74.72789668954269
0.2014690890333297,81.64280686596243,75.2754836957453,74.75770365823807
0.20219233516495091,81.67206216519834,75.30507345528342,74.7875500445567
0.2029160166677121,81.70138083950269,75.33471355706848,74.8174469604319
0.2036401338036928,81.73081796356492,75.36438877276973,74.84737916201489
0.20436468683513034,81.76033597562623,75.39410561580078,74.87735316918376
0.20508967602441988,81.78992667344826,75.42387071454505,74.90737561643537
0.2058151016341146,81.81964489541737,75.45367104851023,74.93743347049119
0.20654096392692564,81.8494276668408,75.48351540874121,74.96753553076617
0.2072672631657224,81.87930894755026,75.51340592587877,74.99768392951972
0.20799399961353235,81.90929329798897,75.5433317998109,75.02786785643956
0.20872117353354147,81.93934288713555,75.5733041117719,75.05809840288569
0.20944878518909407,81.96951629299808,75.60332046955537,75.08837317407225
0.210176834843693,81.99976883750902,75.633372305976,75.11868359505297
0.21090532276099974,82.03009801069277,75.66347300501943,75.14904306154362
0.21163424920483453,82.06055439407461,75.69361562651932,75.1794446268994
0.2123636144391763,82.09107721023753,75.72379384876804,75.20988196394312
0.213093418728163,82.12170092213438,75.75402337106796,75.24037078515954
0.21382366233609157,82.15242896527924,75.78429268017237,75.27089956722543
0.21455434552741795,82.1832241427398,75.81459771240641,75.30146424313904
0.21528546856675743,82.21414395162725,75.8449564949578,75.33208285456959
0.21601703171888448,82.24514575160461,75.87535291637192,75.36273927669095
0.21674903524873293,82.27622354503454,75.90578564881307,75.39343218069546
0.2174814794213962,82.30743286271128,75.93627366418376,75.42418055302534
0.21821436450212722,82.3387105288176,75.96679762342947,75.45496503935146
0.21894769075633863,82.3700868584802,75.9973603122494,75.48578842757057
0.21968145844960277,82.40157344989127,76.02797616869361,75.51666516619233
0.2204156678476519,82.43312910374459,76.05862809210906,75.54757814167615
0.2211503192163783,82.46480554454847,76.08932117648413,75.57853245174499
0.22188541282183416,82.49657153892416,76.1200653008866,75.60953798214868
0.22262094893023196,82.52840820596471,76.15084561562573,75.64057987254641
0.2233569278079443,82.56038544804888,76.18166953555108,75.67166554290534
0.22409334972150435,82.5924329871101,76.21254235561189,75.70280029138394
0.22483021493760547,82.6245722311542,76.24345148964414,75.73397152325477
0.2255675237231017,82.65683244552969,76.27440668593306,75.76518899314878
0.22630527634500772,82.68916368358788,76.30540863016726,75.7964533867977
0.22704347307049885,82.72160709678973,76.3364470122771,75.82775438750336
0.22778211416691135,82.75415244557477,76.36753392656026,75.85910409698155
0.2285211999017424,82.78676954963399,76.39866542429749,75.89049856369843
0.22926073054265012,82.81951873102473,76.4298334840841,75.921929761403
0.23000070635745376,82.85235138910501,76.46105255880909,75.95341215131795
0.23074112761413393,82.88526395809113,76.4923140401932,75.98493711980232
0.23148199458083238,82.91831309454938,76.52361220806999,76.01649894347187
0.2322233075258524,82.95143524968303,76.5549638865006,76.04811445547915
0.23296506671765865,82.98465609125132,76.5863557824893,76.07977035523213
0.2337072724248776,83.01799618089741,76.6177844896837,76.1114632346344
0.23444992491629724,83.05141003382231,76.64926921589932,76.143212311192
0.23519302446086743,83.0849407651006,76.68079195826384,76.17499957251597
0.23593657132769996,83.11857401675675,76.71235287020183,76.20682517219734
0.23668056578606855,83.15228178129976,76.74396985571188,76.23870702258797
0.2374250081054091,83.18612402662858,76.77562387703655,76.2706260765864
0.23816989855531961,83.22005266228415,76.80731854464678,76.30258594640352
0.23891523740556045,83.25406150754773,76.8390671170858,76.33459989620225
0.2396610249260543,83.28821195649986,76.87085285076787,76.36665117477935
0.2404072613868864,83.32243821142332,76.90268172030042,76.39874575932782
0.2411539470583045,83.3567611154634,76.93456231360825,76.43089224097253
0.2419010822107191,83.3912106693737,76.96648019385748,76.46307617683304
0.24264866711470343,83.42573679222696,76.9984437123763,76.4953059215095
0.24339670204099362,83.46037539832444,77.0304567613049,76.52758536823818
0.24414518726048878,83.49512631422796,77.06250722314323,76.55990239488715
0.24489412304425107,83.5299545671824,77.09460583852558,76.59226774588862
0.2456435096635058,83.56491052616391,77.12675177863875,76.62468059173928
0.2463933473896416,83.59996507468634,77.15893525790008,76.65713114348183
0.2471436364942105,83.6350977335409,77.191169418836,76.68963254780549
0.24789437724892788,83.67037270387277,77.22344868650906,76.72217922761585
0.24864556992567277,83.70573316934941,77.255765619839,76.75476373955699
0.2493972147964878,83.74117893349086,77.28813577583071,76.78740164499949
0.2501493121335795,83.7767681715327,77.32054880825028,76.82008259440684
0.25090186220931804,83.81243685212924,77.35299963310578,76.85280150245123
0.2516548652962377,83.84820422660619,77.38550623446734,76.88557635760853
0.25240832166703686,83.88410320475215,77.41805346963106,76.91839201304951
0.2531622315945779,83.92008241258739,77.4506386242802,76.95124575390129
0.2539165953518876,83.95617307588054,77.48328212213691,76.98415800816811
0.25467141321215697,83.99238411500629,77.5159639988532,77.01710880687857
0.25542668544874153,84.02867617627658,77.5486859587275,77.050099854772
0.25618241233516137,84.06509181483635,77.58146476866298,77.08314792161072
0.2569385941451013,84.10161724998018,77.6142817265508,77.11623430162554
0.25769523115241066,84.13822450508577,77.64714130252987,77.14936346576954
0.25845232363110376,84.17496681342554,77.68005550630065,77.18254742526517
0.25920987185536004,84.21180899391555,77.7130079857893,77.21576982541814
0.25996787609952365,84.24873379758877,77.74600563116098,77.2490375573386
0.26072633663810413,84.28580447837786,77.77905566973577,77.28235784885582
0.2614852537457762,84.32296576796094,77.81214411206474,77.31571670877952
0.2622446276973798,84.36021248165882,77.8452802809268,77.3491234608002
0.26300445876792056,84.39761125355271,77.8784665960841,77.38258052450227
0.2637647472325695,84.43509403052529,77.91169144330279,77.41607628462798
0.2645254933666632,84.47267178576554,77.94496659056257,77.44962250987004
0.2652866974457042,84.51039362029438,77.97828962489054,77.48321678671861
0.2660483597453608,84.54820027763482,78.01165131985815,77.51684988827616
0.26681048054146717,84.58611079840173,78.04506590123212,77.55053604065797
0.2675730601100235,84.62415809779047,78.0785260981284,77.58426797241309
0.2683360987271963,84.66229104329341,78.11202508451373,77.6180388574308
0.2690995966693182,84.70053606205448,78.14557955652714,77.6518653916676
0.2698635542128882,84.73891124343389,78.17917736019875,77.68573542088753
0.2706279716345717,84.77737289984601,78.2128140824801,77.71964453219219
0.27139284921120066,84.81595415764457,78.24650890246659,77.75361190379586
0.27215818721977375,84.85465965318794,78.2802447579297,77.78762047383717
0.27292398593745637,84.89345245834569,78.3140200849037,77.82166867853317
0.2736902456415806,84.93237170489321,78.34785528749603,77.85577692033274
0.2744569666096458,84.97140996195476,78.38172964057593,77.88992447535017
0.275224149119318,85.01053636892362,78.41564604548155,77.92411424476344
0.27599179344843056,85.04979536269217,78.4496200624871,77.95836178696091
0.2767598998749842,85.08916884394723,78.4836333598181,77.99264877190735
0.27752846867714676,85.12863132116269,78.51769130214682,78.02698056367797
0.27829750013325366,85.16823182947708,78.55180458073707,78.06136785175548
0.2790669945218079,85.20794301306374,78.58595726976232,78.09579471238206
0.27983695212147996,85.24774404447382,78.62015720981316,78.13026898494618
0.2806073732111083,85.28768784360388,78.65441019796825,78.16479646518394
0.28137825806969896,85.32773922326636,78.68870272693977,78.19936364803998
0.2821496069764262,85.3678813084759,78.72304512581898,78.23398086062967
0.28292142021063227,85.40817018372854,78.75743827232775,78.26864898010592
0.2836936980518274,85.44856426896234,78.79187109030636,78.30335693253892
0.2844664407796903,85.48904992337884,78.82635640992723,78.338117545182
0.28523964867406787,85.5296856691902,78.86089016438699,78.37292675177308
0.2860133220149756,85.57042498538853,78.89546372124225,78.40777592192886
0.2867874610825974,85.61125674036957,78.93009242432481,78.44268039544879
0.287562066157286,85.65224116039695,78.9647672371415,78.47763113782919
0.2883371375195628,85.69332824899908,78.99948198355169,78.51262197465192
0.28911267545011804,85.7345086520014,79.03425453362254,78.54767077066764
0.28988868022981096,85.77584355921532,79.06907085601064,78.5827634983101
0.2906651521396699,85.81728097785634,79.10392724346275,78.61789645154234
0.29144209146089245,85.85881259258635,79.13884410485481,78.6530900324682
0.2922194984748452,85.9004998093625,79.17380238883734,78.68832519564383
0.2929973734630643,85.94229013202474,79.20880210987197,78.7236019556305
0.2937757167072555,85.98417553859083,79.24386250747953,78.75893954487242
0.2945545284892938,86.02621689680204,79.2789632058881,78.79431759465072
0.2953338090912242,86.06836271396791,79.31410797989383,78.82973987844089
0.29611355879526124,86.1106045090341,79.34931111337794,78.86522067429453
0.2968937778837895,86.15300185014222,79.38455467985281,78.90074206254366
0.2976744666393636,86.19550576894883,79.41984497331805,78.93631033467967
0.298455625344708,86.23810656589012,79.45519129685455,78.9719347895415
0.2992372542827175,86.28086174103795,79.49057818584467,79.00759996892833
0.3000193537364573,86.32372638543305,79.52601446606393,79.04331469474803
0.3008019239891627,86.3666888144921,79.5615044346373,79.07908326181315
0.30158496532423995,86.40980368459546,79.59703510140032,79.11489268580344
0.3023684780252654,86.45303169549501,79.632617836474,79.15075433144014
0.3031524623759864,86.49635840394056,79.66825190587738,79.1866674647026
0.30393691866032113,86.5398348397802,79.7039268064799,79.22262158756124
0.30472184716235856,86.5834288752275,79.7396564653143,79.2586306199438
0.3055072481663587,86.62712252751422,79.7754350921496,79.29468877419671
0.3062931219567527,86.67096240982775,79.81125468346714,79.33078805098789
0.30707946881814285,86.71492514515396,79.84713173577435,79.36694493784067
0.3078662890353029,86.75898842308375,79.8830553774524,79.40314856867649
0.3086535828931779,86.80319364265772,79.91902011716957,79.43939345526395
0.3094413506768845,86.84752777064402,79.95504503346746,79.47569866510695
0.31022959267171085,86.89196337352892,79.99111414820811,79.51204822891764
0.3110183091631172,86.93653583129091,80.02722449481887,79.54843918196491
0.31180750043673516,86.98124406233204,80.063397746431,79.58489318411387
0.3125971667783686,87.0260547071585,80.09961279326335,79.62138913809127
0.31338730847399326,87.07099631426921,80.13587129783872,79.6579287055005
0.31417792580975723,87.1160813765386,80.1721912651267,79.69452987962833
0.3149690190719806,87.16126979813335,80.20855270388927,79.73117268176439
0.315760588547156,87.20658247607881,80.24496029712806,79.767861791935
0.31655263452194843,87.25204711569509,80.28142698244112,79.80461013881371
0.3173451572831955,87.29761606689237,80.31793527378198,79.84140024790076
0.31813815711790755,87.34330174757612,80.35449242916461,79.87823937228015
0.31893163431326754,87.38914872877122,80.39110629368598,79.91513535123052
0.3197255891566314,87.43510098058162,80.42776189906311,79.9520732268616
0.320520021935528,87.48116160641716,80.4644690908761,79.9890628376936
0.3213149329376593,87.52739371170567,80.50123059659887,80.02610690883726
0.3221103224509005,87.57373205348632,80.53803397828027,80.06319301140653
0.32290619076329996,87.6201769265976,80.57489168161624,80.10033358173158
0.3237025381630796,87.66678960783973,80.61180129134361,80.13752620599135
0.3244993649386348,87.71351684746594,80.64875291240762,80.17476099669436
0.32529667137853446,87.7603515922035,80.68576160316552,80.21205300034983
0.32609445777152124,87.80734399557362,80.72281978051109,80.24939463945006
0.3268927244065116,87.8544626054456,80.7599201048467,80.28677858028419
0.32769147157259604,87.90168918441867,80.79708025973183,80.32422249190452
0.32849069955903887,87.9490610869081,80.83428746911984,80.36171360837155
0.32929040865527864,87.99657021578092,80.87153696142691,80.39924716213638
0.3300905991509281,88.04418687931935,80.90884905795112,80.43684345715344
0.33089127133577445,88.09193540347592,80.94620576461685,80.47448451431595
0.33169242549977923,88.1398325842447,80.98360526285353,80.51216851673406
0.3324940619330785,88.1878368351592,81.02106940688834,80.54991729925699
0.3332961809259831,88.23595905984047,81.0585760768784,80.5877087612465
0.3340987827689785,88.28424178464877,81.09612828047577,80.62554590777799
0.33490186775272496,88.33263110129444,81.13374271803835,80.66344542377956
0.335705436168058,88.38112718288544,81.171399818211,80.7013877555309
0.336509488305988,88.4297898459263,81.20910520684234,80.73937852374603
0.3373140244577004,88.47856168196857,81.24687040532666,80.77742923869067
0.3381190449145563,88.52743978307088,81.28467840335229,80.8155229059424
0.3389245499680919,88.57646875123054,81.32253745749843,80.85366777421025
0.339730539910019,88.62562053540951,81.36045388511066,80.89187015436636
0.3405370150322249,88.67487807100325,81.39841324947211,80.93011562366131
0.34134397562677266,88.7242704370393,81.43642645042165,80.96841507115009
0.34215142198590126,88.7737995729328,81.47449457618055,81.00676958359057
0.3429593544020255,88.8234339328202,81.51260577617356,81.04516732227636
0.3437677731677361,88.87318679226553,81.55077360602313,81.08362182895385
0.34457667857580015,88.92309065805121,81.58899389976058,81.12212894155664
0.3453860709191608,88.97309920661588,81.6272574054942,81.16067941778626
0.3461959504909376,89.02321257593485,81.66558034714882,81.19928946442018
0.34700631758442657,89.07348560559059,81.70395327951019,81.2379496458689
0.3478171724931002,89.12386568155655,81.74236956190734,81.27665332860124
0.3486285155106077,89.17435001568116,81.78084809908067,81.31541939675978
0.3494403469307751,89.22497618081306,81.81937414152534,81.35423311654418
0.3502526670476052,89.27572509700289,81.85794367232316,81.39309047554464
0.3510654761552778,89.3265776949537,81.89657828953794,81.4320130475969
0.35187877454814986,89.3775540985469,81.93525791433986,81.47098077601363
0.35269256252075554,89.42866914163996,81.97398240371955,81.50999351806713
0.3535068403678062,89.47988727626715,82.01277234867872,81.54907184097127
0.35432160838419063,89.53121102232429,82.05160602892681,81.58819404912437
0.3551368668649752,89.58268945261472,82.09048737383961,81.6273640674444
0.35595261610540385,89.6342703703542,82.12943170910125,81.66659720333973
0.3567688564008982,89.68595387937617,82.16841991870005,81.70587436314139
0.3575855880470578,89.7377776146814,82.20745860583948,81.74520214224746
0.3584028113396602,89.78971853531128,82.24655780584555,81.78459056357826
0.35922052657466075,89.84176142185034,82.28570101951571,81.8240231477494
0.36003873404819325,89.89392515935529,82.32489753638609,81.86350917296407
0.3608574340565695,89.94622327575269,82.36415207639497,81.90305335298379
0.3616766268962799,89.99862271879101,82.40345076967397,81.9426418350549
0.3624963128639931,90.0511235735481,82.44280560459082,81.98228659250442
0.3633164922565565,90.10377604197322,82.48221596067793,82.02198700527639
0.3641371653709962,90.1565291933139,82.52167060992052,82.06173185958811
0.3649583325045169,90.20938309585956,82.56118425201115,82.10153583620303
0.36577999395450256,90.2623682291198,82.60075090106965,82.14139295660122
0.36660215001851587,90.31547221314396,82.64036198344861,82.1812946583052
0.3674248009942987,90.36867627391369,82.68003492265257,82.22125834182108
0.36824794717977216,90.42199117637209,82.71975834239387,82.26127264553085
0.36907158887303676,90.47544308979701,82.75952633590067,82.30133167059041
0.3698957263723724,90.52899439152269,82.7993590629704,82.34145554954844
0.37072035997623853,90.58264514088296,82.839239731925,82.38162751306734
0.3715454899832742,90.63643307777104,82.87916511537038,82.4218443382584
0.37237111669229844,90.69032867523937,82.91915812187167,82.4621289020062
0.37319724040231,90.7443230106468,82.9591965193898,82.50245900264478
0.3740238614124876,90.79843337374713,82.99928190981835,82.54283623996653
0.3748509800221902,90.85267029355975,83.03943355071739,82.58327984424884
0.3756785965309568,90.90700522756472,83.07963015696969,82.62376856013147
0.37650671123850676,90.96143821687774,83.11987661416171,82.66430726635559
0.3773353244447399,91.01601035613537,83.1601868033243,82.70490982376678
0.3781644364497366,91.07068287282107,83.20054209930258,82.74555763383256
0.37899404755375765,91.12545269980636,83.24095011700877,82.78625830047378
0.37982415805724506,91.1803399129963,83.28141933596726,82.82702029048895
0.38065476826082123,91.23534696774152,83.32193380348538,82.86782767449256
0.3814858784652897,91.29045057365177,83.36250387627234,82.90869079387495
0.38231748897163514,91.34565075380753,83.40313260738151,82.9496126967853
0.38314960008102333,91.40098847302853,83.44380672907604,82.99058013529793
0.3839822120948013,91.45642277013098,83.48453935232706,83.0316062005558
0.38481532531449764,91.5119528610539,83.52532807876493,83.0726884974696
0.38564894004182226,91.56759828800752,83.56616233809602,83.11381647187986
0.38648305657866683,91.62336015935077,83.60705800801173,83.1550059769585
0.38731767522710475,91.67921702988097,83.64800721378036,83.19624914980204
0.38815279628939114,91.7351689048013,83.68900209503262,83.23753814231698
0.3889884200679632,91.79125354906728,83.73006130863183,83.27889158197374
0.38982454686544,91.84743403854783,83.77117147855826,83.32029611349232
0.39066117698462305,91.90370871645075,83.81232746684161,83.36174660713833
0.3914983107284959,91.9600936839569,83.85355072196208,83.4032644769434
0.39233594840022457,92.01659460200554,83.89482234169915,83.44483085070232
0.3931740903031576,92.07318887821229,83.9361402349418,83.48644364081017
0.39401273674082615,92.12987650003845,83.97752771824894,83.52812612566368
0.39485188801694404,92.1866893711824,84.01896127427625,83.56985482604921
0.395691544435408,92.24360001101458,84.06044400692583,83.61163284089459
0.39653170630029755,92.30060314481156,84.10199377021341,83.653477994388
0.3973723739158754,92.35770893228073,84.14358974983821,83.69536950660859
0.3982135475865873,92.4149326708379,84.18523782193395,83.73731324394797
0.39905522761706236,92.4722480373165,84.22695035305368,83.7793215518303
0.3998974143121129,92.52965500155153,84.2687092444119,83.82137636191752
0.40074010797673515,92.58717734802605,84.31052315681525,83.863486320324
0.40158330891610844,92.64480163740637,84.35239894444808,83.90565826916814
0.4024270174355961,92.70251663704342,84.39432123650526,83.94787686397783
0.40327123384074515,92.76032446661056,84.4363014909009,83.99015354284226
0.4041159584372866,92.81825433840623,84.47834102455798,84.03248962004608
0.40496119153113547,92.87627401847519,84.52042720711026,84.07487248725951
0.4058069334283909,92.93438345912409,84.56257430600691,84.1173163867915
0.4066531844353365,92.99259646645261,84.60477807603075,84.15981708057903
0.4074999448584399,93.05091744101526,84.64702863970604,84.202364708704
0.40834721500435345,93.10932725264443,84.68934308643745,84.24497632993302
0.4091949951799142,93.16782584318265,84.73171158400285,84.28764212935559
0.4100432856921436,93.22643713178779,84.77412702026174,84.33035500772769
0.41089208684824813,93.28514388270256,84.81660931898787,84.37313485250436
0.4117413989556191,93.34393846745151,84.85914303610306,84.41596624744182
0.412591222321833,93.40282324924137,84.90172383724003,84.45884486622556
0.41344155725465126,93.46182347631711,84.94437449294794,84.50179343722273
0.4142924040620207,93.5209105775245,84.98707392245574,84.54479091838466
0.41514376305207357,93.58008447731603,85.02982180691004,84.58783699158785
0.4159956345331275,93.63935609101274,85.07264010010515,84.63095356928874
0.4168480188136858,93.69873219924766,85.11550573568395,84.67411762821575
0.4177009162024373,93.75819412472026,85.15842278704748,84.71733323419672
0.41855432700825695,93.81774178151106,85.20140763474804,84.76061673639018
0.41940825154020533,93.8773932881762,85.24443997091315,84.80394786545517
0.42026269010752937,93.93713968330073,85.28752669639826,84.84733350909966
0.4211176430196619,93.99697080671646,85.33067859366983,84.89078442870586
0.42197311058622206,94.05688656216535,85.37387812577454,84.93428312111531
0.42282909311701555,94.11691100562554,85.41713503342483,84.97783930813596
0.4236855909220344,94.17702199275226,85.46045447617176,85.02145813890955
0.4245426043114573,94.23721658716615,85.50382170040861,85.0651248887049
0.42540013359564954,94.29749787263152,85.5472492991002,85.10885212564254
0.4262581790851635,94.35788508820993,85.59073678406689,85.152639362174
0.4271167410907382,94.4183548715096,85.63427219746892,85.19647466423295
0.4279758199233,94.47890710902594,85.67787099691164,85.24037345845801
0.4288354158939622,94.53954976931666,85.72152702168376,85.28432959617497
0.4296955293140253,94.60029105885094,85.76523112212571,85.32833394621292
0.43055616049497775,94.6611137412301,85.80900163286435,85.37240480592675
0.43141730974849485,94.72201769267647,85.85282669587016,85.41653034109552
0.43227897738643983,94.78301471977183,85.89669998206986,85.46070423566698
0.43314116372086364,94.84410411670349,85.94064271548542,85.50494766990326
0.43400386906400507,94.90527369948504,85.98463731599709,85.54924309963017
0.4348670937282908,94.96652333409008,86.02868028751672,85.5935870361302
0.43573083802633555,95.02786769947744,86.07279575582771,85.63800355475648
0.43659510227094234,95.08929913536504,86.11696039396263,85.68246937698937
0.4374598867751025,95.15080951797354,86.1611757241705,85.72698602202712
0.43832519185199575,95.21239870305017,86.20546226747392,85.77157396737411
0.4391910178149902,95.27408335692475,86.2497974441961,85.81621068090386
0.4400573649776427,95.33585066113724,86.2941863314149,85.86090122901797
0.4409242336536989,95.39769564079045,86.33864376654071,85.90566041716717
0.4417916241570932,95.45961814142566,86.38314998366216,85.95046852162915
0.44265953680194914,95.5216360119265,86.42771294236496,85.99533348493232
0.44352797190257914,95.58373291134383,86.47234177168286,86.04026441607462
0.4443969297734849,95.64590618275193,86.51701953186503,86.08524441195027
0.4452664107293577,95.70815566150506,86.56175707736753,86.13028430339452
0.44613641508507784,95.77049965398633,86.60655780409758,86.17538747856794
0.44700694315571543,95.83291977270856,86.65140761085277,86.22053986718636
0.44787799525653016,95.89541492778272,86.69632025931473,86.26575520056473
0.44874957170297153,95.95798494439342,86.74129338752884,86.311031121656
0.4496216728106789,96.02064794073034,86.78631574522178,86.35635640519551
0.4504942988954816,96.08338479979693,86.83140401364852,86.40174769514358
0.4513674502733991,96.14619532736833,86.876550048272,86.44719686488978
0.45224112726064125,96.20907963959067,86.92174546212121,86.49269554637961
0.45311533017360806,96.27205419640467,86.9670098683651,86.53826330837725
0.45399005932889014,96.33510121352519,87.01232931517808,86.5838862303674
0.45486531504326844,96.39822049907609,87.0576982912575,86.62955881368927
0.4557410976337149,96.46141195926641,87.10313935401958,86.67530356406232
0.4566174074173921,96.52469141044223,87.14863271965866,86.72110074273915
0.4574942447116536,96.5880418997398,87.19417600707702,86.76694797424663
0.4583716098340439,96.65146322514785,87.2397940037306,86.81286998855083
0.4592495031022988,96.71495518143556,87.28546179569041,86.85884192921243
0.4601279248343452,96.77853223610228,87.33118257267046,86.90486697867009
0.46100687534830165,96.84217940787099,87.37697535318519,86.95096411075563
0.4618863549624779,96.9058959511679,87.42281807982,86.99711131955723
0.4627663639953754,96.96968165065206,87.46871686734796,87.04331470556929
0.46364690276568743,97.03354898918538,87.51468494064368,87.0895874621555
0.4645279715922991,97.09748594966297,87.56070311116899,87.13591044611113
0.46540957079428724,97.16149078480908,87.60678043108561,87.18229268813421
0.46629170069092096,97.22556326918577,87.6529243069445,87.22874157680049
0.46717436160166176,97.28971364682741,87.69911843143875,87.27524084378484
0.46805755384616304,97.35393339798439,87.74537480644103,87.32180246212971
0.46894127774427086,97.41821949465991,87.79169499550937,87.36842799131738
0.46982553361602375,97.48257170133195,87.83806558491568,87.41510405006765
0.4707103217816529,97.54699784637529,87.88450153855858,87.46184556590117
0.47159564256158226,97.61149328572156,87.9309985523484,87.50864824491524
0.4724814962764287,97.67605350913584,87.97754611847617,87.55550160503294
0.4733678832470021,97.74067827102472,88.02416217517431,87.60242354037983
0.47425480379430524,97.80537288434701,88.07083652606522,87.64940387939096
0.47514225823953454,97.87013680475702,88.11756158159201,87.6964350513438
0.4760302469040795,97.93496391547683,88.16435826662159,87.74353792908875
0.47691877010952316,97.99985396085435,88.21121046786249,87.79069643913506
0.47780782817764206,98.06480971547907,88.25811352633572,87.83790593425879
0.47869742143040644,98.12983480503677,88.30509136583618,87.88519027814831
0.47958755018998056,98.19492145883468,88.35212193154712,87.93252747113739
0.4804782147787223,98.26006941117487,88.39920471062773,87.97991700183178
0.4813694155191839,98.32527895186362,88.44636302836192,88.02738213628224
0.4822611527341116,98.39055779372792,88.49357247353585,88.07489852499302
0.48315342674644585,98.45589654145161,88.54083725267378,88.12247036391919
0.48404623787932166,98.52129491930401,88.58817481235609,88.17011505482354
0.48493958645606855,98.58675264840426,88.63556365286081,88.21781115290831
0.48583347280021055,98.65227593446971,88.68301096052105,88.26556582613443
0.4867278972354665,98.71785922193342,88.73052827859529,88.31339058772038
0.4876228600857501,98.78350043881889,88.77809703117522,88.36126690970677
0.4885183616751701,98.8491992962339,88.82572739669293,88.4092049441703
0.48941440232803024,98.9149590467202,88.87342499048088,88.45721029154235
0.49031098236882964,98.98077921461892,88.92117417275914,88.50526735283547
0.4912081021222626,99.0466555789485,88.96898812634177,88.5533892763452
0.4921057619132189,99.11258784081939,89.01686651404515,88.6015757254867
0.4930039620667841,99.17857660520039,89.06479664452532,88.64981404237108
0.4939027029082391,99.24462588904794,89.11279471725447,88.6981203836093
0.49480198476306086,99.31072960406604,89.16085441795691,88.74648845138452
0.4957018079569222,99.37688744138242,89.20896601602516,88.79490854102627
0.49660217281569186,99.44309908900138,89.25714873985869,88.84339982955096
0.4975030796654351,99.50936826953041,89.30539027352773,88.89195003370722
0.49840452883241315,99.57569143328274,89.3536838594547,88.94055241415613
0.4993065206430836,99.64206691185623,89.40205176722883,88.98922918040319
0.5002090554241008,99.70849438329553,89.45047565471793,89.03796203957302
0.5011121335023155,99.77497503481781,89.49895174966085,89.08674722976475
0.5020157552047755,99.84150964014525,89.54750537509224,89.1356100050502
0.5029199208587251,99.90809472060904,89.59611213814286,89.18452603875346
0.5038246307916058,99.97472994431071,89.64477346249701,89.23349675083072
0.5047298853310561,100.04141497624647,89.69351114183534,89.28254387503397
0.5056356848049121,100.10815245243836,89.74230130307897,89.33164360368013
0.5065420295412066,100.17493899027349,89.79114920345187,89.38080117964276
0.5074489198681705,100.24177378956111,89.84007064851019,89.4300323645611
0.508356356114232,100.30865650537947,89.88904473147056,89.47931630945146
0.5092643386080169,100.37558775209534,89.93807974395065,89.52866128298648
0.510172867678349,100.44256749768459,89.98718547884077,89.57807705050959
0.5110819436542499,100.50959359082356,90.03634400793584,89.62754573383947
0.5119915668649393,100.57666567669148,90.0855666694999,89.67707863952239
0.5129017376398352,100.6437833973804,90.13485721922949,89.72667951243564
0.5138124563085539,100.71094767392657,90.18420071977381,89.77633345729677
0.5147237232009099,100.77815667421287,90.23361156828919,89.82605483059406
0.5156355386469165,100.84540971137618,90.28308745876396,89.87584133258082
0.5165479029767853,100.91270641763765,90.33261645697068,89.92568106296359
0.5174608165209271,100.98004660449166,90.38221603119769,89.97559144023512
0.5183742796099514,101.04743002036963,90.43187778922356,90.0255640958791
0.5192882925746667,101.1148554852778,90.48159281220683,90.07559013667498
0.5202028557460805,101.18232262158844,90.53138165180093,90.12569005517642
0.5211179694553999,101.24983104860524,90.58122980508634,90.175849389964
0.5220336340340311,101.317380264761,90.63113138086342,90.22606226696782
0.5229498498135801,101.38496952922219,90.68111002637768,90.27635226485322
0.5238666171258519,101.45259843548153,90.73114510353584,90.32669880517597
0.5247839363028519,101.5202665930257,90.78123392413322,90.37709920771586
0.5257018076767851,101.58797360828352,90.83140275391698,90.42757966141265
0.5266202315800563,101.65571802945934,90.8816252844682,90.47811393456963
0.5275392083452708,101.72349992539726,90.93190478086807,90.52870528286013
0.5284587383052336,101.79131894166642,90.9822614361251,90.57937383972106
0.5293788217929506,101.8591746292316,91.0326719504991,90.63009637392135
0.5302994591416278,101.92706620584137,91.08314266567238,90.68087920853613
0.5312206506846717,101.99499159515543,91.13368767743276,90.73173639737158
0.53214239675569,102.06295175074005,91.18428670697108,90.78264772173677
0.5330646976884905,102.13094620910353,91.23494918479511,90.83362258415707
0.5339875538170825,102.19897450336185,91.28568308500236,90.88466893469173
0.5349109654756762,102.26703503103161,91.3364711619607,90.9357695792584
0.5358349329986829,102.33512623258592,91.38732594722173,90.98693701187581
0.5367594567207153,102.40324933315223,91.43824926873525,91.0381730547512
0.5376845369765877,102.47140385500498,91.48922692628597,91.08946355047351
0.5386101741013155,102.53958931703997,91.54027456468165,91.14082409659251
0.5395363684301161,102.60780308879282,91.5913878412793,91.19225036336947
0.5404631202984085,102.67604458770417,91.6425556135138,91.24373124212171
0.541390430041814,102.74431505819513,91.69379665165589,91.29528544596253
0.5423182979961553,102.81261400836785,91.74510041803624,91.34690246912396
0.5432467244974578,102.88094094296017,91.79645883996757,91.39857426370322
0.544175709881949,102.94929217959641,91.84789382538436,91.45032267040445
0.5451052544860587,103.01766820502488,91.89938861716944,91.50213098335783
0.5460353586464195,103.08607021470395,91.95093822473468,91.55399422748653
0.5469660226998662,103.15449770262956,92.00256770587387,91.605937383108
0.5478972469834367,103.22295015944835,92.05425405961152,91.65793752018813
0.5488290318343717,103.29142300986699,92.10599656120932,91.709993916407
0.5497613775901149,103.35991753626095,92.15781991590568,91.7621312000424
0.5506942845883132,103.42843499998249,92.20969836907226,91.81432369651402
0.5516277531668164,103.49697488099197,92.26163624957294,91.86657572133092
0.5525617836636784,103.56553665591636,92.31365208104337,91.9189057399644
0.5534963764171559,103.63411519755134,92.36572317204623,91.97129113202493
0.5544315317657095,103.70271194602358,92.41785698237334,92.02373933398017
0.5553672500480035,103.77132852563506,92.47006582964099,92.0762626244267
0.5563035316029061,103.83996440238636,92.52233009782121,92.12884144920903
0.5572403767694896,103.9086190389614,92.57466038982736,92.18148637777449
0.55817778588703,103.97728727832981,92.6270627928509,92.23420347778642
0.5591157592950082,104.04596971816807,92.67952077848594,92.28697627336163
0.5600542973331086,104.114668824048,92.73204810495568,92.33981847894361
0.5609934003412211,104.18338404809164,92.784644604632,92.3927299272135
0.5619330686594393,104.25211483912184,92.83729684893831,92.44569723259367
0.5628733026280619,104.32085671248197,92.89002176359102,92.49873726653595
0.5638141025875926,104.38960806279758,92.94281290175803,92.5518436026994
0.5647554688787397,104.45837285553273,92.99565994689382,92.60500595784052
0.5656974018424169,104.52715052901736,93.04858300438653,92.65824437242729
0.566639901819743,104.59594051830098,93.10156932382583,92.71154613706582
0.5675829691520422,104.66473989241791,93.15461171289381,92.76490408287054
0.5685266041808441,104.73354312393585,93.20773346882409,92.81834143132949
0.5694708072478838,104.80235651614018,93.26091551326375,92.8718391659734
0.5704155786951025,104.8711794936613,93.31415379031398,92.92539324429401
0.5713609188646468,104.94001147786896,93.3674748012229,92.97903008079936
0.5723068280988695,105.00885188687633,93.42085311534034,93.03272432793068
0.5732533067403291,105.07768998787803,93.47429003914263,93.08647728805565
0.5742003551317911,105.14653464615711,93.527808648748,93.14031196124766
0.5751479736162266,105.21538553675161,93.58138377817264,93.19420326430301
0.5760961625368134,105.28424206745129,93.63502085375612,93.24815660580173
0.577044922236936,105.35310364281038,93.68873666141893,93.30218871594808
0.5779942530601854,105.42196269222954,93.74250915273527,93.35627761932179
0.5789441553503597,105.49082103929244,93.79634693918113,93.41043189891604
0.5798946294514636,105.5596822085817,93.85026049211862,93.46466199104641
0.5808456757077092,105.62854559441311,93.90423089286895,93.51894904009337
0.5817972944635157,105.6974105878894,93.9582699502127,93.57330481546283
0.5827494860635094,105.76627423564,94.01238179660216,93.62773343556974
0.5837022508525244,105.83512845256152,94.06655065528962,93.68221917660854
0.5846555891756022,105.90398202504538,94.12079154452422,93.73677700639395
0.5856095013779923,105.97283433404601,94.17510223350577,93.79140470143578
0.5865639878051513,106.04168475732854,94.2294700995972,93.84608968175178
0.5875190488027446,106.11053266947343,94.28391338267625,93.90085012555828
0.5884746847166451,106.17936861687572,94.33842346435584,93.95567744346233
0.5894308958929343,106.2481964783794,94.3929908882848,94.01056221131064
0.5903876826779015,106.31701954046406,94.44763712812566,94.06552582971104
0.5913450454180453,106.38583716767798,94.50234715357821,94.12055331937675
0.5923029844600718,106.45464872141014,94.55711468674801,94.17563842398549
0.593261500150897,106.5234522483428,94.61196444723497,94.23080577852352
0.5942205928376445,106.59223604861887,94.66687496850722,94.28603398982547
0.5951802628676479,106.66101145821487,94.72184323818514,94.34132005603236
0.5961405105884493,106.72977782858996,94.77689700928154,94.39669163459266
0.5971013363478002,106.7985345080708,94.83200857939524,94.45212111838387
0.5980627404936614,106.86728084185687,94.88718127886823,94.50761182643812
0.599024723374203,106.93601021577079,94.94243648646693,94.56318506345075
0.599987285337805,107.00471933461024,94.99774965942188,94.61881637156583
0.600950426733057,107.07341575530714,95.05312735517633,94.67451228562322
0.6019141479087584,107.14209881326217,95.10858455392656,94.73028773357545
0.6028784492139185,107.21076784077732,95.16409988470373,94.7861214188338
0.6038433309977568,107.27942216706161,95.21968314420472,94.84202310403325
0.6048087936097029,107.34805143278072,95.27534288973915,94.89800131639953
0.605774837399397,107.41665898187627,95.33106093430389,94.95403793260867
0.6067414627166894,107.48524944261487,95.38685032599864,95.01014595507579
0.6077086699116412,107.55382213454631,95.44271317493651,95.06632748632101
0.6086764593345243,107.6223763741577,95.4986344902416,95.12256758827982
0.6096448313358214,107.69091147487946,95.55463058356271,95.17888251513034
0.6106137862662262,107.75941457508966,95.61069709351317,95.23526792071323
0.6115833244766433,107.82789323768574,95.66682223750219,95.2917120642153
0.6125534463181889,107.89635034019527,95.72302560287126,95.34823446355877
0.6135241521421901,107.9647851865377,95.77929633243639,95.40482429993507
0.6144954423001859,108.03319707760814,95.83562586404688,95.46147304177207
0.6154673171439268,108.10158531128376,95.89203707287778,95.51820348271531
0.6164397770253748,108.1699360907915,95.94851258165609,95.57499830734132
0.6174128222967041,108.23825812889294,96.00504706082279,95.63185220530632
0.618386453310301,108.30655405497559,96.06166668552532,95.68879125795706
0.6193606704187633,108.3748231575627,96.11834753411487,95.74579162929295
0.6203354739749016,108.44306472219378,96.17508865218558,95.80285236852572
0.6213108643317387,108.5112780314314,96.23191613575631,95.85999947765444
0.62228684184251,108.57945024167422,96.28880288575813,95.9172059551677
0.6232634068606635,108.6475875036873,96.34575334316935,95.97447622619157
0.6242405597398598,108.71569402293675,96.40278712152299,96.03182983320163
0.6252183008339725,108.78376907279736,96.45988033554436,96.0892429773705
0.6261966304970885,108.85181192370328,96.51704070738397,96.14672335298393
0.6271755490835074,108.9198218431551,96.57428134379761,96.20428401902741
0.6281550569477423,108.98778914695619,96.63158158545552,96.26190439134447
0.6291351544445197,109.05571307576659,96.68895244782,96.31959544535994
0.6301158419287797,109.12360155372431,96.74640050658284,96.3773637326057
0.6310971197556758,109.19145383931752,96.80390834050735,96.43519189558127
0.6320789882805756,109.25926918813914,96.86149027050544,96.49309420282923
0.6330614478590604,109.3270468528946,96.9191463169223,96.55107067446647
0.6340444988469256,109.39478282945392,96.97686230875998,96.60910719163219
0.6350281416001811,109.46246447094504,97.03465588451638,96.66722132796475
0.6360123764750505,109.53010587769798,97.09252048491105,96.7254065482066
0.6369972038279723,109.59770629359025,97.1504452013285,96.78365198411906
0.6379826240155995,109.6652649596521,97.2084510019876,96.84197852641388
0.6389686373947994,109.7327811140748,97.26652472370637,96.90037306050097
0.6399552443226547,109.80025399221871,97.32465873239362,96.9588279807452
0.6409424451564628,109.86766927620322,97.38287733812318,97.0173675069093
0.641930240253736,109.93503419542526,97.44116074953845,97.07597192111342
0.6429186299722022,110.00235325141215,97.49950461921259,97.13463689230664
0.6439076146698042,110.06962567092448,97.55793661120752,97.1933899812803
0.6448971947047007,110.13685067793485,97.61643028172125,97.25220484290801
0.6458873704352657,110.20402749363643,97.67498680174616,97.311082643997
0.646878142220089,110.27115309118281,97.73363054261627,97.37004766446401
0.6478695104179764,110.33821172962139,97.79233504266355,97.42907354186038
0.6488614753879491,110.40521956029502,97.85110588715972,97.48816584064659
0.6498540374892456,110.47217579600213,97.90996085682706,97.5473422745166
0.6508471970813196,110.53907964680674,97.96887675787983,97.60657973706883
0.6518409545238414,110.60593032004768,98.0278625108026,97.66588711526803
0.6528353101766982,110.67272702034779,98.08692928143095,97.72527553262482
0.6538302643999933,110.73946177953312,98.14605715600156,97.7847251507661
0.6548258175540472,110.80612815429583,98.20525840234724,97.84424819114155
0.6558219699993972,110.87273790557096,98.26453754714345,97.90384916311758
0.6568187220967974,110.93929022983882,98.32387796878834,97.96351150833078
0.6578160742072194,111.0057843209114,98.38329529459813,98.02325079469715
0.6588140266918519,111.07221936994192,98.44278738781581,98.08306489347734
0.6598125799121008,111.13859456543457,98.50234093113916,98.1429405382988
0.6608117342295903,111.2049001112835,98.56197492350312,98.20289665552639
0.6618114900061614,111.27113272466974,98.62168054044638,98.26292445435189
0.6628118476038733,111.33730280115456,98.68144778110394,98.3230139723753
0.6638128073850035,111.40340952136543,98.74129902816502,98.38318750639414
0.664814369712047,111.46945206333096,98.80121874519222,98.44342957956627
0.6658165349477173,111.53542960249126,98.861200259895,98.50373354544652
0.6668193034549463,111.60134131170823,98.921269350853,98.56412508325042
0.667822675596884,111.6671791928265,98.98140374538048,98.62458200613443
0.6688266517368995,111.73293596043389,99.04160011189853,98.68510099559141
0.6698312322385804,111.79862418325256,99.10188763701424,98.74571112524222
0.6708364174657331,111.86424302654645,99.16223728752017,98.80638347427136
0.6718422077823831,111.9297916530541,99.22265242718476,98.86712139360097
0.672848603552775,111.99526922299948,99.28315563528564,98.92794737472569
0.6738556051413727,112.06067489410292,99.34372112131385,98.98883572740492
0.6748632129128593,112.12600659589926,99.40435564852785,99.0497931887347
0.6758714272321378,112.19124486854868,99.46507509750562,99.11083557727807
0.6768802484643307,112.25640849742469,99.52585699966949,99.17194051218821
0.6778896769747801,112.32149663294165,99.5867115075425,99.23311810644627
0.6788997131290482,112.38650842306578,99.64764777872611,99.29437748171004
0.679910357292917,112.45144301332653,99.70864667871234,99.35569957851168
0.6809216098323895,112.51629954682795,99.76972176142965,99.4170978977092
0.681933471113688,112.58107716426042,99.8308754372243,99.47857484007787
0.6829459415032558,112.64576309185425,99.89209191779703,99.54011467951538
0.6839590213677567,112.71035884821558,99.95338817062385,99.6017343167511
0.6849727110740752,112.7748729103592,100.01475983451502,99.66342940769587
0.6859870109893166,112.83930441202128,100.07619447951963,99.72518757160147
0.6870019214808073,112.9036524845827,100.13771249880541,99.78702912106594
0.6880174429160948,112.96791625708121,100.19930273536264,99.84894294314884
0.6890335756629475,113.03209485622365,100.26095612972973,99.91092001444667
0.690050320089356,113.09618740639807,100.32269651291237,99.97298407142665
0.6910676765635315,113.16017515531172,100.38450590779347,100.03511720830451
0.6920856454539075,113.22407126802594,100.44637863754299,100.09731377101471
0.693104227129139,113.28787852242847,100.50834198315312,100.1596009318976
0.694123421958103,113.3515960363223,100.57037112310803,100.22195396832639
0.6951432303098982,113.41522292525318,100.63246485551484,100.28437168341202
0.6961636525538463,113.47875830252238,100.6946506830186,100.34688146984743
0.6971846890594903,113.54220127919965,100.75690015589356,100.40945499168619
0.6982063401965967,113.60555096413613,100.81921781795111,100.47209677473963
0.6992286063351538,113.66878811819525,100.88162438929481,100.53482745596175
0.7002514878453729,113.73192668525762,100.94409478403645,100.59762205017692
0.7012749850976883,113.7949691221534,101.00663697720735,100.66048850053689
0.702299098462757,113.85791453153492,101.0692648820756,100.72344066425605
0.7033238283114591,113.92076201390034,101.13195678873491,100.78645691892558
0.7043491750148985,113.98351066760719,101.19472411559009,100.84954863704739
0.7053751389444018,114.04615958888586,101.25757394477495,100.91272287208857
0.7064017204715195,114.1087078718532,101.32048795451159,100.9759613764062
0.7074289199680257,114.17114203088184,101.38348101873493,101.03927896386641
0.7084567378059184,114.23346442166444,101.44655336414012,101.10267586017336
0.7094851743574193,114.29568330882914,101.50969006922652,101.16613720445287
0.7105142299949744,114.35779778069737,101.57290947561928,101.22968126395378
0.7115439050912536,114.41980692354448,101.63620493026427,101.29330141259354
0.7125742000191515,114.48170982161392,101.69956492408976,101.35698618827297
0.713605115151787,114.54350555713144,101.763011278575,101.42075732364724
0.7146366508625035,114.60519321031947,101.82653043659941,101.4846013168142
0.7156688075248692,114.66677185941137,101.89011431367463,101.54851011646032
0.7167015855126774,114.72821892184709,101.9537882233018,101.61250893267562
0.7177349851999462,114.78955485291132,102.01753167996948,101.67657736369605
0.7187690069609187,114.85077888659343,102.08134003593045,101.74071078100852
0.7198036511700636,114.91189009580728,102.1452421088801,101.80493788417219
0.7208389182020749,114.97288755154858,102.20921046058348,101.86923134750849
0.721874808431872,115.03377032290976,102.27324610862993,101.93359218463983
0.7229113222346003,115.09453747709489,102.33737473778415,101.9980459746882
0.7239484599856307,115.15518807943482,102.40156858204854,102.06256506594328
0.7249862220605603,115.21572012629598,102.46583337675727,102.12715517030588
0.7260246088352122,115.27611307103444,102.53018791589541,102.19183500420615
0.7270636206856358,115.33638654874137,102.59460785138332,102.25658032012794
0.7281032579881066,115.39653961986646,102.6591024039664,102.32140030088232
0.7291435211191268,115.45657134305986,102.7236834525158,102.38630677615372
0.7301844104554256,115.51648077518773,102.78833007903131,102.45127891463949
0.7312259263739584,115.57626697134778,102.85305500184843,102.51632938210278
0.7322680692519077,115.63592898488506,102.91786316038123,102.58146309741714
0.7333108394666831,115.69546586740779,102.98273707887432,102.64666265751804
0.7343542373959215,115.75487666880323,103.04769298543751,102.71194422316877
0.7353982634174872,115.81414545461007,103.11272885567496,102.77730577835514
0.7364429179094714,115.87327962558906,103.17783066824605,102.84273336028072
0.7374882012501935,115.93228477548331,103.24301817322434,102.90824663676374
0.7385341138182004,115.99115994987471,103.30828235804135,102.97383663281282
0.7395806559922669,116.04990419270148,103.37361266794562,103.03949283793553
0.7406278281513957,116.10851654627444,103.43903238716996,103.10523843906681
0.7416756306748178,116.16699605129358,103.50452549059942,103.17105747813544
0.7427240639419925,116.22534174686444,103.57008490225131,103.23694290899512
0.7437731283326072,116.28355267051495,103.63573745271931,103.3029214497667
0.7448228242265785,116.34162785821191,103.70146007995673,103.36897013518261
0.7458731520040511,116.39954793059087,103.76724919893446,103.43508539549114
0.7469241120453987,116.45732744042017,103.83313519881521,103.50129749207605
0.747975704731224,116.5149682536729,103.8990879562231,103.56757642834219
0.749027930442359,116.57246940261103,103.96511077584141,103.63392549527035
0.7500807895598647,116.62982991801617,104.0312274579122,103.70036839274529
0.7511342824650312,116.6870488292068,104.09741095302469,103.76687818554471
0.7521884095393792,116.74412516405553,104.16366822205036,103.83346180533572
0.7532431711646579,116.80105794900629,104.2300160659905,103.90013598207705
0.7542985677228469,116.85784620909196,104.29643090751797,103.96687723827746
0.7553545995961555,116.91448896795173,104.36292324725719,104.03369603026492
0.7564112671670231,116.97097530522187,104.42950286257023,104.10060209394051
0.7574685708181197,117.02730328871641,104.49614966040377,104.16757542159884
0.7585265109323449,117.08348291756347,104.56287769335174,104.23463000631511
0.7595850878928296,117.13951477523483,104.62968969072546,104.30176856578565
0.7606443020829349,117.19540043297162,104.69656905594157,104.36897457415293
0.7617041538862526,117.25114169323473,104.76353340578751,104.43626557333431
0.7627646436866057,117.30674037258359,104.8305783970984,104.50363723865787
0.7638257718680479,117.36219829420939,104.89769094196363,104.57107653818377
0.7648875388148645,117.41751728789751,104.96489223359588,104.63860457477553
0.7659499449115719,117.47269918998992,105.0321708319139,104.70620995721244
0.7670129905429177,117.52774584334783,105.09951716988952,104.77388315955022
0.7680766760938817,117.58265186956102,105.16695602940044,104.84164885771173
0.7691410019496749,117.63741667305109,105.23446884899376,104.90948856972929
0.7702059684957407,117.69205240877744,105.3020495947405,104.97739628774045
0.7712715761177541,117.7465609393388,105.36972664943161,105.04540027285029
0.7723378252016223,117.80094413366814,105.43747430577125,105.11347492812757
0.7734047161334852,117.85520386699653,105.50529109623307,105.18161879257401
0.7744722492997145,117.90934202081758,105.57320595354102,105.24986067454792
0.7755404250869149,117.96336048285166,105.64118906330562,105.3181708879806
0.776609243881924,118.01726114701064,105.70924506414426,105.38655405173355
0.7776787060718119,118.07104591336247,105.77739580521629,105.45503192082545
0.7787488120438817,118.12471668809606,105.84561498629692,105.52357830853065
0.77981956218567,118.17827538348648,105.91391082804884,105.59220140022873
0.7808909568849463,118.23171683092629,105.98229807159566,105.6609158733828
0.7819629965297137,118.28504409240496,106.05075394310063,105.72969905270395
0.7830356815082088,118.33826559706606,106.11929025752976,105.79856270222363
0.7841090122089021,118.39138327527375,106.18791462348285,105.86751439761393
0.7851829890204977,118.44439906331208,106.25660780574248,105.9365349871257
0.7862576123319338,118.49731490335184,106.32538522584542,106.00563982558663
0.7873328825323825,118.55013274341754,106.39424733536183,106.07482936262208
0.7884088000112509,118.60285453735484,106.4631784499334,106.14408798213526
0.7894853651581797,118.65548224479816,106.5321976099448,106.2134346419056
0.7905625783630443,118.70801783113835,106.60129808541203,106.28286264123484
0.7916404400159552,118.7604632674908,106.67046775508446,106.35235991180132
0.7927189505072574,118.81282053066383,106.73972929048207,106.42194902650289
0.793798110227531,118.86509160312717,106.80906875552304,106.49161611001935
0.794877919567591,118.91727283355542,106.87847760432211,106.5613526539371
0.7959583789184879,118.96936813023422,106.94798215183214,106.631184858451
0.7970394886715075,119.02138369806687,107.01756123130998,106.70109164929774
0.7981212492181713,119.07332153606114,107.08720988450301,106.77106809011578
0.7992036609502362,119.12518364874299,107.15695808210553,106.84114402058765
0.800286724259695,119.17697204612705,107.22677740212866,106.91129114316254
0.8013704395387768,119.22868874368756,107.29666869108581,106.98151030087601
0.8024548071799464,119.28033576232968,107.36665897316375,107.05182839953144
0.8035398275759051,119.33191512836098,107.43671916109086,107.12221647949212
0.8046255011195904,119.38342887346319,107.50685513308564,107.19268039339941
0.8057118282041762,119.43487903466453,107.5770867206347,107.26323988569732
0.8067988092230738,119.486267654312,107.64738840507961,107.33386954996624
0.8078864445699305,119.53759678004425,107.71776970144292,107.40457885959047
0.8089747346386311,119.5888684647647,107.78824322392788,107.47538037331209
0.8100636798232972,119.64008341192178,107.85878703476475,107.54625225008166
0.8111532805182877,119.6912403200231,107.92941429810057,107.6172075962301
0.812243537118199,119.74234638537322,108.0001303862501,107.68825176043029
0.8133344500178649,119.79340367603683,108.07091695461838,107.759366479168
0.814426019612357,119.84441426522706,108.14179082880916,107.83056850393743
0.8155182462969848,119.89538023128102,108.21275011462102,107.90185594894993
0.8166111304672954,119.94630365763554,108.28378007293048,107.97321414040346
0.8177046725190744,119.99718663280332,108.3549012031426,108.0446634871857
0.8187988728483455,120.04803125034937,108.42610431988858,108.11619484462815
0.8198937318513707,120.09883960886789,108.4973783018246,108.18779714083051
0.8209892499246507,120.14961381195955,108.5687473345139,108.25949445431814
0.8220854274649247,120.200355968209,108.64019491674513,108.33127035709741
0.823182264869171,120.25106819116283,108.71171355727365,108.4031173913722
0.8242797625346063,120.30175259930803,108.78333114019095,108.47506331756394
0.8253779208586876,120.35241131605056,108.85502382374291,108.54708439988124
0.8264767402391096,120.40304646969459,108.92678775911563,108.61917680684786
0.8275762210738075,120.45366019342188,108.99865454131232,108.69137199305439
0.8286763637609557,120.50425220370475,109.07059296331005,108.7636388904105
0.8297771686989682,120.5548267954899,109.14260625402179,108.83598071368901
0.830878636286499,120.60538670782091,109.21471946290328,108.90842240083883
0.831980766922442,120.65593408779745,109.28690426176657,108.98093575003944
0.8330835610059313,120.70647108731633,109.35916780307294,109.05352788207581
0.8341870189363411,120.75699986305331,109.43152783389169,109.12621646490099
0.8352911411132861,120.80752257644562,109.50395964934036,109.1989769040619
0.8363959279366215,120.85804139367502,109.57647409376492,109.2718199956671
0.8375013798064435,120.90855848565094,109.64908158712429,109.3447561131752
0.8386074971230888,120.95907602799421,109.72176106018341,109.41776428172763
0.839714280287135,121.00959620102117,109.7945270615703,109.49085898504477
0.8408217296994013,121.06012118972824,109.86738265938271,109.5640432775627
0.8419298457609476,121.11065318377695,109.9403104323878,109.63729981625868
0.8430386288730758,121.16119437747925,110.01332864590754,109.71064678476878
0.8441480794373292,121.21174696978338,110.0864329913998,109.78407989394815
0.8452581978554925,121.26231316426018,110.1596097080022,109.85758544486578
0.8463689845295925,121.31289516908973,110.23288079015725,109.93118533339361
0.8474804398618981,121.36349519704852,110.30623452787589,110.00486790221605
0.8485925642549202,121.41411546549709,110.37966083304809,110.07862310876497
0.8497053581114121,121.46475817233653,110.4531854416787,110.15247657348475
0.8508188218343694,121.51542543804965,110.52678921749524,110.22640924626734
0.8519329558270304,121.56611985301394,110.60046575753621,110.30041475319408
0.8530477604928762,121.6168436477102,110.67424455182613,110.37452245163529
0.8541632362356306,121.66759905716474,110.7480990129425,110.44870587403595
0.8552793834592605,121.71838832093998,110.8220273889006,110.52296327654686
0.8563962025679761,121.76921368312505,110.89606007596532,110.59732491848271
0.8575136939662308,121.82007739232711,110.9701658709193,110.67175973750572
0.8586318580587216,121.87098170166307,111.04434950063683,110.74627243939275
0.8597506952503887,121.9219288687516,111.1186339734903,110.82088592872552
0.8608702059464166,121.97292115570603,111.19299175216076,110.89557279272682
0.8619903905522333,122.02396082912713,111.26743129840496,110.97034145513236
0.8631112494735114,122.07505016009692,111.34196820783977,111.04520744114018
0.864232783116167,122.12619142417256,111.4165786214523,111.12014699983305
0.8653549918863611,122.17738690138086,111.49127474835488,111.19517228527573
0.8664778761904989,122.22863887621325,111.56606474651412,111.27029141859798
0.8676014364352301,122.27994963762131,111.64092844764635,111.34548432305836
0.8687256730274497,122.3313214790126,111.71588182070916,111.42076689543903
0.8698505863742974,122.38275669824708,111.79092556109205,111.49613982808191
0.8709761768831576,122.43425759763399,111.86604320367923,111.5715867307541
0.8721024449616606,122.48582648392927,111.94125448978028,111.64712725536192
0.8732293910176816,122.53746566833337,112.01655262724769,111.72275464070391
0.8743570154593414,122.58917746648955,112.09192486658813,111.79845619540598
0.8754853186950067,122.64096419848275,112.16739473398742,111.87425533892424
0.8766143011332898,122.69282818883893,112.24294792476725,111.95013783172176
0.877743963183049,122.7447717665249,112.31857541752781,112.02609469365122
0.8788743052533888,122.7967972649484,112.39430453587342,112.10215312416341
0.8800053277536601,122.84890750975467,112.47011343756633,112.1782913805564
0.8811370310934596,122.90110566584761,112.5459968417881,112.25450420629572
0.8822694156826316,122.95339287347744,112.62198588212205,112.3308225932916
0.8834024819312662,123.00577147914964,112.6980511537069,112.4072172708091
0.8845362302497007,123.05824383383566,112.77419331434952,112.48368889390125
0.8856706610485195,123.110812292976,112.85044076357511,112.56026573271312
0.886805774738554,123.16347921648402,112.92676306541462,112.63691749027893
0.8879415717308831,123.21624696875006,113.00316623575992,112.71365015527336
0.8890780524368327,123.26911791864615,113.07967117524956,112.79048453304159
0.8902152172679769,123.3220944395313,113.15625116909585,112.86739403097995
0.8913530666361371,123.37517890925706,113.23291602390023,112.9443884111111
0.892491600953383,123.42837371017393,113.30967911635491,113.02148098911752
0.893630820632032,123.4816812291379,113.38651746535523,113.09864888915872
0.8947707260846498,123.5351038575178,113.46344468079076,113.17590565908914
0.8959113177240506,123.58864399120296,113.54046659031061,113.25325710002586
0.8970525959632969,123.64230403061153,113.61756395901295,113.33068406531204
0.8981945612157001,123.69608638069926,113.69475421267337,113.40820390113832
0.89933721389482,123.74999345096865,113.7720356047635,113.48581486911345
0.9004805544144656,123.80402765547883,113.8493926591223,113.56350156420426
0.9016245831886953,123.85819141285594,113.92684663002912,113.64128514346334
0.9027693006318163,123.91248714630379,114.00438817160519,113.7191563040067
0.9039147071583852,123.96691728361533,114.08200557898701,113.7971033948851
0.9050608031832084,124.02148425718444,114.15972394759582,113.87515139656048
0.9062075891213419,124.07619050401831,114.23752630698988,113.9532834166294
0.9073550653880915,124.13103846575038,114.31540473617919,114.03149157070735
0.9085032323990132,124.1860305886537,114.39338818438566,114.10980467523521
0.9096520905699128,124.24116932365497,114.4714520313518,114.18819822322027
0.9108016403168466,124.2964571263489,114.54959215255671,114.26666810934458
0.9119518820561214,124.35189645701323,114.62784136370294,114.34524699862017
0.9131028162042947,124.40748978062423,114.70616736942314,114.4239027443511
0.9142544431781744,124.46323956687283,114.78457330703601,114.50263846967475
0.9154067633948196,124.51914829018112,114.86308551316175,114.58148039019301
0.9165597772715404,124.57521842971941,114.94167435025162,114.66039900494442
0.917713485225898,124.63145246942393,115.02034715883059,114.73940162090148
0.918867887675705,124.68785289801491,115.09912266470393,114.81850687779428
0.9200229850390255,124.74442220901535,115.17797500721852,114.89768903429155
0.9211787777341756,124.80116290077017,115.25691537395561,114.97695922665845
0.9223352661797227,124.85807747646602,115.33595485461692,115.05632849364558
0.9234924507944864,124.91516844415148,115.41507137805664,115.13577486607079
0.9246503319975385,124.97243831675792,115.49427999161259,115.21531332210549
0.9258089102082029,125.02988961212087,115.57358412355174,115.29494727436757
0.9269681858460559,125.08752485300188,115.65296550486809,115.37465853836525
0.9281281593309265,125.14534656711102,115.7324430553787,115.45446594681347
0.9292888310828965,125.20335728712968,115.81201251654107,115.53436526099806
0.9304502015223004,125.26155955073416,115.89165943414262,115.61434209368126
0.9316122710697257,125.31995590061976,115.97140661322503,115.69441914478296
0.9327750401460132,125.37854888452527,116.05124208301734,115.77458449901039
0.9339385091722571,125.4373410552582,116.13115521677557,115.85482757896654
0.9351026785698048,125.4963349707202,116.21117271753468,115.93517496446225
0.9362675487602576,125.55553319393354,116.29127487683091,116.01560703833157
0.9374331201654708,125.61493829306767,116.37145490808619,116.09611704562839
0.9385993932075529,125.67455284146662,116.451743425121,116.17673545876572
0.939766368308867,125.73437941767668,116.53211295626835,116.25743493336074
0.9409340458920307,125.7944206054749,116.61256144517209,116.33821342282731
0.9421024263799156,125.85467899389799,116.69312079724585,116.41910268509228
0.9432715101956479,125.91515717727177,116.7737583840707,116.50007024298748
0.9444412977626085,125.97585775524117,116.85447901583784,116.58112088468324
0.9456117895044335,126.03678333280075,116.93530689963806,116.66227870534372
0.9467829858450134,126.09793652032589,117.01621322745193,116.7435150306103
0.9479548872084944,126.15931993360445,117.097206700655,116.82483852178838
0.9491274940192779,126.22093619386884,117.1783038025118,116.90626558594339
0.9503008067020206,126.28278792782895,117.25947955811738,116.98777136415531
0.9514748256816348,126.34487776770537,117.34074657284602,117.06936840359892
0.952649551383289,126.40720835126324,117.422113580585,117.15106539785465
0.9538249842324072,126.46978232184665,117.50355945228213,117.2328413160947
0.9550011246546698,126.5326023284138,117.5851007101497,117.31471260412374
0.956177973076013,126.59567102557214,117.66673831309807,117.39668021659958
0.9573555299226301,126.65899107361484,117.74845499068982,117.47872696346539
0.9585337956209703,126.7225651385572,117.83027119483965,117.56087320194291
0.9597127705977395,126.78639589217386,117.91218008383233,117.64311212227764
0.9608924552799014,126.85048601203663,117.99416825863113,117.7254303878879
0.9620728500946756,126.91483818155271,118.07626011374327,117.80785228022668
0.9632539554695395,126.97945509000361,118.15844098112892,117.89036319958454
0.9644357718322275,127.04433943258451,118.24070134596256,117.97295367558498
0.9656182996107318,127.10949391044431,118.32306955826029,118.05565192675425
0.9668015392333018,127.17492123072618,118.40552309790738,118.138435537831
0.9679854911284451,127.2406241066086,118.48805634712512,118.22129891740057
0.9691701557249273,127.30660525734703,118.57070162438151,118.30427423393245
0.9703555334517716,127.37286740831624,118.65342853168455,118.38733123096164
0.9715416247382599,127.43941329105306,118.73623752026134,118.47047035787617
0.9727284300139324,127.50624564329969,118.8191584127079,118.55372129881489
0.9739159497085879,127.57336720904772,118.9021593845935,118.63705237757394
0.9751041842522837,127.64078073858256,118.98524658640888,118.72046971629386
0.9762931340753364,127.70848898852853,119.06844202846925,118.80399522312089
0.9774827996083212,127.7764947218945,119.15171776340229,118.88760108093732
0.9786731812820728,127.84480070812015,119.23508389034697,118.971297342145
0.9798642795276848,127.91340972312263,119.31855458154337,119.05509811325456
0.9810560947765112,127.98232454934403,119.40210577953324,119.13897944901221
0.9822486274601648,128.0515479757991,119.48575154507141,119.22295534497674
0.9834418780105186,128.1210827981242,119.56949818647499,119.30703208032386
0.9846358468597055,128.1909318186257,119.6533255490818,119.39118959446908
0.9858305344401184,128.26109784633024,119.73725166825787,119.47544583905308
0.9870259411844107,128.33158369703466,119.82127496249505,119.5597992401599
0.9882220675254961,128.40239219335666,119.90537919283577,119.64423363470786
0.989418913896549,128.47352616478665,119.98958638228102,119.72877094337409
0.9906164807310046,128.54498844773926,120.07388703353972,119.81340171333606
0.9918147684625588,128.616781885606,120.15826883629448,119.89811369187692
0.9930137775251686,128.68890932880856,120.24275781423387,119.98293278169508
0.9942135083530526,128.76137363485236,120.32733652826971,120.0678416251874
0.9954139613806903,128.83417918117772,120.41199660968812,120.1528318928927
0.996615137042823,128.9073344954115,120.49676809594693,120.23793348254613
0.9978170357744537,128.98083559570662,120.58162558008961,120.32312110582987
0.9990196580108471,129.0546853724429,120.66656464799699,120.40839036945887
1.00022300418753,129.12888672336737,120.75161936400764,120.49377517925143
1.0014270747402918,129.20344255365137,120.83675632716715,120.57924229017998
1.0026318701051833,129.27835577594865,120.92197856805777,120.66479471896359
1.0038373907185187,129.3536293104545,121.00731375977976,120.75046000994874
1.0050436370168745,129.42926608496464,121.09273091245277,120.83620731797407
1.0062506094370895,129.50526903493528,121.17823755383357,120.92204413596397
1.0074583084162665,129.58164110354377,121.26385342942282,121.00799011760884
1.0086667343917703,129.65838524174958,121.34955148369899,121.09401833378793
1.0098758878012302,129.73550440835604,121.43534325126843,121.18014026558713
1.0110857690825377,129.81300157007274,121.52124052391169,121.26636765005527
1.0122963786738488,129.8908797015783,121.60722019348006,121.35267748705641
1.0135077170135827,129.969141785584,121.69329781456804,121.43908525891273
1.014719784540423,130.04779081289792,121.77947719905609,121.52559475998379
1.015932581693317,130.1268297824897,121.86573919921142,121.6121869320931
1.017146108911476,130.20626170155572,121.95210340278626,121.6988812719062
1.0183603666343766,130.28608958558533,122.03856561552031,121.78567360498215
1.0195753553017592,130.3663164584272,122.12511066316955,121.87254882810986
1.0207910753536291,130.44694535235666,122.21176217984487,121.95953046543825
1.022007527230256,130.52797930814333,122.29850793884293,122.04660634755
1.023224711372176,130.60942137511972,122.38533675251156,122.13376533923696
1.0244426282201888,130.69127460942008,122.47227631455317,122.2210350053046
1.0256612782153607,130.7735411163059,122.55930633945663,122.30839515511846
1.0268806617990223,130.8562208271822,122.64641963929513,122.39583863454261
1.0281007794127708,130.93932635308002,122.73364798062796,122.48339706224621
1.0293216314984692,131.02284144347237,122.8209629927078,122.57104220007017
1.0305432184982457,131.10676455611238,122.90836229335588,122.65877167721295
1.0317655408544957,131.1910941470505,122.99587935671327,122.74661881196869
1.03298859900988,131.2758286705838,123.08348007887675,122.834549659759
1.0342123934073264,131.36096657920618,123.17116935006666,122.9225690882654
1.035436924490029,131.4465063235583,123.25897262640034,123.01070243516263
1.0366621927014492,131.5324463523782,123.34685978319743,123.09891971653049
1.0378881984853148,131.6187851124516,123.43483976325454,123.18722983373095
1.039114942285621,131.7055210485629,123.5229299782477,123.27565011752351
1.04034242454663,131.79265260344624,123.61110429587752,123.36415455774123
1.0415706457128717,131.8801782177369,123.69937572481122,123.45275610266377
1.0427996062291436,131.96809632992264,123.78775360580097,123.54146404977166
1.044029306540511,132.05640537629566,123.87621581211849,123.63025637577958
1.045259747092307,132.14510379090459,123.96477943162932,123.7191500891569
1.0464909283301325,132.23419000550678,124.05344570761339,123.80814642767275
1.047722850699857,132.32366244952078,124.14219653213576,123.89722736808551
1.0489555146476184,132.41351954997916,124.2310530856223,123.98641399236183
1.050188920619823,132.50375973148135,124.32000848726548,124.07569945205755
1.0514230690631459,132.59439823836576,124.40904866117883,124.16506973717088
1.052657960424531,132.68541693040737,124.498198893745,124.25455001650926
1.0538935951511914,132.7768139267621,124.5874441533857,124.34412532884242
1.0551299736906092,132.86858763898744,124.6767744095515,124.43378569063958
1.0563670964905363,132.96073647597498,124.76621906801346,124.52356037092896
1.0576049639989933,133.05325884390476,124.85575491967039,124.61342626904968
1.0588435766642716,133.14615314619962,124.9453759926323,124.70337744120819
1.0600829349349314,133.23941778348012,125.0351158255256,124.79344727007035
1.0613230392598039,133.33305115351973,125.12494300490444,124.88360448882776
1.0625638900879895,133.42705165119997,125.21485775695012,124.97384932287919
1.0638054878688592,133.52141766846609,125.30489138848145,125.06421293352284
1.0650478330520556,133.61614759428298,125.39501063298133,125.15466220947178
1.0662909260874907,133.71123981459098,125.48522177466951,125.24520340595379
1.0675347674253475,133.80669271226236,125.5755479842036,125.33585958603628
1.0687793575160804,133.90250466705817,125.66596003292385,125.42660165744392
1.0700246968104148,133.998678479378,125.7564683173464,125.51743996856827
1.0712707857593473,134.09522160405132,125.84708784515762,125.60838945754148
1.0725176248141464,134.19211882430247,125.93779343890452,125.69942506439408
1.0737652144263516,134.28936850417134,126.02859962089835,125.79056124413103
1.0750135550477748,134.3869690043694,126.11951320897285,125.88180478317071
1.0762626471304995,134.4849186822375,126.21051309026619,125.97313466718029
1.0775124911268814,134.58321589170424,126.3016179264203,126.06456947126593
1.0787630874895489,134.68185898324478,126.39282631846265,126.15610780327847
1.080014436671402,134.78084630383916,126.48412123154247,126.24773270788945
1.0812665391256144,134.88017619693176,126.57552548020531,126.33946689383275
1.0825193953056318,134.9798470023903,126.66702942164535,126.43130076346199
1.0837730056651733,135.07985705646578,126.75862011247884,126.5232214338581
1.0850273706582305,135.18020469175207,126.85032453376535,126.61525576094812
1.0862824907390696,135.2808882371459,126.94212477176482,126.70738591458196
1.0875383663622287,135.38191602678137,127.03401198805281,126.79960309769282
1.0887949979825204,135.48328451622749,127.12601734385196,126.89193832700632
1.090052386055031,135.5849837550935,127.2181146273113,126.98436551278357
1.0913105310351205,135.68701205421794,127.31029911849522,127.07687995729154
1.0925694333784233,135.78936772054183,127.40260617247702,127.16951685169978
1.093829093540848,135.89204905707027,127.49500125204213,127.26224181951693
1.095089511978577,135.99505436283428,127.58748726630652,127.35505775662524
1.0963506891480688,136.09838193285316,127.68009328693373,127.44799360004026
1.0976126255060552,136.20203005809668,127.77278691500283,127.54101710155827
1.0988753215095435,136.30599702544797,127.86557586744907,127.63413594257754
1.1001387776158162,136.41028111766664,127.95848095981741,127.72737084237967
1.1014029942824308,136.51488061335183,128.05147389054775,127.8206936310308
1.1026679719672208,136.61979864178798,128.14456654956192,127.9141161435821
1.1039337111282947,136.72504181888394,128.2377714690465,128.00765085443098
1.105200212224037,136.83059504775417,128.33106445836134,128.1012736854256
1.1064674757131077,136.93645658707692,128.42446159413677,128.1950006389508
1.1077355020544437,137.04262469118447,128.51796709788363,128.28883591728922
1.109004291707258,137.1490976100283,128.61156090347905,128.3827595476228
1.1102738451310394,137.25587358914402,128.70526328802376,128.4767917133921
1.111544162785554,137.36295086961704,128.79907013495676,128.57092831745288
1.1128152451308442,137.47032768804817,128.89296551630838,128.66515350591263
1.1140870926272293,137.5780022765196,128.98697392345255,128.75949165703173
1.1153597057353062,137.6859728625612,129.08108287428016,128.85393034684455
1.1166330849159487,137.7942384531296,129.17528059265015,128.94845785401643
1.117907230630308,137.9028133719702,129.26959579805333,129.04310276543418
1.119182143339813,138.01167874652617,129.36400761527563,129.13784430283246
1.1204578235061704,138.1208327828228,129.4585084337197,129.2326748911081
1.121734271591365,138.2302736821626,129.5531312148783,129.32762733962372
1.123011488057659,138.33999964109316,129.6478466627938,129.42267248825152
1.1242894733675937,138.45000885137546,129.7426520460018,129.51780761843438
1.1255682279839883,138.5602994999524,129.83758248242273,129.6130676861057
1.126847752369941,138.67086976891784,129.93260232713547,129.7084172114248
1.128128046988828,138.7817178354854,130.02771654871745,129.80386114029156
1.1294091123043057,138.89284187195835,130.12295191464656,129.8994261168879
1.130690948780309,139.0042511403761,130.21827692407285,129.99508078618467
1.1319735568810514,139.11593849614002,130.31370076638527,130.0908342954284
1.1332569370710266,139.2278960772217,130.40924183099537,130.18670494950206
1.134541089815008,139.34012203296467,130.50487277487096,130.28266553189425
1.135826015578048,139.45261450764704,130.60060702213397,130.37872940508504
1.13711171482548,139.5653716404526,130.6964545564223,130.47490650702488
1.1383981880229166,139.6783915654426,130.79239220630924,130.57117377346893
1.1396854356362511,139.79167241152714,130.88843764461393,130.66754879606134
1.1409734581316575,139.90521230243752,130.9845924214092,130.7640331181
1.1422622559755897,140.01900935669866,131.08083755070285,130.86060784139772
1.1435518296347833,140.13307672131705,131.17719496801894,130.95729480073848
1.144842179576254,140.24739838229567,131.2736577619882,131.05408711695915
1.146133306267299,140.36197126668768,131.37021114592432,131.150970071765
1.1474252101754971,140.47679346885462,131.46688133210748,131.24796975710035
1.1487178917687082,140.5918630778118,131.5636529197634,131.3450708434438
1.1500113515150734,140.70717817720254,131.6605153354252,131.44226280627177
1.151305589883017,140.82273684527266,131.75749908222494,131.53957600875518
1.1526006073412436,140.9385371548454,131.85458024193264,131.63698664302697
1.1538964043587414,141.0545771732965,131.95175246825775,131.73448839225767
1.1551929814047799,141.1708666197813,132.04905056932463,131.83211590495733
1.1564903389489114,141.28739519429251,132.14644208130886,131.92983686683476
1.157788477460971,141.40415735336597,132.24392698588832,132.02765125993332
1.1590873974110767,141.52115113923315,132.34153814998987,132.12559180062877
1.160387099269629,141.63837458855227,132.43924079634215,132.22362387166794
1.161687583507312,141.7558257323855,132.53704134420687,132.32175386313884
1.162988850595093,141.87350259617634,132.6349641864558,132.42000605638103
1.1642909010042228,141.99140319972756,132.73297875114125,132.518350020024
1.1655937352062362,142.1095266848192,132.83109574096844,132.61679640799542
1.1668973536729512,142.2278828124348,132.92933104663103,132.71536103853697
1.1682017568764702,142.34645638498785,133.02765831549584,132.81401768011887
1.16950694528918,142.46524539634964,133.12609254789118,132.91278126466094
1.1708129193837515,142.58424783463786,133.22464110411966,133.01165911915254
1.1721196796331397,142.70346168219612,133.32328186489798,133.11062922590855
1.1734272265105854,142.82288491557438,133.42203414240316,133.209710809041
1.1747355604896135,142.94251550550888,133.5208967382431,133.30890267603877
1.1760446820440338,143.0623514169029,133.6198517805644,133.4081870371116
1.1773545916479415,143.18240088525747,133.71892290766496,133.5075874228113
1.178665289775718,143.30265379364204,133.81810033406225,133.60709409278383
1.1799767769020288,143.42310553278338,133.9173704494582,133.7066934992304
1.1812890535018266,143.54375404087227,134.01676123259114,133.80641349343907
1.1826021200503485,143.6645972501691,134.11625428239935,133.9062357587747
1.1839159770231191,143.7856330869866,134.21584026431128,134.0061510035738
1.1852306248959485,143.90685947167285,134.31555151187277,134.1061914142057
1.186546064144933,144.02827431859416,134.4153609798602,134.2063300692196
1.1878622952464564,144.14988563179546,134.51526362364615,134.3065619472787
1.1891793186771882,144.27168217128488,134.61529614599905,134.40692358422842
1.1904971349140856,144.39366050270493,134.71542282885602,134.50737942516986
1.1918157444343929,144.5158185131089,134.81564644520816,134.6079322307464
1.1931351477156409,144.63815408348526,134.91599754128012,134.70861240848268
1.1944553452356486,144.76066508874302,135.0164422376261,134.80938623354214
1.1957763374725225,144.8833493976975,135.11698844507004,134.91026158104444
1.1970981249046573,145.00620773520785,135.21765810986855,135.0112602978241
1.1984207080107345,145.1292420201396,135.31842162025967,135.11235290714072
1.199744087269725,145.2524427770758,135.41929123435494,135.213551611693
1.201068263160887,145.37580784706762,135.5202802697824,135.31486966901087
1.2023932361637684,145.49933506500193,135.62136339671832,135.4162818646795
1.2037190067582042,145.62302225958894,135.72255723501902,135.51780474341405
1.20504557542432,145.74686725335036,135.8238664449268,135.61944294472605
1.206372942642529,145.87086786260792,135.92526999285826,135.72117553080452
1.2077011088935339,145.99502996554463,136.026788874921,135.82302340286935
1.2090300746583278,146.11934314885835,136.12841906511676,135.9249825535997
1.210359840418192,146.24380493038498,136.23014384045283,136.02703633611628
1.2116904066546978,146.36841309825937,136.33198858784445,136.12921002268303
1.2130217738497073,146.4931654343605,136.43394056609952,136.23149093023156
1.2143539424853715,146.61805971430206,136.5359873772149,136.33386671719202
1.2156869130441326,146.74309370742353,136.63815881352028,136.4363670414636
1.217020686008722,146.86827124151813,136.74043338957688,136.53897051521307
1.2183552618621634,146.99358421627034,136.8428030468192,136.64166911660823
1.21969064108777,147.1190297211819,136.94530199764924,136.7444969038268
1.221026824169146,147.24460549711588,137.04789998322795,136.84742375515032
1.2223638115901871,147.3703092786184,137.15059389684475,136.95044657818445
1.2237016038350803,147.49613879391228,137.25342059192448,137.05360206041797
1.2250402013883037,147.62209214339714,137.35634280073143,137.15685310268609
1.2263796047346276,147.7481712048913,137.45936557004075,137.2602047292911
1.2277198143591135,147.87436867236815,137.5625170540541,137.36368496793443
1.2290608307471151,148.00068224538754,137.66576430178847,137.4672610165228
1.2304026543842788,148.1271096171549,137.76911675775048,137.57094227732316
1.2317452857565425,148.2536484745166,137.87259384778386,137.67474808914844
1.233088725350137,148.38029649795595,137.97616695214518,137.7786499614449
1.234432973651586,148.50705284976632,138.0798499277742,137.88266168913236
1.2357780311477058,148.63391515596038,138.18365344291976,137.9867938929294
1.2371238983256057,148.76087913245777,138.28755322361536,138.0910224083416
1.2384705756726886,148.88794243093778,138.39156755398787,138.19536543768322
1.23981806367665,149.01510269669973,138.4956983153509,138.2998248542669
1.2411663628254803,149.14235756866077,138.5999255941034,138.40438083422953
1.2425154736074626,149.2697047149739,138.70427211636587,138.5090560020756
1.243865396511174,149.3971429787828,138.80873094707235,138.6138434542933
1.245216132025486,149.52466820696267,138.9132865476269,138.71872772227567
1.2465676806395645,149.65227800957135,139.01796610100385,138.8237358675675
1.2479200428428694,149.7799699902799,139.12275382620774,138.9288521803065
1.2492732191251557,149.9077417463731,139.2276385743397,139.03406556181983
1.2506272099764728,150.03559086874958,139.33265200014156,139.139407525598
1.2519820158871655,150.16351451270484,139.43776944703234,139.24485352579296
1.2533376373478737,150.29151007865573,139.54298417055446,139.35039684839788
1.2546940748495323,150.41957520041407,139.64833231218577,139.4560734738098
1.256051328883372,150.5477074400339,139.7537803099959,139.56184999045018
1.2574093999409193,150.675904353193,139.85932788027785,139.66772611616804
1.2587682885139964,150.8041634891957,139.96500954173322,139.7737362160725
1.2601279950947215,150.93248067762235,140.0707889217457,139.87984408021015
1.2614885201755093,151.06085390489088,140.17667257801824,139.98605623734576
1.2628498642490706,151.18928139857735,140.28268619959383,140.09239826250544
1.2642120278084132,151.31776067922297,140.38879779514957,140.19883830726187
1.2655750113468414,151.44628926101777,140.49501838634257,140.30538734452062
1.2669388153579564,151.57486465180602,140.60136480281344,140.41206212950044
1.2683034403356568,151.70348094581973,140.70780944931892,140.51883519007455
1.269668886774138,151.8321373985825,140.81436782648493,140.62572195829773
1.2710351551678936,151.96083255849447,140.92104787469722,140.7327303397454
1.2724022460117141,152.08956390478335,141.02782640963193,140.83983725342082
1.2737701598006888,152.21832891036576,141.13472342595423,140.9470626055933
1.275138897030204,152.34712504185504,141.24173794483258,141.05440542224673
1.276508458195945,152.47594336842627,141.34885120775664,141.16184702839954
1.2778788437938946,152.604786858349,141.45608771855737,141.26941181965796
1.2792500543203356,152.73365322776294,141.56343754911248,141.37708991235297
1.2806220902718481,152.8625399148776,141.67088638167425,141.48486705245912
1.2819949521453118,152.991444351647,141.77846324442254,141.59277214010015
1.2833686404379054,153.1203614095348,141.88614922975884,141.7007863517779
1.2847431556471072,153.24928462463774,141.99393447570233,141.80889986942083
1.2861184982706941,153.37821722150423,142.10185255002236,141.917146112909
1.2874946688067437,153.50715660391555,142.20987553534556,142.0254972886236
1.2888716677536327,153.63610016945606,142.31799804051823,142.13394802950177
1.2902494956100383,153.76504530952528,142.42625818819735,142.24253629047777
1.2916281528749374,153.89398111260437,142.53461902082202,142.3512252774039
1.2930076400476074,154.0229100943244,142.6430831602767,142.4600176009024
1.2943879576276267,154.151832140512,142.75168271817924,142.5689452316271
1.2957691061148737,154.28074461473062,142.86038224753645,142.67797287906762
1.2971510860095283,154.40964487443082,142.96918986043843,142.78710861992934
1.2985338978120715,154.53852582604335,143.07812870561438,142.8963755016284
1.299917542023285,154.66738031210903,143.1871677832594,143.00574266102197
1.3013020191442524,154.7962139546013,143.29631973710073,143.1152226866242
1.3026873296763588,154.92502408347156,143.4055987225872,143.22482967222726
1.3040734741212914,155.053808022641,143.51497820220715,143.3345371971559
1.305460452981039,155.18256256493646,143.62447536667224,143.44436237708123
1.3068482667578927,155.31127064761696,143.73409534764383,143.55431032166683
1.308236915954446,155.43994379399746,143.84381608506524,143.6643590678637
1.3096264010735947,155.5685793008858,143.95365933203917,143.77453027390803
1.3110167226185383,155.69717445915384,144.06362116581556,143.8848200347114
1.3124078810927782,155.82572655375537,144.1736840190122,143.99521086006834
1.313799877000119,155.9542182384791,144.28387422258888,144.10572896624925
1.3151927108446686,156.0826577840901,144.39417876864246,144.21636140266983
1.316586383130839,156.21104538278362,144.504584597743,144.32709516724518
1.317980894363345,156.3393782929224,144.61512263423342,144.43796104981
1.3193762450472057,156.46765376705864,144.7257707541971,144.5489370234193
1.3207724356877444,156.59585465406045,144.83652042149282,144.66001458944552
1.3221694667905877,156.7239864964276,144.94740716943335,144.77122912687958
1.3235673388616673,156.85205190588488,145.0583997271082,144.8825495014288
1.3249660524072195,156.98004810888764,145.16949458361677,144.99397221776124
1.326365607933785,157.10797232619913,145.2807304372212,145.10553580635494
1.3277660059482097,157.235805971344,145.3920682985843,145.21720144778274
1.329167246957644,157.36355502634206,145.5035132938767,145.3289742462483
1.3305693314695448,157.49122298720872,145.61509505322562,145.44088370376474
1.3319722599916732,157.61880740560974,145.72677908643772,145.5528954802049
1.3333760330320965,157.74630782094567,145.8385751049159,145.6650192451861
1.3347806510991878,157.87370713834744,145.95050363969494,145.77727544129283
1.3361861147016265,158.00102007452693,146.06253471510834,145.88963422308203
1.337592424348398,158.128252770161,146.1746826434293,146.0021098412289
1.3389995805487938,158.25540645007217,146.28695882552125,146.11471364780198
1.3404075838124123,158.3824823429093,146.3993378156875,146.22742030748768
1.3418164346491586,158.5094605060817,146.51183854277147,146.34024866772617
1.3432261335692446,158.6363624709676,146.62446324626407,146.453200958858
1.3446366810831896,158.7631906482305,146.73719102594177,146.566256371206
1.3460480777018202,158.88994628359688,146.85004544298076,146.67943836474632
1.3474603239362701,159.01662652202833,146.9630195441744,146.79274001675333
1.348873420297981,159.14321925413196,147.0760969903372,146.9061450587559
1.3502873672987028,159.2697435028839,147.1893059908031,147.01968157910056
1.3517021654504926,159.39620053085565,147.30263036821884,147.13333347053123
1.3531178152657166,159.52259160432476,147.41605836006306,147.2470890214146
1.354534317257049,159.64890737507946,147.52962283971632,147.3609809643672
1.3559516719374725,159.77514960696314,147.64329837410372,147.47498397600967
1.3573698798202791,159.90133001417038,147.7570777930563,147.589090917242
1.3587889414190688,160.02744987954773,147.87099864995395,147.70333918091507
1.3602088572477522,160.15351048958564,147.9850262242987,147.81769419580505
1.3616296278205482,160.27949504480048,148.09915994424097,147.9321553928064
1.3630512536519857,160.40542115069022,148.21343608852953,148.04675889592818
1.3644737352569027,160.5312922012712,148.32781658806164,148.16146679935684
1.3658970731504483,160.65710949933884,148.4423081443133,148.2762857762333
1.3673212678480802,160.7828673782947,148.5569378292607,148.3912427834294
1.3687463198655678,160.9085618314923,148.67167214146218,148.5063044629513
1.37017222971899,161.03420678886445,148.78652243813102,148.62148212389707
1.3715989979247367,161.15980356930595,148.9015065527934,148.73679352430477
1.3730266249995091,161.28535349524984,149.01659556740634,148.8522098697455
1.3744551114603185,161.41084140811785,149.13180551092717,148.96774712129425
1.3758844578244882,161.5362833186574,149.2471449466264,149.08341380632774
1.3773146646096524,161.66168269975844,149.36258955566066,149.1991857097921
1.3787457323337573,161.78704088971165,149.4781600548036,149.31508346082498
1.3801776615150607,161.91235067941525,149.59385570513513,149.4311063241832
1.3816104526721324,162.0376129108951,149.70965680287648,149.54723468006293
1.3830441063238543,162.1628383315229,149.8255887687555,149.6634938418172
1.384478622989421,162.28802829525975,149.94164152959647,149.77987377949182
1.3859140031883392,162.41318187872142,150.0578000126146,149.89635948447366
1.3873502474404285,162.53828811703625,150.17409435869607,150.01298097055135
1.388787356265821,162.663363333398,150.29050512821306,150.1297188808347
1.390225330184963,162.7884088972594,150.40702189536924,150.2465628339082
1.3916641697186127,162.91342618147635,150.5236795374803,150.36354756028413
1.3931038753878429,163.03840290742716,150.6404492161375,150.48064434377716
1.3945444477140394,163.1633519899518,150.7573251685929,150.59784744624278
1.3959858872189024,163.28827729376115,150.87434702493007,150.71519633127332
1.3974281944244455,163.41318020699526,150.99147651549725,150.83265289089354
1.3988713698529973,163.5380526593798,151.10871609533746,150.95021957011244
1.4003154140271998,163.6628999897288,151.22609954785844,151.06793001080214
1.4017603274700108,163.78772948383812,151.34358975541883,151.18574725179172
1.4032061107047018,163.91254254497272,151.46119504126312,151.3036795816891
1.4046527642548603,164.0373341456825,151.57893984009416,151.42175133320362
1.4061002886443883,164.16210441389484,151.6967916720526,151.53993016313723
1.407548684397503,164.2868628563651,151.81476358833632,151.6582290683386
1.4089979520387383,164.41161089133354,151.93287064250632,151.7766630398852
1.4104480920929425,164.53634552357119,152.05108500859723,151.8952043686781
1.4118991050852805,164.66106372534583,152.16942448215588,152.0138707762211
1.4133509915412334,164.78577617926723,152.28789470302914,152.13266787935336
1.4148037519865988,164.91048431840952,152.4064725153247,152.25157261926944
1.4162573869474897,165.03518632418522,152.52518047540215,152.37060745861223
1.4177118969503373,165.1598777583076,152.64401477668656,152.4897686072382
1.4191672825218886,165.2845695892628,152.7629569496046,152.609037672898
1.420623544189208,165.40926326482708,152.882034327862,152.72844187592784
1.422080682479678,165.53395744253461,153.00123362561698,152.847967986318
1.4235386979209967,165.65864770844973,153.12054107592917,152.96760229470678
1.4249975910411818,165.78334458212544,153.23998880645348,153.08737679574875
1.4264573623685677,165.90804952591807,153.35955401909814,153.2072687865441
1.4279180124318074,166.03276112800097,153.47922766593814,153.32726925701988
1.4293795417598716,166.1574761235382,153.59904668525073,153.4474149928453
1.43084195088205,166.28220400348903,153.7189787335719,153.56767378506552
1.43230524032795,166.40694624467682,153.8390198634021,153.68804170281717
1.4337694106274994,166.53170097539598,153.95921074550864,153.80855924920237
1.4352344623109436,166.6564668946487,154.07951055266915,153.92918576625382
1.4367003959088476,166.78125204021623,154.1999244928125,154.04992644069492
1.438167211952096,166.90605790328584,154.3204837756882,154.17081235404422
1.4396349109718927,167.03088191659816,154.44115226723488,154.2918075217281
1.441103493499761,167.15572524796232,154.56193996062035,154.4129218960672
1.4425729600675457,167.280594212354,154.68286857148098,154.53417710385898
1.4440433112074096,167.4054903152307,154.8039066753529,154.65554185037945
1.4455145474518374,167.5304102127891,154.92506906737498,154.77703087030247
1.4469866693336337,167.65535773716417,155.04636793583435,154.89865630242406
1.4484596773859244,167.78033736569483,155.16777658237095,155.02039155839637
1.4499335721421556,167.90535061802518,155.28931462089838,155.14225617207515
1.4514083541360947,168.030393447309,155.41098467897683,155.26425276083077
1.4528840239018308,168.15547223646428,155.5327648009261,155.38635945928945
1.454360581973774,168.28058966496397,155.65467943631046,155.5086006173905
1.4558380288866566,168.4057467976137,155.77672161844256,155.63096929750947
1.4573163651755323,168.5309405191501,155.89887415096925,155.75344837391643
1.4587955913757775,168.65617793425994,156.02116633605385,155.87606702960963
1.4602757080230901,168.7814605876506,156.143581579097,155.9988087382547
1.4617567156534914,168.90678828873772,156.266107459791,156.12166113050756
1.4632386148033243,169.0321616371065,156.38877814991946,156.24465823947463
1.4647214060092553,169.15758532745673,156.51156739316195,156.3677739162501
1.4662050898082737,169.28306091850135,156.63446756204618,156.49100056469024
1.4676896667376922,169.40858746641163,156.75751771507137,156.6143770851338
1.4691751373351472,169.53416831459631,156.88068190024066,156.73786767209364
1.4706615021385976,169.65980621646574,157.00395923246634,156.86147144437126
1.4721487616863276,169.78550259568107,157.12738787607242,156.9852264121668
1.4736369165169445,169.9112568579443,157.2509279473434,157.1090928538229
1.4751259671693804,170.03707336517442,157.3745862985979,157.2330775942401
1.476615914182891,170.16295370089273,157.49839148490918,157.3572090736095
1.4781067580970573,170.28889874567568,157.6223083889124,157.48145231694008
1.479598499451785,170.41491028780382,157.74634872365002,157.60581899032982
1.481091138787305,170.54099089874921,157.87053140101753,157.73032792997984
1.4825846766441724,170.66714217593454,157.9948260868476,157.8549489244375
1.4840791135632694,170.79336538575302,158.1192493720635,157.97969849818512
1.4855744500858021,170.9196628743734,158.24381049130815,158.1045858493027
1.4870706867533035,171.04603631852,158.36848391053192,158.22958554682293
1.488567824107632,171.17248753796437,158.49329111577066,158.35471899087457
1.4900658626909726,171.29901864124864,158.6182316301917,158.47998570713554
1.4915648030458364,171.42563102743827,158.74328473685668,158.60536506214476
1.493064645715061,171.5523263186476,158.86847683422135,158.7308833490165
1.4945653912418106,171.67910768972288,158.99379769960456,158.85653038659365
1.4960670401695775,171.80597592743175,159.11923145024718,158.98229035601764
1.49756959304218,171.93293244641848,159.24480941440802,159.108194460804
1.4990730504037637,172.05997998663085,159.37051158903427,159.23422277837543
1.5005774127988027,172.18712111966664,159.4963269426883,159.36036432164772
1.502082680772098,172.314355948308,159.62229175089178,159.48665522203083
1.503588854868779,172.44168611935885,159.74837619554515,159.61306578078836
1.5050959356343032,172.56911718153674,159.87457411375,159.7395898598584
1.5066039236144562,172.69664753604116,160.00092674582763,159.86626853611673
1.5081128193553521,172.82427869619085,160.12739442380393,159.99306229977404
1.5096226234034344,172.95201516660433,160.25397941894104,160.1199734133757
1.511133336305475,173.07985839756068,160.3807173089902,160.2470373141328
1.512644958608575,173.20780793552728,160.50756918610534,160.37421524893406
1.514157490860165,173.33586660468146,160.63454359688532,160.50151573085688
1.5156709336080048,173.46404019715786,160.76166635779973,160.62896447482748
1.5171852874001843,173.59232563618957,160.88890340239814,160.75652754955564
1.518700552785123,173.72072460419167,161.0162682154509,160.8842183869047
1.5202167303115708,173.84924507574777,161.14377681734754,161.0120529446521
1.521733820528608,173.9778840737875,161.27140000031054,161.14000213063713
1.5232518239856452,174.1066421894812,161.39915620488313,161.26808431314572
1.5247707412324236,174.23552565129157,161.52705162042193,161.3963056577864
1.5262905728190157,174.3645360011924,161.6550619151761,161.52464192891387
1.5278113192958247,174.49367109579137,161.78321050314162,161.65311644895243
1.5293329812135859,174.62293501936972,161.91149370753402,161.7817255561645
1.5308555591233652,174.7523346491613,162.03989209005996,161.91044988888393
1.5323790535765607,174.8818646891598,162.16843405592647,162.0393177414691
1.533903465124902,175.01152685767715,162.29710602694374,162.1683155895006
1.5354287943204519,175.1413337271146,162.4258934757842,162.29742896283395
1.5369550417156044,175.27127681462224,162.55482981670386,162.42669114563725
1.5384822078630864,175.40135774575438,162.68389153468567,162.55607871531475
1.5400102933159578,175.5315874240709,162.81306903095413,162.68558211086486
1.5415392986276109,175.6619617971992,162.94240074673212,162.81523962422204
1.5430692243517714,175.79247976782634,163.07185319459504,162.9450178989591
1.5446000710424983,175.92315040973943,163.20142195409645,163.07491253212834
1.5461318392541843,176.0539744430423,163.3311498150879,163.20496614783778
1.5476645295415556,176.18494786664465,163.46099397833382,163.33513611364324
1.5491981424596726,176.31607783577616,163.59095973683205,163.46542770230803
1.550732678563929,176.4473700407427,163.72107999869206,163.59587369497407
1.5522681384100543,176.57881746791054,163.85131686541678,163.72643634046076
1.553804522554111,176.71042533720234,163.98168062969205,163.8571258919593
1.5553418315524976,176.8422043628043,164.11219428233593,163.98796525202184
1.5568800659619466,176.9741444818017,164.24282484323777,164.11892156841503
1.5584192263395258,177.10624903399057,164.37358762275576,164.25001009278193
1.5599593132426386,177.23853366728363,164.50449565870724,164.38124381329928
1.5615003272290244,177.37098530466662,164.63552090709547,164.5125947944452
1.5630422688567576,177.50360573455893,164.76668371401664,164.6440833044206
1.5645851386842482,177.63641469959973,164.89798712841667,164.7757123810782
1.5661289372702436,177.76939682088943,165.02940806022008,164.9074590234524
1.5676736651738263,177.9025536964981,165.16097190940843,165.0393485344908
1.5692193229544165,178.03590469451504,165.29267170002382,165.17137396560983
1.5707659111717698,178.16943640492585,165.42448931379948,165.3035172683261
1.57231343038598,178.30314887151013,165.55645522283194,165.43580879860565
1.5738618811574776,178.4370613782903,165.6885523900637,165.56823158515132
1.57541126404703,178.57116192351396,165.8207676870054,165.70077254997
1.576961579615743,178.7054492670741,165.9531366761808,165.8334671204015
1.5785128284250596,178.83994297101557,166.0856322230729,165.96628826599184
1.5800650110367611,178.9746317380612,166.21824620701986,166.09922789732855
1.5816181280129664,179.10951338619546,166.35101929936815,166.23232653156458
1.5831721799161333,179.24460818911925,166.48391423161624,166.36554704247902
1.5847271673090586,179.37990470720976,166.6169297775386,166.49888820880412
1.5862830907548764,179.51540023002806,166.750106130353,166.63239007185715
1.5878399508170613,179.6511162480569,166.8834014563129,166.76601095704513
1.5893977480594268,179.78704018958234,167.01682276716764,166.89975784987655
1.5909564830461251,179.92316930067688,167.15040021516685,167.03366078914394
1.5925161563416483,180.05952686518222,167.28409694586327,167.1676830602335
1.594076768510829,180.19609804671072,167.41792505185816,167.30183671042846
1.5956383201188387,180.3328806041836,167.55190460793992,167.4361417394187
1.5972008117311898,180.46990026280227,167.6860037570752,167.57056641072515
1.598764243913735,180.6071386461478,167.82023969118208,167.70512785191534
1.6003286172326678,180.7445946536968,167.95462237092798,167.83983598683037
1.6018939322545225,180.88229717141797,168.08912495489074,167.97466407536498
1.6034601895461735,181.0202228647668,168.2237697528548,168.10963434396604
1.6050273896748377,181.15837391547996,168.3585565745389,168.24474660370993
1.606595533208073,181.29677883315264,168.49346361241265,168.37997912918846
1.608164620713779,181.43541209224765,168.6285183127616,168.51535926440891
1.6097346527601966,181.57428048119252,168.7637102973593,168.65087667059663
1.6113056299159096,181.71340700537,168.89902281093123,168.78651465544826
1.6128775527498433,181.85276823475388,169.03448845498454,168.9223056992989
1.6144504218312665,181.99237532248378,169.1700866261811,169.0582292762649
1.61602423772979,182.1322439644832,169.305805639951,169.1942737456408
1.6175990010153671,182.2723537188007,169.44168327182933,169.330476742944
1.619174712258295,182.4127210877873,169.57768865602884,169.4668075177511
1.6207513720292135,182.55335250995714,169.71381519721754,169.60325949953315
1.6223289808991064,182.69423149531625,169.85010586385172,169.7398754979317
1.6239075394393012,182.8353809513813,169.98651949018566,169.87661450037956
1.625487048221469,182.976795968505,170.12305814509423,170.01347856839257
1.627067507817625,183.11846504389825,170.25975933988474,170.1505050751561
1.6286489188001296,183.2604186177222,170.39658224022088,170.2876533377902
1.6302312817416866,183.40263819848155,170.53353563034378,170.4249321084347
1.631814597215345,183.54511837726724,170.67064681706532,170.56236859384438
1.633398865794499,183.68789832597545,170.80788002601656,170.69992715196477
1.6349840880528879,183.83094359447432,170.9452492056686,170.83762168029352
1.6365702645645959,183.9742644386435,171.0827714208615,170.975469181584
1.6381573959040532,184.11788485474585,171.22041597579457,171.1134390732539
1.6397454826460351,184.26177709209423,171.35820200213416,171.25155041717358
1.6413345253656648,184.40596136570554,171.49613628509906,171.38980997434916
1.6429245246384097,184.5504435270083,171.6341932261435,171.52819224040405
1.6445154810400842,184.69520417296792,171.77239715918247,171.66672146068478
1.6461073951468497,184.84027475518056,171.91074455198898,171.80539411652808
1.647700267535214,184.98564021524186,172.0492149220459,171.9441898005843
1.649294098782032,185.13129086993231,172.18783782465854,172.08313796086892
1.6508888894645062,185.277270872815,172.3265993721542,172.22222476094984
1.652484640160186,185.42354134676725,172.46548421690497,172.36143490941348
1.6540813514469692,185.57011589033493,172.60452715483757,172.5008030762269
1.655679023903101,185.7170165429288,172.74370390465674,172.64030506891146
1.6572776581071742,185.86421390929038,172.88300427257232,172.77993073098722
1.658877254638131,186.01173640437355,173.02246831445257,172.91971997374577
1.6604778140752614,186.15957915410374,173.1620613170254,173.059638210205
1.6620793369982043,186.3077254566534,173.30177834614275,173.1996805243598
1.6636818239869473,186.45621965593432,173.44166447672112,173.3398918289259
1.6652852756218275,186.60502666508071,173.58167478528222,173.48022736314445
1.6668896924835304,186.75415570856404,173.7218146539223,173.62069249001317
1.6684950751530931,186.9036340114474,173.86211882337267,173.7613218258078
1.6701014242119006,187.05342761086644,174.00254749397027,173.90207571459337
1.6717087402416881,187.20356799577033,174.14311127832934,174.04296473118623
1.6733170238245418,187.3540484178838,174.2838345446762,174.1840131570001
1.6749262755428975,187.5048511090529,174.42468263618096,174.32518645999164
1.6765364959795424,187.6560272440868,174.56567141537045,174.46650044624397
1.6781476857176136,187.80753240922363,174.70681483946723,174.60796902370586
1.6797598453406,187.95938494589868,174.84808341358126,174.74956280338318
1.6813729754323412,188.1116034069551,174.98949826963738,174.8913028421649
1.6829870765770285,188.26415611313905,175.1310629151754,175.03319263575062
1.684602149359205,188.4170850703005,175.27275303644123,175.17520795744292
1.6862181943637653,188.57036527150677,175.4145950543345,175.31737513456818
1.6878352121759568,188.7239903605813,175.5565819878518,175.4596872116094
1.6894532033813783,188.87799490555872,175.6986947236613,175.60212514350437
1.6910721685659813,189.03233275942284,175.84096499130624,175.74472054774094
1.6926921083160709,189.18703297172704,175.98337528219685,175.88745597843425
1.694313023218304,189.3420849360532,176.12591170280038,176.030317591587
1.6959349138596913,189.49746694396356,176.26861131106463,176.17334231466586
1.6975577808275966,189.65322596324393,176.41144603158722,176.31650217208158
1.6991816247097378,189.80931041803302,176.55440721010257,176.4597885404237
1.7008064460941856,189.9657431519118,176.69753725281683,176.60324367704843
1.7024322455693657,190.1225242760065,176.84079747810424,176.74682903714
1.7040590237240572,190.2796261676789,176.98418628743215,176.89054302808702
1.7056867811473941,190.43709432180935,177.12774606449298,177.03442788534485
1.707315518428865,190.59488240650518,177.27143287256084,177.17843982695743
1.7089452361583135,190.75300758188322,177.41525389269103,177.32258600912425
1.7105759349259377,190.91147462762441,177.55924100277375,177.46689819878932
1.7122076153222916,191.07025440055216,177.70335547452976,177.61133780366902
1.7138402779382844,191.22938968952292,177.84760980707347,177.75591727956424
1.7154739233651808,191.38883778846838,177.9920253331181,177.90065788542168
1.7171085521946021,191.54861432921035,178.13656855237113,178.04552623822468
1.7187441650185245,191.70872340720015,178.28125730193696,178.190540113364
1.7203807624292826,191.86913706252255,178.42610232979118,178.33571022211547
1.722018345019565,192.02989782284382,178.57107538326008,178.4810084104169
1.7236569133824196,192.190961659615,178.71619965746387,178.6264577933326
1.725296468111249,192.35234747814027,178.8614752758919,178.7720584946053
1.7269370097998151,192.51405403183,179.00687925321517,178.91778760890864
1.7285785390422355,192.67605869175526,179.15244016268912,179.06367361115912
1.730221056432987,192.83840044812294,179.2981474633813,179.2097059975149
1.7318645625669018,193.00103507004013,179.44398345712565,179.3558671312606
1.7335090580391739,193.16398705226288,179.58998211552864,179.5021908674402
1.7351545434453517,193.32724584272316,179.73612219311008,179.6486560343847
1.7368010193813448,193.49079986213098,179.88239129878005,179.79525028395992
1.7384484864434206,193.65467518591257,180.02882882280662,179.94201287170827
1.7400969452282051,193.81883494920612,180.17540277484684,180.08891191770005
1.7417463963326845,193.98330893984928,180.32210609089375,180.23594038244735
1.7433968403542024,194.14807403120292,180.46898360028428,180.38314294245933
1.7450482778904648,194.31313281713017,180.61599252730613,180.5304769689191
1.7467007095395344,194.4784954780334,180.76313471770754,180.6779443015711
1.7483541358998367,194.6441340336784,180.91044977268757,180.825584407181
1.7500085575701552,194.8100848220135,181.0578947781763,180.9733545185005
1.7516639751496357,194.9763095675429,181.20547877220028,181.12126364312053
1.7533203892377829,195.14282746611997,181.3532306737353,181.26934060238042
1.7549778004344643,195.30963051753952,181.50111286414815,181.417547905932
1.7566362093399064,195.47670868334095,181.6491397895311,181.5658999512345
1.7582956165546992,195.64408210383291,181.7973296461675,181.71441487361247
1.7599560226797921,195.81171913277964,181.94565013094254,181.86306047975808
1.7616174283164985,195.97964941562185,182.0941211185019,182.01185657754795
1.7632798340664908,196.1478451817201,182.2427500417735,182.16081057550792
1.7649432405318066,196.31631741051453,182.39150993333922,182.30989559760823
1.7666076483148454,196.48506384856753,182.54042611698267,182.4591368827899
1.7682730580183668,196.65407091391538,182.68949522142037,182.6085310718016
1.7699394702454962,196.82335990477173,182.83869563520483,182.75805662622565
1.7716068855997205,196.99289996827272,182.98805815194046,182.907744236813
1.7732753046848906,197.1627179886657,183.13756855508132,183.05757973536075
1.7749447281052195,197.33278871510663,183.2872106095213,183.20754694149463
1.7766151564652866,197.50312260488056,183.4370205994675,183.35768201862112
1.7782865903700322,197.67371574406798,183.58697342186386,183.50795994821306
1.7799590304247634,197.84455812377263,183.73705823841442,183.65836992846977
1.781632477235149,198.0156653705227,183.8873168448092,183.8089536163977
1.7833069314072256,198.1870108987729,184.03771321003848,183.95967510157544
1.784982393547391,198.35862177471856,184.188241913182,184.11052898140358
1.7866588642624115,198.5304692575305,184.33895028239357,184.26156242753447
1.7883363441594158,198.70256900124488,184.48979131706707,184.41272859588196
1.7900148338459005,198.8749099999702,184.64077042035615,184.56403287200143
1.7916943339297255,199.04749095850383,184.79192431585886,184.71551185865954
1.7933748450191183,199.2203169785661,184.9432111496315,184.86712384081275
1.795056367722673,199.39337141819573,185.09464187704972,185.01887973801354
1.7967389026493474,199.5666739088377,185.24624235808278,185.17080532566615
1.7984224504084692,199.74019775917512,185.39797612366243,185.32286425532237
1.80010701160973,199.91396436885674,185.5498596297928,185.47507292924377
1.8017925868631908,200.0879521894895,185.70190783121092,185.62744625374123
1.8034791767792773,200.26217179876846,185.85408966436748,185.77995326766808
1.805166781968786,200.43661490271796,186.00642710695877,185.93261587712405
1.8068554030428772,200.61127950032667,186.15892416668532,186.08543807739383
1.8085450406130827,200.7861691436278,186.31155520626058,186.23839431543922
1.8102356952912995,200.9612706364439,186.46434774623643,186.39151202242758
1.8119273676897953,201.13659801793082,186.61729480527353,186.54478424048395
1.8136200584212046,201.3121293910839,186.77037619319012,186.69819084558478
1.8153137680985318,201.48788449185804,186.92362499465992,186.85176481529794
1.8170084973351495,201.66384074894214,187.07702319709722,187.00548819625112
1.8187042467448002,201.8400113917485,187.23055607836844,187.15934631444335
1.8204010169415952,202.0163835930482,187.38426230863652,187.31337771527757
1.8220988085400163,202.1929614036549,187.53811280166119,187.4675534073434
1.823797622154915,202.369740551586,187.69209832440035,187.62186418777105
1.8254974584015118,202.54671707296552,187.84626315397634,187.7763541913368
1.8271983178953994,202.72389411190107,188.00056708788205,187.93098334584602
1.828900201252539,202.90126080404167,188.1550081203733,188.0857496523124
1.8306031090892652,203.07882662014808,188.30963100592083,188.2406977219026
1.83230704202228,203.25657485987304,188.46438953411754,188.39578149331018
1.8340120006686609,203.434520280955,188.61929106625354,188.55100830451406
1.835717985645853,203.6126436474032,188.77436934917174,188.70641179488726
1.8374249975716759,203.79095715710469,188.9295836281954,188.86195134078233
1.8391330370643189,203.96944675011054,189.08494683889737,189.0176398367679
1.8408421047423458,204.14811916923404,189.2404816779207,189.17349990771794
1.84255220122469,204.32696567546827,189.3961528674422,189.32949638883272
1.8442633271306603,204.50598809555066,189.55197893887294,189.48564775289455
1.845975483079936,204.68518214286215,189.70797149587787,189.6419655673652
1.847688669692571,204.86454557156853,189.8641007587131,189.79842014758506
1.8494028875889912,205.04407772887154,190.0203908762865,189.9550355662774
1.8511181373899968,205.2237730898611,190.17684231630122,190.1118122903722
1.852834419716762,205.40363386703314,190.33343081842045,190.26872613674482
1.8545517351908338,205.58365199983393,190.49018617081217,190.42580679989237
1.8562700844341347,205.76383184762292,190.64709766202606,190.5830436028842
1.8579894680689597,205.9441635075162,190.80414657256344,190.74041788562914
1.8597098867179809,206.1246528174574,190.96136835172058,190.89796498633675
1.8614313410042427,206.30528874395876,191.1187410654937,191.05566304067708
1.8631538315511669,206.48607777971486,191.27625155675716,191.21349893319567
1.864877358982548,206.6670091742813,191.43394095790862,191.37151366785835
1.866601923922559,206.84808759377523,191.59177606878166,191.52967414918726
1.8683275269957456,207.0293047050417,191.749749316262,191.6879728280718
1.8700541688270322,207.21066297508094,191.9079075379287,191.84645639638526
1.871781850041717,207.39215599226216,192.06620622363218,192.00508048354055
1.8735105712654767,207.57378449501735,192.22464697265679,192.1638466841344
1.8752403331243626,207.75554354786996,192.38327165001817,192.32279673355458
1.876971136244805,207.9374325808139,192.54203509148257,192.48188560858193
1.878702981253609,208.11944773960897,192.70094660662724,192.64112259021394
1.8804358687779588,208.3015875154659,192.86003686212888,192.80053825074233
1.8821697994454163,208.48384879097156,193.01926624349395,192.9600930989046
1.883904773883919,208.666229437678,193.17864973191712,193.1198020699294
1.8856407927217853,208.84872678115187,193.33820675195682,193.2796845290928
1.887377856587709,209.03133834182728,193.49790326058124,193.4397065388796
1.889115966110765,209.21406164502082,193.65775993276984,193.5998887109889
1.8908551219204044,209.39689407794964,193.81778490697135,193.76023915954778
1.8925953246464595,209.5798331731216,193.9779497334429,193.92072952268558
1.8943365749191396,209.762876351747,194.13828080322256,194.08138611091803
1.8960788733690355,209.94602101168812,194.29877492444552,194.24220574287656
1.8978222206271151,210.12926472461623,194.45940926259007,194.4031656543379
1.8995666173247292,210.3126046626844,194.6202159471357,194.56429787708979
1.9013120640936054,210.49603861370107,194.78118041148502,194.7255878897052
1.9030585615658544,210.67956348386724,194.9422854583772,194.88701854771887
1.904806110373965,210.86317729196574,195.10356897822277,195.048627626754
1.9065547111508094,211.0468766888704,195.2650049850587,195.21038922054663
1.9083043645296378,211.23065988829137,195.4265819410308,195.37229182660698
1.9100550711440836,211.41452334731207,195.5883435200802,195.53437898706724
1.9118068316281618,211.59846538759558,195.75025227202792,195.69661336582993
1.9135596466162672,211.78248238492515,195.91230234068018,195.85898912470694
1.915313516743179,211.9665726309746,196.07454320621736,196.02155559512244
1.9170684426440556,212.15073258371012,196.23692590917676,196.1842639659306
1.9188244249544408,212.3349603158689,196.3994557760757,196.34711954790234
1.9205814643102581,212.519252582112,196.562171680086,196.51016109797874
1.9223395613478165,212.7036069962525,196.72502954324182,196.67334467120014
1.9240987167038055,212.8880208752198,196.88804068870596,196.83668155709702
1.9258589310153003,213.07249108284526,197.05123259511097,197.00019915269178
1.927620204919757,213.25701581499115,197.2145668309421,197.16385914199603
1.9293825390550183,213.4415908433495,197.3780604911225,197.32767856923607
1.931145934059308,213.6262156104988,197.5417296147196,197.49167342634294
1.932910390571237,213.81088440271085,197.70554143900955,197.65581104871185
1.9346759092297976,213.99559832820287,197.8695188534743,197.82011425813846
1.9364424906743694,214.1803497434023,198.0336664123725,197.98458759607033
1.9382101355447146,214.36514189224656,198.1979570442186,198.14920407180716
1.939978844480983,214.54996470573371,198.3624194559637,198.31399230769952
1.941748618123707,214.73482408477625,198.52704667159298,198.47894534909784
1.9435194571138066,214.91970698818525,198.69181733341696,198.64404190183768
1.9452913620925876,215.10462254628635,198.85676598887628,198.80931641192112
1.9470643337017404,215.2895541477656,199.02187408599787,198.97475038276613
1.9488383725833431,215.47451477598878,199.1871260035554,199.14032823948557
1.950613479379859,215.65948360039494,199.35256215261154,199.30609027494202
1.95238965473414,215.84447672198036,199.51815235932776,199.47200640456256
1.9541668992894223,216.02947262131318,199.68388676171824,199.63806679558948
1.9559452136893327,216.21448607279137,199.84981165771288,199.80431761106803
1.9577245985778817,216.39949834551308,200.01588520547693,199.9707171321512
1.959505054599471,216.58452043693885,200.18210495294932,200.13726291422893
1.9612865823988872,216.76953776819877,200.34851822489816,200.30400214480198
1.9630691826213078,216.95455672711145,200.51507634852445,200.47088629340357
1.964852855912296,217.13956774526972,200.68178687710687,200.63792289166147
1.966637602917806,217.3245717169504,200.84868558509015,200.8051476108747
1.968423424284179,217.5095649938301,201.0157295227638,200.9725176264286
1.9702103206581465,217.69454204157313,201.18293209487135,201.14004630460943
1.971998292686828,217.87950609272403,201.35031747944697,201.307757754275
1.973787341017734,218.06444419812263,201.51784847273424,201.47561487960368
1.9755774662987649,218.24936748309648,201.6855443542787,201.64363690495458
1.977368669178209,218.4342545463431,201.85341765939285,201.81183633028033
1.9791609503047474,218.61912539780872,202.02143695325103,201.9801818116046
1.9809543103274494,218.80394930918118,202.18962741365158,202.14869845488826
1.9827487498957774,218.98875123485087,202.3579898866486,202.31738710448738
1.9845442696595823,219.1735045734136,202.52649872943596,202.48622219143638
1.9863408702691083,219.35822526378482,202.69518504163003,202.6552347269413
1.988138552374989,219.54289629030077,202.8640379332622,202.82441385284244
1.9899373166282524,219.72752335562802,203.03303757674828,202.99373979846388
1.991737163680315,219.91210027626735,203.2022210172018,203.16324950401494
1.9935380941829888,220.09662124692898,203.37156558164014,203.33292036167265
1.9953401087884748,220.2810922136082,203.54105728101553,203.5027384224425
1.9971432081493703,220.4654945404887,203.7107391297337,203.6727465794117
1.9989473929186619,220.64984765122182,203.88057662457723,203.84291042771576
2.000752663749732,220.8341187061086,204.05056163846413,204.01322186354895
2.0025590212963547,221.0183362876726,204.22074317900214,204.18372975686586
2.0043664662126974,221.20246908136534,204.3910748652887,204.3543878581521
2.006174999153324,221.38653666880276,204.56155802374354,204.5251974903867
2.007984620773189,221.57052087241237,204.73223697522414,204.69620285057454
2.009795331727643,221.7544256339495,204.9030641174402,204.86735647063475
2.01160713267243,221.9382491548079,205.0740490506851,205.03866792427732
2.0134200242636915,222.12197818107975,205.2452243390884,205.2101696852286
2.015234007157959,222.30562887437057,205.41654820517914,205.38182009332033
2.017049082012165,222.48916917888687,205.58803620607992,205.55363466263083
2.018865249483633,222.67262921090577,205.7597091017861,205.72563409604336
2.0206825102300847,222.8559733676883,205.93153096316598,205.89778256490067
2.0225008649096354,223.0392253868344,206.10352332817658,206.07010154773462
2.0243203141808,223.22236536034967,206.2756951050424,206.24259992878999
2.026140858702486,223.4053961817847,206.44801623660496,206.41524773463306
2.0279624991340004,223.5883196432369,206.6205142657788,206.58807243245315
2.029785236135045,223.77111600675173,206.7931862011472,206.76107103982625
2.031609070365721,223.95381057719464,206.96600788127557,206.934219462372
2.0334340024865245,224.13635914774656,207.13901287827582,207.10755118025816
2.035260033158351,224.31879967549733,207.3121862529868,207.28105129612806
2.037087163042494,224.50109976681748,207.48550976356378,207.45470161860024
2.0389153928006425,224.68327265654946,207.65902303567435,207.62854166526068
2.0407447230948876,224.86531190309904,207.83269913407497,207.8025445753204
2.0425751545877153,225.04720362745604,208.00652576049328,207.97669808445957
2.044406687942014,225.22896947388773,208.18054861862984,208.1510477722418
2.0462393238210668,225.41056643268803,208.3547287285842,208.3255547657086
2.0480730628885606,225.592033225196,208.5290597597571,208.5002127517831
2.0499079058085776,225.77333479659012,208.70359351847728,208.675073396684
2.0517438532456045,225.95448655671592,208.87827893137742,208.85008576630997
2.053580905864523,226.13548232452774,209.05312123549274,209.02525508379708
2.055419064330619,226.31630526504864,209.22816163726375,209.20062244480303
2.057258329309576,226.49698205392704,209.40335364803926,209.37614148688488
2.059098701467481,226.67746276713586,209.57870898577374,209.55182389671666
2.0609401814708193,226.85779017173058,209.75425688777875,209.72769883357853
2.0627827699864794,227.0379323639797,209.92995679490798,209.90372584796867
2.064626467681749,227.21789641411095,210.10582649037124,210.07992267571305
2.0664712752243197,227.39768724188616,210.28188319358676,210.25630649078647
2.0683171932822852,227.57727389846116,210.45809229910643,210.43284278090255
2.0701642225241392,227.75669130819009,210.63447768008984,210.60955535581655
2.0720123636187795,227.9358956294559,210.81104448905856,210.7864493550302
2.0738616172355058,228.11491467970708,210.98776409857442,210.9634962278659
2.0757119840440215,228.2937345003659,211.16466649656184,211.1407258829063
2.077563464714432,228.47234097525174,211.34174471940273,211.31813137577214
2.0794160599172473,228.65076152973438,211.51897614210034,211.4956901419078
2.081269770323379,228.82894291167594,211.69639689227895,211.67343821374203
2.0831245966041463,229.00692964285741,211.873987840698,211.8513565133658
2.084980539431268,229.1846930979011,212.05173238935245,212.02942848697813
2.086837599476871,229.36223161782775,212.22967283062408,212.20769631599558
2.0886957774134842,229.53956403633,212.4077778199245,212.3861287390872
2.090555073914043,229.7166399000535,212.58603681091165,212.56471523796054
2.092415489651887,229.89350898208875,212.76449828590336,212.74350416828298
2.0942770253007614,230.07015301596525,212.9431186349962,212.92245203516697
2.096139681534817,230.24660054572644,213.12189491603317,213.10155590444433
2.0980034590286105,230.42288318166817,213.30087724337787,213.28086576019615
2.0998683584571047,230.59898640567224,213.48001427479264,213.46033039482225
2.1017343804956683,230.77496567732254,213.65931376790726,213.63995754603894
2.103601525820077,230.9508169258521,213.83881369929634,213.81978509233528
2.105469795106513,231.12656700048643,214.01846873919118,213.9997678222887
2.107339189031566,231.30224330022318,214.1982927967793,214.1799196093538
2.1092097082722314,231.47784287405958,214.37831166092627,214.3602661763402
2.111081353505915,231.65340826976612,214.5584860390989,214.54076833285245
2.112954125410427,231.8289458030889,214.73883601732155,214.72144611344734
2.11482802466399,232.00447783056092,214.91937514658704,214.9023130349231
2.1167030519452292,232.18002899697285,215.10007019648484,215.08333595288204
2.1185792079331836,232.35560772430713,215.28094745527972,215.26454108847196
2.120456493307297,232.53124388797346,215.4620081856815,215.44592970190024
2.1223349087474253,232.70695256641105,215.64322524441272,215.62747471986134
2.1242144549338313,232.88275445287584,215.82463114750468,215.80920857570575
2.1260951325471895,233.0586683985427,216.00621481872884,215.99112022222482
2.127976942268581,233.2347165959989,216.18795522707256,216.17318868242103
2.1298598847794996,233.41091662473022,216.3698911419852,216.35545262758524
2.13174396076185,233.5872870283862,216.55199909739628,216.53788865201835
2.1336291708979434,233.76385511313947,216.73426419981354,216.7204819003713
2.135515515870506,233.94063011353396,216.9167314978804,216.90327730773745
2.1374029963626726,234.11764186267925,217.09936508453228,217.0862390586039
2.13929161305799,234.29490727209455,217.28215622917648,217.26935844473425
2.1411813666404163,234.4724360334297,217.4651562855519,217.45268669101247
2.143072257794322,234.65027472356107,217.64831685419867,217.63617552053833
2.1449642872044867,234.82841747664688,217.8316389587443,217.81982595465155
2.1468574555561073,235.0068925730846,218.0151695865969,218.00368486351599
2.148751763534788,235.1857333152981,218.198858491703,218.1877021276443
2.1506472118265494,235.3649354035034,218.3827155854284,218.37188763391248
2.1525438011178224,235.5445449617237,218.5667754938802,218.55627592264142
2.154441532095454,235.72457063821622,218.7509940936317,218.74082298104344
2.1563404054467017,235.9050160383578,218.93538756170966,218.925544946213
2.1582404218592393,236.0859491918154,219.11997811156763,219.1104639771035
2.1601415820211516,236.2673450334063,219.30472776788253,219.29554219318902
2.16204388662094,236.44923463679297,219.48965899934743,219.48080200787487
2.1639473363475203,236.63166698595364,219.67478155515806,219.66625314696978
2.165851931890222,236.81462024049497,219.86006363369737,219.85186388789805
2.16775767393879,236.99814682159015,220.04553402145652,220.0376629465949
2.1696645631833835,237.1822655117177,220.23118995151688,220.22364756369436
2.1715726003145797,237.3669654687311,220.4170058216953,220.40979220038483
2.1734817860233675,237.5523218415745,220.60301676253985,220.59613190147826
2.175392121001156,237.73831746176387,220.78920743890848,220.7826513701503
2.1773036059397675,237.92495641418012,220.97555847390504,220.96933127729332
2.1792162415314427,238.11233591469548,221.16211136852215,221.15621302307156
2.1811300284688366,238.30040114762156,221.34883816702944,221.3432687206625
2.1830449674450243,238.48918943796687,221.53572574379865,221.53048527673022
2.184961059153495,238.67877094845764,221.72282199678196,221.717910473395
2.1868783042881583,238.8691006074367,221.91008629704163,221.905503781041
2.1887967035433387,239.0602349557678,222.097511796324,222.0932583682982
2.190716257613781,239.25221465702555,222.28515281618584,222.28122842597654
2.1926369671946464,239.44500572790668,222.4729560016051,222.46936072861368
2.1945588329815156,239.6386844159424,222.66092648491838,222.65766039645325
2.1964818556703887,239.83326069265735,222.84910800712038,222.8461710658838
2.1984060359576825,240.0287123806504,223.03745146491147,223.0348437522595
2.2003313745402355,240.22513530077148,223.22596899982278,223.22369056829615
2.2022578721153034,240.42250879171456,223.41469176152646,223.41274258975812
2.2041855293805646,240.62082257325818,223.60357688271728,223.60195705244197
2.2061143470341134,240.82019128218747,223.79264288801133,223.79135243709248
2.2080443257744684,241.02056493549344,223.98190828293212,223.98094720584774
2.2099754663005657,241.22194461526854,224.17133646237696,224.17070484124204
2.2119077693117646,241.42446239247076,224.36095236079836,224.36065021888987
2.2138412355078425,241.62804152612762,224.55076178648582,224.55078913404043
2.215775865589001,241.83269329932372,224.74073442287676,224.74109134239154
2.217711660255861,242.03856521016462,224.93090164114085,224.93158814139758
2.219648620209467,242.24555757781863,225.12125649899014,225.12227260589756
2.2215867461512833,242.45369481691577,225.31177499486756,225.31312079130666
2.223526038783199,242.66312306146892,225.5024949636727,225.5041704440215
2.225466498807523,242.87373892365102,225.6933966589351,225.69540186468748
2.2274081269269885,243.08557069791743,225.88446242069926,225.88679743512176
2.229350923844753,243.29876623737488,226.0757365747376,226.07840137789645
2.2312948902643943,243.51321843826133,226.26718651653195,226.2701811654188
2.2332400268899164,243.72895485169965,226.45880095445364,226.46212553272224
2.2351863344257454,243.9461322268153,226.65063073242354,226.65428520592047
2.2371338135767322,244.16463627663404,226.8426303337471,226.84661477487418
2.2390824650481513,244.3844894899009,227.03479627723902,227.0391107667615
2.2410322895457035,244.60586596610935,227.2271817065956,227.2318262027881
2.2429832877755116,244.82864012930827,227.41973238433494,227.4247069716439
2.2449354604441263,245.05283400829813,227.6124562852025,227.6177610299423
2.246888808258521,245.27862010499337,227.80539377893024,227.81102865502433
2.248843331926098,245.50588549429065,227.99849695387286,228.00446204615992
2.2507990321546814,245.73464301454297,228.19178026131542,228.19807562175112
2.2527559096525254,245.96505528954074,228.38527124294922,228.39189686101835
2.254713965128307,246.19703596597813,228.57892833979406,228.5858843007292
2.2566731992911326,246.43058226386898,228.77277250705922,228.78005884854971
2.258633612850533,246.6658404622829,228.96681840405338,228.97443513105742
2.2605952065164683,246.90276354141213,229.16103085142245,229.16897804956815
2.2625579809993255,247.14132684435333,229.35543733581687,229.36371502862008
2.2645219370099174,247.38165317986218,229.55003957955685,229.5586477873608
2.2664870752594872,247.62374894419352,229.7448088100062,229.7537476188364
2.2684533964597047,247.86756068528987,229.9397790729079,229.9490484921996
2.2704209013226686,248.113179948558,230.13493909872085,230.14453916411387
2.272389590560906,248.3606819664108,230.3302665487516,230.3401973466706
2.2743594648873735,248.60997690557178,230.52580205562163,230.53606358151453
2.2763305250154557,248.86111657804688,230.72152130278792,230.73211360750219
2.2783027716589688,249.1142618289439,230.91740841285804,230.92833158321906
2.2802762055321555,249.36927818059596,231.11351063325208,231.12476465081423
2.2822508273496918,249.62619022883044,231.3097905450167,231.32137547574575
2.2842266378266807,249.88519756052705,231.5062387595514,231.51815469067526
2.2862036376786596,250.14617712807916,231.70290916713182,231.71515606640537
2.2881818276215924,250.40913230727227,231.89975119071528,231.91232913913296
2.2901612083718774,250.6742083959768,232.09676551721583,232.10967459452445
2.2921417806463413,250.94139671319454,232.2940020306667,232.30724220668642
2.2941235451622446,251.2106419019494,232.4914076172766,232.50497898005545
2.296106502637279,251.48202419400278,232.6889925208397,232.702895136089
2.2980906537895667,251.75567067346103,232.88679360937002,232.90102746218204
2.3000759993376647,252.0314566806988,233.0847642142123,233.09932939304232
2.30206254000056,252.3094083944029,233.28292117926495,233.29781773588266
2.3040502764976756,252.58974396383826,233.48128830089723,233.49651623557736
2.306039209548863,252.8723256870935,233.67982538318734,233.69538478479416
2.308029339874412,253.15715773526432,233.87855589830616,233.894446804762
2.3100206681950417,253.44437322250494,234.0774905150803,234.09371294175247
2.3120131952319087,253.7340098137251,234.27659553805498,234.29314957421852
2.3140069217066004,254.02598287467376,234.47590109597743,234.4927867658016
2.316001848341142,254.32032725782574,234.67540467396284,234.69262200781756
2.3179979758579896,254.61728229686668,234.8750791048909,234.89262819246358
2.3199953049800377,254.91666153728656,235.07496120252804,235.09284205432982
2.3219938364306127,255.21849294017107,235.2750352118341,235.29324787314687
2.32399357093348,255.52292923306,235.47528052202853,235.49382508295372
2.325994509212837,255.8299844922685,235.67574066047635,235.69461711796188
2.32799665199332,256.13958187473827,235.8763865752649,235.89559498941406
2.33,256.4517501181927,236.07720424009372,236.0967447014238
