{
  "distance_threshold": [
    0.4052631578947369,
    0.5578947368421052,
    0.7105263157894737,
    0.8631578947368421,
    1.0157894736842106,
    1.168421052631579,
    1.3210526315789475,
    1.473684210526316,
    1.6263157894736844,
    1.7789473684210528,
    1.931578947368421,
    2.0842105263157893,
    2.236842105263158,
    2.3894736842105266,
    2.542105263157895,
    2.694736842105263,
    2.8473684210526318,
    3.0
  ],
  "n_sectors": [
    418,
    2968,
    3581,
    3585,
    3585,
    3586,
    3620,
    4878,
    7408,
    8138,
    8965,
    9345,
    9412,
    9412,
    9412,
    9412,
    9412,
    9412
  ],
  "n_same_basin": [
    418,
    2968,
    3581,
    3585,
    3585,
    3586,
    3586,
    3586,
    3586,
    3586,
    3586,
    3586,
    3586,
    3586,
    3586,
    3586,
    3586,
    3586
  ],
  "n_diff_basin": [
    0,
    0,
    0,
    0,
    0,
    0,
    34,
    1292,
    3822,
    4552,
    5379,
    5759,
    5826,
    5826,
    5826,
    5826,
    5826,
    5826
  ],
  "same_basin_theta_distance": [
    0.0,
    0.0,
    0.0,
    0.0,
    0.0,
    0.0,
    0.0,
    0.0,
    0.0,
    0.0,
    0.0,
    0.0,
    0.0,
    0.0,
    0.0,
    0.0,
    0.0,
    0.0
  ],
  "diff_basin_theta_distance": [
    0.0,
    0.0,
    0.0,
    0.0,
    0.0,
    0.0,
    8.281620253677652,
    1.7510147875655055,
    4.550362128446481,
    16.171286948786648,
    27.26716998507577,
    30.662440188609043,
    30.382417903781555,
    30.382417903781555,
    30.382417903781555,
    30.382417903781555,
    30.382417903781555,
    30.382417903781555
  ],
  "same_basin_theta_to_x0": [
    0.0,
    0.0,
    0.0,
    0.0,
    0.0,
    0.0,
    0.0,
    0.0,
    0.0,
    0.0,
    0.0,
    0.0,
    0.0,
    0.0,
    0.0,
    0.0,
    0.0,
    0.0
  ],
  "diff_basin_theta_to_x0": [
    0.0,
    0.0,
    0.0,
    0.0,
    0.0,
    0.0,
    84.12351940283719,
    81.03505158068153,
    82.07531520611019,
    89.12531746631072,
    98.47321038839476,
    101.87385226553143,
    102.42743580575353,
    102.42743580575353,
    102.42743580575353,
    102.42743580575353,
    102.42743580575353,
    102.42743580575353
  ]
}