{
  "n_trajectories": 10000,
  "n_vacua": 6,
  "global_kl_last": 0.0003581783760729562,
  "global_wasserstein_last": 0.009300000000000008,
  "global_conv_rate": -0.9855312264852617,
  "ell_values": [
    0.05,
    0.073,
    0.1066,
    0.1556,
    0.2272,
    0.3317,
    0.4843,
    0.7071,
    1.0324,
    1.5073,
    2.2007,
    3.2131,
    4.6912,
    6.8492,
    10.0
  ],
  "evidence_kernels": [
    "gaussian",
    "exponential"
  ]
}