{
  "evidence": {
    "gaussian_ell0.1": {
      "kl_values": [
        0.0,
        0.0,
        0.0,
        0.0,
        0.0,
        0.0,
        0.0
      ],
      "wasserstein_values": [
        0.0,
        1.8267752835596964e-38,
        8.734459212076643e-39,
        6.105725865700914e-39,
        1.0606006166778018e-35,
        3.761689561249305e-33,
        1.8868691039278692e-33
      ],
      "mean_kl": 0.0
    },
    "gaussian_ell0.25": {
      "kl_values": [
        0.0,
        1.6527379209433857e-08,
        1.631278116168244e-08,
        8.865670470549265e-10,
        2.5660051288481557e-08,
        5.730998514045529e-09,
        1.9357403438995867e-09
      ],
      "wasserstein_values": [
        0.0,
        7.16569445755019e-08,
        8.854426163828713e-08,
        1.0790611949192955e-08,
        9.589926514804168e-08,
        6.291649101310086e-08,
        2.065209914084544e-08
      ],
      "mean_kl": 1.1175586260766315e-08
    },
    "gaussian_ell0.5": {
      "kl_values": [
        0.0,
        0.0012306445475683337,
        0.0005058211361593815,
        1.9970953452935696e-06,
        3.524373055456045e-05,
        6.847187245889549e-06,
        2.663379597542413e-06
      ],
      "wasserstein_values": [
        0.0,
        0.006580901006344419,
        0.0045205294396579755,
        0.000270599428745831,
        0.001165750279370662,
        0.0004984769030488183,
        0.00032699613272123436
      ],
      "mean_kl": 0.00029720284607850017
    },
    "gaussian_ell1.0": {
      "kl_values": [
        0.0,
        0.014779487112348702,
        0.003965394927938554,
        0.0001787479897975316,
        6.547289408132155e-05,
        0.00010836957791622966,
        0.00012725910084830286
      ],
      "wasserstein_values": [
        0.0,
        0.07283903050274401,
        0.041790665700137904,
        0.005740300296362239,
        0.005127346305403712,
        0.0047409153335248875,
        0.006410253830963167
      ],
      "mean_kl": 0.0032041219338217737
    },
    "gaussian_ell2.0": {
      "kl_values": [
        0.0,
        0.020688930269935984,
        0.0059312201673534315,
        0.0004665093883799255,
        0.0003115183719402297,
        0.00030972687119442793,
        0.0002222956015340041
      ],
      "wasserstein_values": [
        0.0,
        0.092225928930141,
        0.05939706863709785,
        0.01002237523570652,
        0.00842728384397288,
        0.010843632773204945,
        0.00849626247106743
      ],
      "mean_kl": 0.004655033445056334
    },
    "exponential_ell0.1": {
      "kl_values": [
        0.0,
        3.1905190170364254e-06,
        1.0927182118191476e-06,
        1.2536599302641733e-08,
        2.085510554902498e-07,
        2.8917592524994968e-08,
        3.854348754441104e-09
      ],
      "wasserstein_values": [
        0.0,
        1.509483743132103e-05,
        9.482283627924656e-06,
        8.270838971615613e-07,
        3.515192469683862e-06,
        1.563622222642667e-06,
        1.3972833112982776e-07
      ],
      "mean_kl": 7.561828041546503e-07
    },
    "exponential_ell0.25": {
      "kl_values": [
        0.0,
        0.0012620597479925388,
        0.00042753875826640885,
        6.492746863455474e-06,
        1.1642747854472388e-05,
        5.922463128152963e-06,
        3.2087646025626355e-06
      ],
      "wasserstein_values": [
        0.0,
        0.006683707456439209,
        0.004040991346035382,
        0.00040066150435150876,
        0.0006743555537435814,
        0.00041719631138755273,
        0.000303928177800221
      ],
      "mean_kl": 0.0002861442047845985
    },
    "exponential_ell0.5": {
      "kl_values": [
        0.0,
        0.008041128541871993,
        0.0023289073009163425,
        8.206649784846963e-05,
        3.8096496975045734e-05,
        5.251218353357523e-05,
        5.2339443899857506e-05
      ],
      "wasserstein_values": [
        0.0,
        0.04169417649913994,
        0.022328763815016712,
        0.003214971628324517,
        0.002919939399709334,
        0.0026676592403110915,
        0.003111543361186921
      ],
      "mean_kl": 0.001765841744174214
    },
    "exponential_ell1.0": {
      "kl_values": [
        0.0,
        0.015917831080952006,
        0.0042842805045800215,
        0.00025611124697484693,
        0.00012530420071230793,
        0.00016103636137958965,
        0.00014372806543381476
      ],
      "wasserstein_values": [
        0.0,
        0.07757115478940191,
        0.04290997205132275,
        0.007238267208023879,
        0.005589143744983784,
        0.005324771543929325,
        0.0067244799828285375
      ],
      "mean_kl": 0.003481381910005431
    },
    "exponential_ell2.0": {
      "kl_values": [
        0.0,
        0.02037049839651368,
        0.005891799203552856,
        0.0005717906459494037,
        0.0003709971124622978,
        0.00031211763392651143,
        0.00021201924285661175
      ],
      "wasserstein_values": [
        0.0,
        0.09376401599653594,
        0.05451550230107257,
        0.010826119678989537,
        0.009365595099067257,
        0.009755363110837242,
        0.008249014524981077
      ],
      "mean_kl": 0.004621537039210226
    }
  },
  "diagnostic": {
    "ancestry_proxy_ell1": {
      "kl_values": [
        0.0,
        0.025891748109793677,
        0.009468664936783912,
        0.0021406320960068175,
        0.001172635804812347,
        0.0007655324058821395,
        0.0003581783760729562
      ],
      "wasserstein_values": [
        0.0,
        0.10999999999999988,
        0.06600000000000004,
        0.020000000000000018,
        0.0192000000000001,
        0.021200000000000056,
        0.009300000000000008
      ],
      "mean_kl": 0.006632898621558642
    },
    "ancestry_proxy_ell2": {
      "kl_values": [
        0.0,
        0.025891748109793677,
        0.009468664936783912,
        0.0021406320960068175,
        0.001172635804812347,
        0.0007655324058821395,
        0.0003581783760729562
      ],
      "wasserstein_values": [
        0.0,
        0.10999999999999988,
        0.06600000000000004,
        0.020000000000000018,
        0.0192000000000001,
        0.021200000000000056,
        0.009300000000000008
      ],
      "mean_kl": 0.006632898621558642
    },
    "ancestry_proxy_ell3": {
      "kl_values": [
        0.0,
        0.02589174810979397,
        0.00946866493678378,
        0.0021406320960067806,
        0.001172635804812261,
        0.0007655324058824498,
        0.00035817837607246506
      ],
      "wasserstein_values": [
        0.0,
        0.11000000000000049,
        0.0659999999999993,
        0.020000000000001277,
        0.019200000000000418,
        0.02119999999999244,
        0.009299999999999104
      ],
      "mean_kl": 0.006632898621558619
    },
    "ancestry_proxy_ell5": {
      "kl_values": [
        0.0,
        0.025891748109793715,
        0.009468664936783644,
        0.0021406320960068947,
        0.0011726358048122225,
        0.0007655324058822206,
        0.0003581783760727066
      ],
      "wasserstein_values": [
        0.0,
        0.11000000000000001,
        0.06599999999999923,
        0.020000000000000184,
        0.019199999999998194,
        0.021200000000009902,
        0.00929999999999925
      ],
      "mean_kl": 0.0066328986215585676
    },
    "ancestry_proxy_ell10": {
      "kl_values": [
        0.0,
        0.02589174810979377,
        0.0094686649367838,
        0.00214063209600699,
        0.00117263580481234,
        0.0007655324058821991,
        0.00035817837607294537
      ],
      "wasserstein_values": [
        0.0,
        0.1100000000000001,
        0.06599999999999974,
        0.020000000000001183,
        0.019200000000000675,
        0.021199999999992294,
        0.009299999999996585
      ],
      "mean_kl": 0.006632898621558674
    },