{
  "perturbed": {
    "sigma1.5": {
      "ratios": [
        2.1857949069256506,
        2.8030434840447986,
        13.067258939136137,
        9.522180918886658,
        3.3714004588065047
      ],
      "mean": 6.18993574155995,
      "std": 4.332430182090985,
      "min": 2.1857949069256506,
      "max": 13.067258939136137
    },
    "sigma3.0": {
      "ratios": [
        1.9166182313773046,
        20.624052232604175,
        4.5598498757969494,
        3.8705924175131314,
        4.250484519367449
      ],
      "mean": 7.0443194553318005,
      "std": 6.852052366932121,
      "min": 1.9166182313773046,
      "max": 20.624052232604175
    }
  },
  "original": {
    "ratios": [
      6.50237430844496,
      7.6246570644597496,
      2.0357141929893023,
      7.626241422639054,
      32.92222785396489
    ],
    "mean": 11.342242968499592,
    "std": 10.98508685988094
  }
}