{
  "sigma=0.5_ell=0.1": {
    "sigma": 0.5,
    "ell": 0.1,
    "mean_global_kl": 0.0007194739451774627,
    "mean_isr_kl": -1.4210854710938721e-25,
    "mean_improvement": 1.9891342644725052e+21,
    "isr_wins": 1,
    "total": 5,
    "win_rate": 0.2,
    "mean_n_vacua": 3.0,
    "mean_basin_exception": 0.0,
    "mean_lambda_eff": 2.0
  },
  "sigma=0.5_ell=0.25": {
    "sigma": 0.5,
    "ell": 0.25,
    "mean_global_kl": 0.0007194739451774627,
    "mean_isr_kl": 5.103428180012017e-09,
    "mean_improvement": 5623951.40302837,
    "isr_wins": 5,
    "total": 5,
    "win_rate": 1.0,
    "mean_n_vacua": 3.0,
    "mean_basin_exception": 0.0,
    "mean_lambda_eff": 1.9999998441177023
  },
  "sigma=0.5_ell=0.5": {
    "sigma": 0.5,
    "ell": 0.5,
    "mean_global_kl": 0.0007194739451774627,
    "mean_isr_kl": 1.7059562592093606e-05,
    "mean_improvement": 68.46842349903642,
    "isr_wins": 5,
    "total": 5,
    "win_rate": 1.0,
    "mean_n_vacua": 3.0,
    "mean_basin_exception": 0.0,
    "mean_lambda_eff": 1.9924765443839039
  },
  "sigma=0.5_ell=1.0": {
    "sigma": 0.5,
    "ell": 1.0,
    "mean_global_kl": 0.0007194739451774627,
    "mean_isr_kl": 0.0002802933809622262,
    "mean_improvement": 3.1180703069040034,
    "isr_wins": 5,
    "total": 5,
    "win_rate": 1.0,
    "mean_n_vacua": 3.0,
    "mean_basin_exception": 0.0004348610517353749,
    "mean_lambda_eff": 1.8724779416797008
  },
  "sigma=0.5_ell=2.0": {
    "sigma": 0.5,
    "ell": 2.0,
    "mean_global_kl": 0.0007194739451774627,
    "mean_isr_kl": 0.0005730972340216616,
    "mean_improvement": 1.281803053109742,
    "isr_wins": 5,
    "total": 5,
    "win_rate": 1.0,
    "mean_n_vacua": 3.0,
    "mean_basin_exception": 0.2980879137760116,
    "mean_lambda_eff": 1.7652372452374017
  },
  "sigma=1.0_ell=0.1": {
    "sigma": 1.0,
    "ell": 0.1,
    "mean_global_kl": 0.001917244126113721,
    "mean_isr_kl": 5.684341883238632e-25,
    "mean_improvement": 9.59100844381654e+20,
    "isr_wins": 2,
    "total": 5,
    "win_rate": 0.4,
    "mean_n_vacua": 4.6,
    "mean_basin_exception": 0.0,
    "mean_lambda_eff": 2.0
  },
  "sigma=1.0_ell=0.25": {
    "sigma": 1.0,
    "ell": 0.25,
    "mean_global_kl": 0.001917244126113721,
    "mean_isr_kl": 1.0985253519217988e-08,
    "mean_improvement": 289407.41848895303,
    "isr_wins": 5,
    "total": 5,
    "win_rate": 1.0,
    "mean_n_vacua": 4.6,
    "mean_basin_exception": 0.0,
    "mean_lambda_eff": 1.9999997357341777
  },
  "sigma=1.0_ell=0.5": {
    "sigma": 1.0,
    "ell": 0.5,
    "mean_global_kl": 0.001917244126113721,
    "mean_isr_kl": 2.7271775989414554e-05,
    "mean_improvement": 142.53611593757404,
    "isr_wins": 5,
    "total": 5,
    "win_rate": 1.0,
    "mean_n_vacua": 4.6,
    "mean_basin_exception": 0.0,
    "mean_lambda_eff": 1.9867224038448381
  },
  "sigma=1.0_ell=1.0": {
    "sigma": 1.0,
    "ell": 1.0,
    "mean_global_kl": 0.001917244126113721,
    "mean_isr_kl": 0.0005623514022583858,
    "mean_improvement": 5.970645274387023,
    "isr_wins": 5,
    "total": 5,
    "win_rate": 1.0,
    "mean_n_vacua": 4.6,
    "mean_basin_exception": 0.00470986083004417,
    "mean_lambda_eff": 1.7651381552878707
  },
  "sigma=1.0_ell=2.0": {
    "sigma": 1.0,
    "ell": 2.0,
    "mean_global_kl": 0.001917244126113721,
    "mean_isr_kl": 0.001209116750709814,
    "mean_improvement": 1.863743908240742,
    "isr_wins": 5,
    "total": 5,
    "win_rate": 1.0,
    "mean_n_vacua": 4.6,
    "mean_basin_exception": 0.4271974691326498,
    "mean_lambda_eff": 1.5791505662123904
  },
  "sigma=1.5_ell=0.1": {
    "sigma": 1.5,
    "ell": 0.1,
    "mean_global_kl": 0.001037376775856468,
    "mean_isr_kl": 2.842170941619316e-25,
    "mean_improvement": 1.0554828693691742e+21,
    "isr_wins": 1,
    "total": 5,
    "win_rate": 0.2,
    "mean_n_vacua": 5.8,
    "mean_basin_exception": 0.0,
    "mean_lambda_eff": 2.0
  },
  "sigma=1.5_ell=0.25": {
    "sigma": 1.5,
    "ell": 0.25,
    "mean_global_kl": 0.001037376775856468,
    "mean_isr_kl": 7.863055999666547e-09,
    "mean_improvement": 409628.37058481143,
    "isr_wins": 5,
    "total": 5,
    "win_rate": 1.0,
    "mean_n_vacua": 5.8,
    "mean_basin_exception": 0.0,
    "mean_lambda_eff": 1.9999996661556576
  },
  "sigma=1.5_ell=0.5": {
    "sigma": 1.5,
    "ell": 0.5,
    "mean_global_kl": 0.001037376775856468,
    "mean_isr_kl": 1.8724909658101875e-05,
    "mean_improvement": 240.0180533421313,
    "isr_wins": 5,
    "total": 5,
    "win_rate": 1.0,
    "mean_n_vacua": 5.8,
    "mean_basin_exception": 0.0,
    "mean_lambda_eff": 1.9819557588992462
  },
  "sigma=1.5_ell=1.0": {
    "sigma": 1.5,
    "ell": 1.0,
    "mean_global_kl": 0.001037376775856468,
    "mean_isr_kl": 0.00034779832388920194,
    "mean_improvement": 5.383387422268944,
    "isr_wins": 5,
    "total": 5,
    "win_rate": 1.0,
    "mean_n_vacua": 5.8,
    "mean_basin_exception": 0.006040054544631482,
    "mean_lambda_eff": 1.6802741783565902
  },
  "sigma=1.5_ell=2.0": {
    "sigma": 1.5,
    "ell": 2.0,
    "mean_global_kl": 0.001037376775856468,
    "mean_isr_kl": 0.0005617917340661573,
    "mean_improvement": 2.348083631592408,
    "isr_wins": 5,
    "total": 5,
    "win_rate": 1.0,
    "mean_n_vacua": 5.8,
    "mean_basin_exception": 0.4774446768104094,
    "mean_lambda_eff": 1.4453619257101926
  },
  "sigma=2.0_ell=0.1": {
    "sigma": 2.0,
    "ell": 0.1,
    "mean_global_kl": 0.0015245948411062413,
    "mean_isr_kl": 3.5527136766688775e-25,
    "mean_improvement": 9.212895114303799e+20,
    "isr_wins": 1,
    "total": 5,
    "win_rate": 0.2,
    "mean_n_vacua": 6.0,
    "mean_basin_exception": 0.0,
    "mean_lambda_eff": 2.0
  },
  "sigma=2.0_ell=0.25": {
    "sigma": 2.0,
    "ell": 0.25,
    "mean_global_kl": 0.0015245948411062413,
    "mean_isr_kl": 1.0544820979798625e-08,
    "mean_improvement": 211580.37325671982,
    "isr_wins": 5,
    "total": 5,
    "win_rate": 1.0,
    "mean_n_vacua": 6.0,
    "mean_basin_exception": 0.0,
    "mean_lambda_eff": 1.9999996282488606
  },
  "sigma=2.0_ell=0.5": {
    "sigma": 2.0,
    "ell": 0.5,
    "mean_global_kl": 0.0015245948411062413,
    "mean_isr_kl": 2.6210548034775826e-05,
    "mean_improvement": 103.05396198429484,
    "isr_wins": 5,
    "total": 5,
    "win_rate": 1.0,
    "mean_n_vacua": 6.0,
    "mean_basin_exception": 0.0,
    "mean_lambda_eff": 1.9787976796781854
  },
  "sigma=2.0_ell=1.0": {
    "sigma": 2.0,
    "ell": 1.0,
    "mean_global_kl": 0.0015245948411062413,
    "mean_isr_kl": 0.00044751436945558693,
    "mean_improvement": 7.683783367709884,
    "isr_wins": 5,
    "total": 5,
    "win_rate": 1.0,
    "mean_n_vacua": 6.0,
    "mean_basin_exception": 0.005902220525410368,
    "mean_lambda_eff": 1.6232534373426717
  },
  "sigma=2.0_ell=2.0": {
    "sigma": 2.0,
    "ell": 2.0,
    "mean_global_kl": 0.0015245948411062413,
    "mean_isr_kl": 0.0006978112334587356,
    "mean_improvement": 4.398767090159659,
    "isr_wins": 5,
    "total": 5,
    "win_rate": 1.0,
    "mean_n_vacua": 6.0,
    "mean_basin_exception": 0.5033839055636036,
    "mean_lambda_eff": 1.359655726811311
  },
  "sigma=3.0_ell=0.1": {
    "sigma": 3.0,
    "ell": 0.1,
    "mean_global_kl": 0.0016046534597931802,
    "mean_isr_kl": 0.0,
    "mean_improvement": NaN,
    "isr_wins": 0,
    "total": 5,
    "win_rate": 0.0,
    "mean_n_vacua": 6.0,
    "mean_basin_exception": 0.0,
    "mean_lambda_eff": 2.000000000000001
  },
  "sigma=3.0_ell=0.25": {
    "sigma": 3.0,
    "ell": 0.25,
    "mean_global_kl": 0.0016046534597931802,
    "mean_isr_kl": 2.8487130081021293e-08,
    "mean_improvement": 951301.8827929029,
    "isr_wins": 5,
    "total": 5,
    "win_rate": 1.0,
    "mean_n_vacua": 6.0,
    "mean_basin_exception": 0.0,
    "mean_lambda_eff": 1.9999995952079295
  },
  "sigma=3.0_ell=0.5": {
    "sigma": 3.0,
    "ell": 0.5,
    "mean_global_kl": 0.0016046534597931802,
    "mean_isr_kl": 3.8222647527707656e-05,
    "mean_improvement": 58.4952793487171,
    "isr_wins": 5,
    "total": 5,