z_obs,drift_model,drift_null,drift_ref_LCDM_H0_67p4,status
0.01,0.7364570218684605,0.6951385826763783,-1.4398582676377032,BACKGROUND_PROJECTED_PROVISIONAL
0.014974874371859296,0.8013693656154004,0.840963758907094,-1.3045492707284012,BACKGROUND_PROJECTED_PROVISIONAL
0.019949748743718593,0.8748185953233047,0.9899071836673983,-1.1661220252895248,BACKGROUND_PROJECTED_PROVISIONAL
0.024924623115577887,0.9564659338280848,1.1417984796066065,-1.0247469086717302,BACKGROUND_PROJECTED_PROVISIONAL
0.029899497487437185,1.0459746670478438,1.2964700151654256,-0.8805915524343249,BACKGROUND_PROJECTED_PROVISIONAL
0.03487437185929648,1.143010462043165,1.4537569076169206,-0.7338208393042436,BACKGROUND_PROJECTED_PROVISIONAL
0.03984924623115578,1.2472416569341505,1.613497021150792,-0.5845969050917716,BACKGROUND_PROJECTED_PROVISIONAL
0.04482412060301508,1.3583395239551805,1.7755309603466998,-0.43307914521727753,BACKGROUND_PROJECTED_PROVISIONAL
0.049798994974874375,1.4759785069109483,1.9397020593657004,-0.2794242255196906,BACKGROUND_PROJECTED_PROVISIONAL
0.05477386934673367,1.5998364342759572,2.1058563671738284,-0.12378609703297627,BACKGROUND_PROJECTED_PROVISIONAL
0.05974874371859297,1.7295947091556059,2.2738426290950997,0.03368398556688135,BACKGROUND_PROJECTED_PROVISIONAL
0.06472361809045227,1.864938477299006,2.443512264977244,0.19283744212761178,BACKGROUND_PROJECTED_PROVISIONAL
0.06969849246231155,2.005556774325157,2.6147193442382815,0.3535283420672215,BACKGROUND_PROJECTED_PROVISIONAL
0.07467336683417085,2.151142653291089,2.7873205580479095,0.5156133765554358,BACKGROUND_PROJECTED_PROVISIONAL
0.07943559520016252,2.294879547599095,2.9537201573028256,0.6719463000065247,BACKGROUND_PROJECTED_PROVISIONAL
0.07964824120603015,2.3013932936989647,2.9611751888850506,0.6789518280711633,BACKGROUND_PROJECTED_PROVISIONAL
0.08462311557788944,2.4560100930031865,3.136145077698586,0.8434055375632852,BACKGROUND_PROJECTED_PROVISIONAL
0.08959798994974874,2.614698741644432,3.3120945888866373,1.0088388694299226,BACKGROUND_PROJECTED_PROVISIONAL
0.09457286432160804,2.7771692826002266,3.488890573296885,1.175118674518771,BACKGROUND_PROJECTED_PROVISIONAL
0.09591907597955812,2.8217470577496044,3.536860401907802,1.2202428024865384,BACKGROUND_PROJECTED_PROVISIONAL
0.09954773869346734,2.943136156405828,3.6664023294401886,1.3421142513406608,BACKGROUND_PROJECTED_PROVISIONAL
0.10452261306532663,3.1123182325619325,3.8445015630963297,1.5096973056753882,BACKGROUND_PROJECTED_PROVISIONAL
0.10949748743718593,3.2844388282088346,4.023062345482785,1.6777419087404297,BACKGROUND_PROJECTED_PROVISIONAL
0.11265426713409132,3.3950567634907145,4.1365500956461005,1.784556674042335,BACKGROUND_PROJECTED_PROVISIONAL
0.11447236180904523,3.4592257149099765,4.201961070144733,1.8461244540809645,BACKGROUND_PROJECTED_PROVISIONAL
0.11944723618090453,3.6364111143508353,4.381076408716382,2.014723613331199,BACKGROUND_PROJECTED_PROVISIONAL
0.12442211055276382,3.8157316837235555,4.560289265693655,2.183420290987044,BACKGROUND_PROJECTED_PROVISIONAL
0.12939698492462312,3.996928491531307,4.739482732349373,2.3520975783213487,BACKGROUND_PROJECTED_PROVISIONAL
0.12964501239760692,4.006006776800035,4.7484140379930295,2.3605045890406444,BACKGROUND_PROJECTED_PROVISIONAL
0.1343718592964824,4.1797469845121356,4.918542039914044,2.520640706564606,BACKGROUND_PROJECTED_PROVISIONAL
0.13934673366834172,4.363936946347067,5.09735451213632,2.6889369994654686,BACKGROUND_PROJECTED_PROVISIONAL
0.14432160804020103,4.549252448783832,5.275809517330529,2.856875825338264,BACKGROUND_PROJECTED_PROVISIONAL
0.14689521419954327,4.645481997892503,5.367951859722325,2.9435779290725037,BACKGROUND_PROJECTED_PROVISIONAL
0.1474873984931891,4.667654309603563,5.38913450255329,2.9635087782383778,BACKGROUND_PROJECTED_PROVISIONAL
0.1492964824120603,4.735451795775219,5.4537984200112675,3.0243485486976027,BACKGROUND_PROJECTED_PROVISIONAL
0.15427135678391962,4.9222974611985535,5.6312145322063145,3.191248481571236,BACKGROUND_PROJECTED_PROVISIONAL
0.1592462311557789,5.109556020692722,5.807953064535582,3.3574708345790896,BACKGROUND_PROJECTED_PROVISIONAL
0.16212699344408094,5.218088840581345,5.909945373255454,3.4533736201187253,BACKGROUND_PROJECTED_PROVISIONAL
0.16422110552763822,5.296998078118207,5.983911077134593,3.522912667856687,BACKGROUND_PROJECTED_PROVISIONAL
0.16440883456124109,5.304071867182458,5.990534295654328,3.5291390538066594,BACKGROUND_PROJECTED_PROVISIONAL
0.1691959798994975,5.484398187117776,6.1589874304969925,3.687472841897673,BACKGROUND_PROJECTED_PROVISIONAL
0.17417085427135678,5.671534768226579,6.333082736303581,3.8510519683828335,BACKGROUND_PROJECTED_PROVISIONAL
0.17695335971865583,5.776006354283368,6.429992062958746,3.9420794728934823,BACKGROUND_PROJECTED_PROVISIONAL
0.1770969361085799,5.781392268400921,6.434983083094821,3.946766992890673,BACKGROUND_PROJECTED_PROVISIONAL
0.1791457286432161,5.8581900219536465,6.506099308301444,4.013552361059283,BACKGROUND_PROJECTED_PROVISIONAL
0.18218989600593946,5.972076477578355,6.611396299525026,4.112414413935099,BACKGROUND_PROJECTED_PROVISIONAL
0.18412060301507538,6.044149838231462,6.677941113290274,4.174877986726699,BACKGROUND_PROJECTED_PROVISIONAL
0.1890954773869347,6.229203702604693,6.848513722268834,4.334934416383845,BACKGROUND_PROJECTED_PROVISIONAL
0.1910699583062728,6.30235274393722,6.9158399394450925,4.398086860744485,BACKGROUND_PROJECTED_PROVISIONAL
0.1919688801374404,6.335593743178961,6.9464189038624795,4.426765631817091,BACKGROUND_PROJECTED_PROVISIONAL
0.19407035175879397,6.413144599505031,7.017724261790903,4.493628776584501,BACKGROUND_PROJECTED_PROVISIONAL
0.19904522613065329,6.595768912937359,7.185481365573423,4.6508697010456075,BACKGROUND_PROJECTED_PROVISIONAL
0.20024248248266774,6.639500437685598,7.225626857074786,4.688484362308785,BACKGROUND_PROJECTED_PROVISIONAL
0.20402010050251257,6.77687632487897,7.351695126398397,4.806567282549182,BACKGROUND_PROJECTED_PROVISIONAL
0.20520885074230197,6.8199057063044535,7.391173781033885,4.843533087662138,BACKGROUND_PROJECTED_PROVISIONAL
0.20717596792088316,6.890887640368362,7.456294300677186,4.904495400394083,BACKGROUND_PROJECTED_PROVISIONAL
0.20899497487437188,6.956269711673954,7.516277048344094,4.960633025173465,BACKGROUND_PROJECTED_PROVISIONAL
0.21396984924623116,7.133755038683873,7.679139999378776,5.112979796886734,BACKGROUND_PROJECTED_PROVISIONAL
0.21857074030424578,7.296033878208746,7.828155339978835,5.252269505885295,BACKGROUND_PROJECTED_PROVISIONAL
0.21894472361809048,7.309141253437346,7.840198164346205,5.263521782532749,BACKGROUND_PROJECTED_PROVISIONAL
0.21951558242062205,7.3291237718500355,7.858560074549018,5.280676978136171,BACKGROUND_PROJECTED_PROVISIONAL
0.22257706707719555,7.4357632315695525,7.956604224150169,5.3722495830847805,BACKGROUND_PROJECTED_PROVISIONAL
0.22391959798994976,7.4822401775025895,7.999366998369268,5.412174437234398,BACKGROUND_PROJECTED_PROVISIONAL
0.22889447236180907,7.652866397289941,8.156563180695485,5.5588544402391875,BACKGROUND_PROJECTED_PROVISIONAL
0.23386934673366835,7.820837153974708,8.311704569004348,5.703479649226637,BACKGROUND_PROJECTED_PROVISIONAL
0.23399214571873933,7.824948190861576,8.315507373844454,5.707022874416907,BACKGROUND_PROJECTED_PROVISIONAL
0.23717887909960783,7.931019951147675,8.413734223501862,5.7985134213704015,BACKGROUND_PROJECTED_PROVISIONAL
0.23817465279514077,7.963918309305299,8.444244422883543,5.826918696293092,BACKGROUND_PROJECTED_PROVISIONAL
0.23884422110552767,7.985972232715241,8.464710154195004,5.845969055095878,BACKGROUND_PROJECTED_PROVISIONAL
0.24381909547738695,8.148093851326024,8.61550001566961,5.986242737249071,BACKGROUND_PROJECTED_PROVISIONAL
0.24864055666517315,8.302174803522817,8.759451094967645,6.120001930953208,BACKGROUND_PROJECTED_PROVISIONAL
0.24879396984924623,8.30702654855186,8.763995277125716,6.124221819383763,BACKGROUND_PROJECTED_PROVISIONAL
0.2537688442211055,8.462597072075823,8.910118062868662,6.259828425805296,BACKGROUND_PROJECTED_PROVISIONAL
0.253971231841834,8.46885234160608,8.916011291103857,6.2652938352951395,BACKGROUND_PROJECTED_PROVISIONAL
0.25607117278066904,8.533408081288528,8.976917964316684,6.321761530992873,BACKGROUND_PROJECTED_PROVISIONAL
0.2587437185929648,8.61463426638042,9.053791454653577,6.3929856382688115,BACKGROUND_PROJECTED_PROVISIONAL
0.26346285522021134,8.755436616622475,9.187746380341238,6.516964977980848,BACKGROUND_PROJECTED_PROVISIONAL
0.26371859296482414,8.762968960570987,9.194939449063682,6.523617453357502,BACKGROUND_PROJECTED_PROVISIONAL
0.2686934673366834,8.907433856257157,9.333486915430825,6.651648740403232,BACKGROUND_PROJECTED_PROVISIONAL
0.2699693429656176,8.943840288982997,9.368591321302063,6.6840561260277696,BACKGROUND_PROJECTED_PROVISIONAL
0.2736683417085427,9.047863415579357,9.469359554302443,6.777005199953436,BACKGROUND_PROJECTED_PROVISIONAL
0.2752519605239561,9.091692088566816,9.512037801287747,6.8163359012129945,BACKGROUND_PROJECTED_PROVISIONAL
0.2784611055599981,9.179182817503971,9.597660004370141,6.895174426528897,BACKGROUND_PROJECTED_PROVISIONAL
0.27864321608040205,9.184093749456025,9.602483856456644,6.899613322786223,BACKGROUND_PROJECTED_PROVISIONAL
0.28361809045226133,9.315962506118723,9.732787062467366,7.019400349475518,BACKGROUND_PROJECTED_PROVISIONAL
0.2861715573040762,9.381900853556658,9.798549060315281,7.079764680307591,BACKGROUND_PROJECTED_PROVISIONAL
0.2885929648241206,9.443308759992561,9.860197122818846,7.136294230505584,BACKGROUND_PROJECTED_PROVISIONAL
0.2935678391959799,9.565972900971843,9.984642658568035,7.250223586933359,BACKGROUND_PROJECTED_PROVISIONAL
0.29363739636399444,9.567654008649484,9.986361266205904,7.251795160576549,BACKGROUND_PROJECTED_PROVISIONAL
0.29472564776722826,9.593832103890875,10.013172200570622,7.276305685715286,BACKGROUND_PROJECTED_PROVISIONAL
0.29854271356783924,9.68379652413249,10.106052922552735,7.361117671596645,BACKGROUND_PROJECTED_PROVISIONAL
0.3025804787972574,9.77575878209747,10.202313475342976,7.448842960973906,BACKGROUND_PROJECTED_PROVISIONAL
0.3035175879396985,9.796622319915073,10.224357761141462,7.468906330863959,BACKGROUND_PROJECTED_PROVISIONAL
0.3084924623115578,9.904305522136028,10.3394925402973,7.573524930698383,BACKGROUND_PROJECTED_PROVISIONAL
0.3089938411058507,9.914871303788388,10.350919494591665,7.583892041283221,BACKGROUND_PROJECTED_PROVISIONAL
0.3134673366834171,10.00684900561464,10.451456165923588,7.674972377003272,BACKGROUND_PROJECTED_PROVISIONAL
0.31449670722131656,10.027434342724433,10.47423087577097,7.695571143428637,BACKGROUND_PROJECTED_PROVISIONAL
0.3184422110552764,10.104355793037072,10.560290647622296,7.773290679380565,BACKGROUND_PROJECTED_PROVISIONAL
0.31919874460616404,10.118749037618343,10.57656975364938,7.787970580706357,BACKGROUND_PROJECTED_PROVISIONAL
0.3234170854271357,10.19692904223642,10.666038122220357,7.868521974657213,BACKGROUND_PROJECTED_PROVISIONAL
0.3245325783477325,10.217019525937317,10.689329919850692,7.889455778354844,BACKGROUND_PROJECTED_PROVISIONAL
0.328391959798995,10.28467011531265,10.768740014106314,7.960707687221756,BACKGROUND_PROJECTED_PROVISIONAL
0.3333668341708543,10.367678660215304,10.868437060680762,8.049888554474776,BACKGROUND_PROJECTED_PROVISIONAL
0.33456967989741543,10.387049382763095,10.892095641865708,8.07100449027594,BACKGROUND_PROJECTED_PROVISIONAL
0.33602902553658587,10.410189027626515,10.920567390309117,8.09639138887465,BACKGROUND_PROJECTED_PROVISIONAL
0.33834170854271356,10.446052688690045,10.965169336874268,8.13610465134687,BACKGROUND_PROJECTED_PROVISIONAL
0.34025577203813984,10.47499268458057,11.001605294928467,8.168494550456487,BACKGROUND_PROJECTED_PROVISIONAL
0.3433165829145729,10.5198886507536,11.058976278768611,8.219395413919798,BACKGROUND_PROJECTED_PROVISIONAL
0.3482914572864322,10.589281505851588,11.149896706357168,8.299799662186942,BACKGROUND_PROJECTED_PROVISIONAL
0.3530740264683381,10.651890217470054,11.23461685532196,8.374410137746011,BACKGROUND_PROJECTED_PROVISIONAL
0.35326633165829147,10.654324790847483,11.23796884547707,8.37735562198543,BACKGROUND_PROJECTED_PROVISIONAL
0.35494917615006033,10.675358688479108,11.267122853922729,8.402952335689022,BACKGROUND_PROJECTED_PROVISIONAL
0.3561656118132623,10.690261600796845,11.287997242820637,8.421255352003229,BACKGROUND_PROJECTED_PROVISIONAL
0.35824120603015075,10.715110684982065,11.323230348945387,8.452100946132333,BACKGROUND_PROJECTED_PROVISIONAL
0.3632160804020101,10.771730071935593,11.405718316930177,8.524072734795709,BACKGROUND_PROJECTED_PROVISIONAL
0.36819095477386937,10.824272599119212,11.485469316584926,8.593307555129059,BACKGROUND_PROJECTED_PROVISIONAL
0.37033648678997655,10.845696710326052,11.519028128569516,8.62233101652292,BACKGROUND_PROJECTED_PROVISIONAL
0.3722643133019105,10.864320001986115,11.548755632011193,8.647983367953756,BACKGROUND_PROJECTED_PROVISIONAL
0.37316582914572866,10.872826734314515,11.562519400975148,8.659841460197867,BACKGROUND_PROJECTED_PROVISIONAL
0.37563987673603266,10.895515306331362,11.599842522482078,8.691934795751493,BACKGROUND_PROJECTED_PROVISIONAL
0.37814070351758794,10.917479819775124,11.636904127322936,8.723710007224241,BACKGROUND_PROJECTED_PROVISIONAL
0.3831155778894473,10.958318123897655,11.708658574595972,8.784948275175864,BACKGROUND_PROJECTED_PROVISIONAL
0.38781918083905853,10.993498138005947,11.774112586163966,8.84045953676113,BACKGROUND_PROJECTED_PROVISIONAL
0.38809045226130656,10.9954268905651,11.77781736046498,8.843590881723458,BACKGROUND_PROJECTED_PROVISIONAL
0.3885541184340688,10.998698491561996,11.784132053530058,8.848925450215802,BACKGROUND_PROJECTED_PROVISIONAL
0.39306532663316585,11.028890386259562,11.844414657652948,8.899671999589998,BACKGROUND_PROJECTED_PROVISIONAL
0.3966465338894349,11.050769659526253,11.89078863163948,8.93847580900976,BACKGROUND_PROJECTED_PROVISIONAL
0.39804020100502513,11.058791945037342,11.908484209699267,8.953225372314904,BACKGROUND_PROJECTED_PROVISIONAL
0.40301507537688447,11.085214011454326,11.970059346159445,9.004284329453668,BACKGROUND_PROJECTED_PROVISIONAL
0.4050372957531094,11.0949783244656,11.99438333450918,9.024333630542145,BACKGROUND_PROJECTED_PROVISIONAL
0.4055249183480208,11.097249412646192,12.000188018964906,9.02910754994413,BACKGROUND_PROJECTED_PROVISIONAL
0.40798994974874375,11.108238181525778,12.02917299726171,9.05288180123452,BACKGROUND_PROJECTED_PROVISIONAL
0.41296482412060304,11.127945241800447,12.085857708039981,9.099050332691377,BACKGROUND_PROJECTED_PROVISIONAL
0.4179396984924623,11.144415206624814,12.140145651961973,9.142822097291955,BACKGROUND_PROJECTED_PROVISIONAL
0.4179739724131821,11.144517631575397,12.140511424547569,9.143115419666884,BACKGROUND_PROJECTED_PROVISIONAL
0.4217161407317134,11.154805001969578,12.17977509428691,9.174468675967205,BACKGROUND_PROJECTED_PROVISIONAL
0.4229145728643216,11.157727353670595,12.192068644071114,9.184228910079696,BACKGROUND_PROJECTED_PROVISIONAL
0.42345654489574575,11.158990198394434,12.197583715403823,9.188598329352942,BACKGROUND_PROJECTED_PROVISIONAL
0.42788944723618094,11.167960257793979,12.241658153659358,9.223302240346527,BACKGROUND_PROJECTED_PROVISIONAL
0.4328643216080402,11.175191823293204,12.288945316487414,9.260073223853169,BACKGROUND_PROJECTED_PROVISIONAL
0.4378391959798995,11.179499314626668,12.33396094656905,9.294572674613391,BACKGROUND_PROJECTED_PROVISIONAL
0.4385929760915414,11.179901689409775,12.34058534822671,9.299603691950068,BACKGROUND_PROJECTED_PROVISIONAL
0.43962709078716145,11.180347839054207,12.349589884299291,9.306422256123625,BACKGROUND_PROJECTED_PROVISIONAL
0.4416169423648893,11.180864110428743,12.366645617265348,9.319271724880721,BACKGROUND_PROJECTED_PROVISIONAL
0.4428140703517588,11.180959385652315,12.376735547534196,9.32683109625711,BACKGROUND_PROJECTED_PROVISIONAL
0.44778894472361813,11.17964810744516,12.417299323586263,9.356878692987763,BACKGROUND_PROJECTED_PROVISIONAL
0.4527638190954774,11.175640994747681,12.455682190067265,9.38474538014735,BACKGROUND_PROJECTED_PROVISIONAL
0.4556701521267001,11.172082450701879,12.477108163514018,9.400027777487551,BACKGROUND_PROJECTED_PROVISIONAL
0.4577386934673367,11.16901303110582,12.491913783644762,9.410460794403434,BACKGROUND_PROJECTED_PROVISIONAL
0.460009029405042,11.16513763129241,12.50774155547559,9.421489397842038,BACKGROUND_PROJECTED_PROVISIONAL
0.4616108622933133,11.162088094798449,12.51864443812623,9.429006232798429,BACKGROUND_PROJECTED_PROVISIONAL
0.462713567839196,11.159838692739996,12.526023472133787,9.434054303571045,BACKGROUND_PROJECTED_PROVISIONAL
0.4676884422110553,11.148191971199353,12.558040363965787,9.455555016081632,BACKGROUND_PROJECTED_PROVISIONAL
0.4726633165829146,11.13414639484482,12.587993317317512,9.474991790111943,BACKGROUND_PROJECTED_PROVISIONAL
0.47295004703104737,11.1332652837403,12.589657370269265,9.47604973553534,BACKGROUND_PROJECTED_PROVISIONAL
0.4776381909547739,11.117775049204923,12.615910948910695,9.492393242383713,BACKGROUND_PROJECTED_PROVISIONAL
0.47863576190180107,11.114218717215493,12.621266571303423,9.495640141182506,BACKGROUND_PROJECTED_PROVISIONAL
0.4826130653266332,11.099150596245835,12.641821642494037,9.507787756645655,BACKGROUND_PROJECTED_PROVISIONAL
0.48393033615789355,11.093850990471935,12.648349906080497,9.511531496394738,BACKGROUND_PROJECTED_PROVISIONAL
0.48758793969849246,11.07834529259624,12.665753557018448,9.521203491848652,BACKGROUND_PROJECTED_PROVISIONAL
0.4904350672293831,11.0654849310192,12.678570330361538,9.528001841121537,BACKGROUND_PROJECTED_PROVISIONAL
0.4925628140703518,11.055431006765389,12.687734634515351,9.532668390024142,BACKGROUND_PROJECTED_PROVISIONAL
0.4975001334518248,11.030675049785884,12.70764832668442,9.542145288798707,BACKGROUND_PROJECTED_PROVISIONAL
0.4975376884422111,11.030479235390942,12.707792607688532,9.542210183875895,BACKGROUND_PROJECTED_PROVISIONAL
0.5025125628140703,11.003561118552184,12.725955007228691,9.54985640409464,BACKGROUND_PROJECTED_PROVISIONAL
0.5065906387111783,10.980078455241568,12.739448708357472,9.554729630772272,BACKGROUND_PROJECTED_PROVISIONAL
0.5074874371859296,10.97474745418262,12.742249168860326,9.555634386404861,BACKGROUND_PROJECTED_PROVISIONAL
0.508127647712572,10.970905430058679,12.744211765323215,9.55624366855298,BACKGROUND_PROJECTED_PROVISIONAL
0.512462311557789,10.944108711614376,12.756702240129172,9.559571278352294,BACKGROUND_PROJECTED_PROVISIONAL
0.5166051758439496,10.917251871027332,12.767352605619294,9.561464215919415,BACKGROUND_PROJECTED_PROVISIONAL
0.5174371859296483,10.911715044285344,12.769341186939641,9.56169404584135,BACKGROUND_PROJECTED_PROVISIONAL
0.5224120603015076,10.87763630164011,12.780192799849502,9.562029479429796,BACKGROUND_PROJECTED_PROVISIONAL
0.5260302523766438,10.851832358472166,12.786977643746283,9.56116597809465,BACKGROUND_PROJECTED_PROVISIONAL
0.5273869346733668,10.841942040252192,12.789283700130426,9.560604200389307,BACKGROUND_PROJECTED_PROVISIONAL
0.5295969745648779,10.8255850751234,12.792764338111326,9.559413127273743,BACKGROUND_PROJECTED_PROVISIONAL
0.5323618090452261,10.804701534196568,12.796640345601872,9.55744466653934,BACKGROUND_PROJECTED_PROVISIONAL
0.5359539595464429,10.776889322669987,12.800888906775555,9.554099930677424,BACKGROUND_PROJECTED_PROVISIONAL
0.5373366834170854,10.765983784698378,12.802289036245327,9.552577177861394,BACKGROUND_PROJECTED_PROVISIONAL
0.5423115577889448,10.725857529083953,12.80625591960667,9.546027881901324,BACKGROUND_PROJECTED_PROVISIONAL
0.5441453743659197,10.710724718801913,12.80729912748538,9.543194661447458,BACKGROUND_PROJECTED_PROVISIONAL
0.5472864321608041,10.684391249058734,12.808566995992493,9.537822778965733,BACKGROUND_PROJECTED_PROVISIONAL
0.5522613065326634,10.6416531783361,12.809248123468223,9.527987727120035,BACKGROUND_PROJECTED_PROVISIONAL
0.5529546278075306,10.63559988557057,12.809215098979664,9.52648911972247,BACKGROUND_PROJECTED_PROVISIONAL
0.5555495942004751,10.612739193212434,12.808816125523379,9.520604755102212,BACKGROUND_PROJECTED_PROVISIONAL
0.5572361809045226,10.59771130963965,12.808325022663112,9.51654844699351,BACKGROUND_PROJECTED_PROVISIONAL
0.5622110552763819,10.55263340110173,12.805823281389465,9.50353052639845,BACKGROUND_PROJECTED_PROVISIONAL
0.5624755364202108,10.55020639861634,12.805646574896087,9.502794744252554,BACKGROUND_PROJECTED_PROVISIONAL
0.5671859296482412,10.506471698415524,12.801604207893007,9.488795273580578,BACKGROUND_PROJECTED_PROVISIONAL
0.5721608040201005,10.414956195458942,12.773358818316424,9.450033704682582,BACKGROUND_PROJECTED_PROVISIONAL
0.5753952291198849,10.315250972523543,12.736512050639973,9.4063498207679,BACKGROUND_PROJECTED_PROVISIONAL
0.5766689632181506,10.268757640179743,12.718650365497496,9.385795642271034,BACKGROUND_PROJECTED_PROVISIONAL
0.5771356783919598,10.250803141253144,12.711677381742604,9.377836088787348,BACKGROUND_PROJECTED_PROVISIONAL
0.5810232912261394,10.084450324059617,12.645709331968163,9.303650176482009,BACKGROUND_PROJECTED_PROVISIONAL
0.5821105527638191,10.033259820088873,12.625051170930348,9.280693698653678,BACKGROUND_PROJECTED_PROVISIONAL
0.5870854271356785,9.779776508388991,12.52122469217548,9.166351040577396,BACKGROUND_PROJECTED_PROVISIONAL
0.5920603015075377,9.505990954852123,12.407207624259442,9.041817793339959,BACKGROUND_PROJECTED_PROVISIONAL
0.5954940537973217,9.312488256523977,12.325886015793301,8.953237719207024,BACKGROUND_PROJECTED_PROVISIONAL
0.597035175879397,9.225744601799704,12.289291396324145,8.913385386083249,BACKGROUND_PROJECTED_PROVISIONAL
0.5997912217726296,9.072208787188671,12.224366000949757,8.842634100311457,BACKGROUND_PROJECTED_PROVISIONAL
0.6007454274984088,9.01979891582323,12.202170227609002,8.818421271308239,BACKGROUND_PROJECTED_PROVISIONAL
0.6020100502512563,8.951126003872076,12.173070043305088,8.786647853742778,BACKGROUND_PROJECTED_PROVISIONAL
0.6069849246231156,8.692536445256053,12.063464853708794,8.666526484825056,BACKGROUND_PROJECTED_PROVISIONAL
0.6119597989949749,8.458772685043144,11.964752256346912,8.55729770814176,BACKGROUND_PROJECTED_PROVISIONAL
0.615849298416845,8.29805893526968,11.897549152349967,8.481872753634917,BACKGROUND_PROJECTED_PROVISIONAL
0.6169346733668342,8.25712203519474,11.880594345102722,8.462623617576156,BACKGROUND_PROJECTED_PROVISIONAL
0.6187819417106188,8.191646877634625,11.853688052433967,8.431812461446356,BACKGROUND_PROJECTED_PROVISIONAL
0.6219095477386934,8.093465442626666,11.814071438371741,8.385584531523762,BACKGROUND_PROJECTED_PROVISIONAL
0.6251895505236298,8.008619398005777,11.781107962265054,8.345687594412269,BACKGROUND_PROJECTED_PROVISIONAL
0.6268844221105528,7.972384856038616,11.767716086100165,8.328712999930772,BACKGROUND_PROJECTED_PROVISIONAL
0.6318592964824121,7.897271734563915,11.74354796997531,8.294028704484504,BACKGROUND_PROJECTED_PROVISIONAL
0.636464234373064,7.8707335532635625,11.742298364049901,8.283044912526975,BACKGROUND_PROJECTED_PROVISIONAL
0.6368341708542714,7.870434125384364,11.74310919554327,8.283073750731049,BACKGROUND_PROJECTED_PROVISIONAL
0.6379980957170382,7.871285325988566,11.74655870346912,8.284062886462834,BACKGROUND_PROJECTED_PROVISIONAL
0.6418090452261307,7.893200400406428,11.767499522282279,8.296947898148645,BACKGROUND_PROJECTED_PROVISIONAL
0.64678391959799,7.966018094168362,11.817411134569667,8.336343331114634,BACKGROUND_PROJECTED_PROVISIONAL
0.650006946612892,8.03978053510366,11.863534576249236,8.37565375049192,BACKGROUND_PROJECTED_PROVISIONAL
0.6517587939698493,8.088546764934577,11.893162616654948,8.4015786338785,BACKGROUND_PROJECTED_PROVISIONAL
0.6567336683417085,8.25974425244685,11.994731867171268,8.492631705073393,BACKGROUND_PROJECTED_PROVISIONAL
0.6573421747968995,8.283950293261213,12.008914509501551,8.505528051002457,BACKGROUND_PROJECTED_PROVISIONAL
0.657442359863115,8.288002834096375,12.011286081896571,8.507687846366977,BACKGROUND_PROJECTED_PROVISIONAL
0.6617085427135678,8.477945761226835,12.12178771496535,8.609171373546062,BACKGROUND_PROJECTED_PROVISIONAL
0.6666834170854271,8.740935727670433,12.27372006232001,8.750587541579307,BACKGROUND_PROJECTED_PROVISIONAL
0.6716582914572865,9.04601234022995,12.449668441536062,8.916019741473946,BACKGROUND_PROJECTED_PROVISIONAL
0.6752033158185224,9.287374304149026,12.589110957086618,9.047968577969527,BACKGROUND_PROJECTED_PROVISIONAL
0.6766331658291458,9.39004494216222,12.648548896208823,9.104384016825293,BACKGROUND_PROJECTED_PROVISIONAL
0.677117441987046,9.425487157259795,12.669087266012838,9.123898695469123,BACKGROUND_PROJECTED_PROVISIONAL
0.678486475088055,9.527469692147648,12.728247882246464,9.1801653697635,BACKGROUND_PROJECTED_PROVISIONAL
0.6816080402010051,9.769524518485838,12.86907912303569,9.314398064330746,BACKGROUND_PROJECTED_PROVISIONAL
0.6865829145728644,10.18060764314626,13.109801879522124,9.544604641495766,BACKGROUND_PROJECTED_PROVISIONAL
0.6915577889447236,10.619154295257303,13.369106661220144,9.793393243872373,BACKGROUND_PROJECTED_PROVISIONAL
0.6965326633165829,11.080760042949493,13.645249674290582,10.059020077621398,BACKGROUND_PROJECTED_PROVISIONAL
0.6970260820710954,11.127624903558441,13.673485978370138,10.08621336438732,BACKGROUND_PROJECTED_PROVISIONAL
0.6999005334542789,11.404003067493719,13.840812537659687,10.247463740855608,BACKGROUND_PROJECTED_PROVISIONAL
0.7007844452352842,11.490052626935025,13.89320161282241,10.29798435179218,BACKGROUND_PROJECTED_PROVISIONAL
0.7015075376884422,11.56078312707578,13.936372178251801,10.339626402261217,BACKGROUND_PROJECTED_PROVISIONAL
0.7064824120603015,12.054367089213187,14.240517261280544,10.633255305968547,BACKGROUND_PROJECTED_PROVISIONAL
0.7114572864321609,12.556454205994484,14.55564396543204,10.937865830798614,BACKGROUND_PROJECTED_PROVISIONAL
0.7164321608040202,13.061761988080633,14.87963817011999,11.25134385616515,BACKGROUND_PROJECTED_PROVISIONAL
0.7171710526231689,13.136755263606588,14.92838364957656,11.298527423040923,BACKGROUND_PROJECTED_PROVISIONAL
0.7214070351758795,13.564819650715492,15.210328595647141,11.571518102370888,BACKGROUND_PROJECTED_PROVISIONAL
0.7215877914575077,13.582983875165965,15.222441716804099,11.583249130367506,BACKGROUND_PROJECTED_PROVISIONAL
0.7263819095477387,14.060002603298543,15.545499306877389,11.896172634279722,BACKGROUND_PROJECTED_PROVISIONAL
0.7267562103295527,14.096780293703759,15.57083540893737,11.920717517537483,BACKGROUND_PROJECTED_PROVISIONAL
0.731356783919598,14.541544790055582,15.882900253099123,12.223057401180043,BACKGROUND_PROJECTED_PROVISIONAL
0.7363316582914573,15.003552014338254,16.220256954308994,12.5498979230685,BACKGROUND_PROJECTED_PROVISIONAL
0.7375551590629172,15.113496500573845,16.302955896849255,12.630010558387553,BACKGROUND_PROJECTED_PROVISIONAL
0.7413065326633166,15.440017846988013,16.55527948824742,12.874404277685514,BACKGROUND_PROJECTED_PROVISIONAL
0.743551734566978,15.627004651615707,16.705098905456367,13.01947765628789,BACKGROUND_PROJECTED_PROVISIONAL
0.7462814070351759,15.844843702796226,16.88567094014462,13.1942795502613,BACKGROUND_PROJECTED_PROVISIONAL
0.7512562814070352,16.21186484082459,17.20913548563348,13.507227916428747,BACKGROUND_PROJECTED_PROVISIONAL
0.7531245762887941,16.338666299830038,17.328354017107102,13.622497137320181,BACKGROUND_PROJECTED_PROVISIONAL
0.7562311557788945,16.53488417846701,17.523386285969153,13.810962537443018,BACKGROUND_PROJECTED_PROVISIONAL
0.7581812401124244,16.64815174807022,17.64356019372711,13.92701424330994,BACKGROUND_PROJECTED_PROVISIONAL
0.7612060301507538,16.80771588299237,17.826153383643728,14.10321345579618,BACKGROUND_PROJECTED_PROVISIONAL
0.7657958927193925,17.009631803764947,18.093363711461777,14.360721464676175,BACKGROUND_PROJECTED_PROVISIONAL
0.7661809045226131,17.024240701632706,18.115191795072263,14.381735687903287,BACKGROUND_PROJECTED_PROVISIONAL
0.7711557788944724,17.178474856051338,18.388290003281767,14.644317716791377,BACKGROUND_PROJECTED_PROVISIONAL
0.7761306532663317,17.26465402147899,18.643279060812574,14.88879059500077,BACKGROUND_PROJECTED_PROVISIONAL
0.7790521681915302,17.28134024458842,18.783729265316225,15.023065131025774,BACKGROUND_PROJECTED_PROVISIONAL
0.7798955993916441,17.281292176008122,18.822919363416375,15.060472335110376,BACKGROUND_PROJECTED_PROVISIONAL
0.781105527638191,17.278659000809952,18.878042517016098,15.11303787188288,BACKGROUND_PROJECTED_PROVISIONAL
0.7860804020100502,17.267529878956097,19.09052738526327,15.31500656080864,BACKGROUND_PROJECTED_PROVISIONAL
0.7883238408862359,17.262645442638274,19.178528062381886,15.398264926110883,BACKGROUND_PROJECTED_PROVISIONAL
0.7910552763819095,17.256807716334905,19.278756361078734,15.49271935730269,BACKGROUND_PROJECTED_PROVISIONAL
0.7960301507537689,17.246473409666507,19.44084149486244,15.644288311764981,BACKGROUND_PROJECTED_PROVISIONAL
0.8001708498178504,17.23815397152576,19.554525442608366,15.749219408560506,BACKGROUND_PROJECTED_PROVISIONAL
0.8010050251256282,17.236507903206217,19.574999506745527,15.767930144326655,BACKGROUND_PROJECTED_PROVISIONAL
0.8059798994974875,17.2268921895747,19.679568905336353,15.861983363596082,BACKGROUND_PROJECTED_PROVISIONAL
0.8070754283989158,17.224819800137382,19.69846687811527,15.878565543549271,BACKGROUND_PROJECTED_PROVISIONAL
0.8109547738693468,17.21760731053368,19.75302903668566,15.924927315623975,BACKGROUND_PROJECTED_PROVISIONAL
0.8111391996483244,17.217269219280766,19.75513601151799,15.926644440498634,BACKGROUND_PROJECTED_PROVISIONAL
0.8159296482412061,17.20863435770903,19.794021141328898,15.955403240945785,BACKGROUND_PROJECTED_PROVISIONAL
0.8209045226130653,17.19995447326309,19.80137143479388,15.952237355089352,BACKGROUND_PROJECTED_PROVISIONAL
0.8215402260115408,17.1988654887995,19.79983481517411,15.94935694858495,BACKGROUND_PROJECTED_PROVISIONAL
0.8258793969849246,17.19154885051708,19.780451384002788,15.920801124976848,BACKGROUND_PROJECTED_PROVISIONAL
0.8308542713567839,17.18339873452547,19.75638707474289,15.886220636395535,BACKGROUND_PROJECTED_PROVISIONAL
0.8342456357776894,17.17797968538045,19.739724340596894,15.862389038529841,BACKGROUND_PROJECTED_PROVISIONAL
0.8346703059658429,17.17730856400503,19.737623340585557,15.859390345930251,BACKGROUND_PROJECTED_PROVISIONAL
0.8358291457286432,17.175485422603487,19.731873913949286,15.851191296280518,BACKGROUND_PROJECTED_PROVISIONAL
0.8358872868431042,17.17539426605903,19.73158483147874,15.850779311734485,BACKGROUND_PROJECTED_PROVISIONAL
0.836505153313368,17.174427377203855,19.72850908346001,15.846397481569298,BACKGROUND_PROJECTED_PROVISIONAL
0.8408040201005026,17.167790264808744,19.706925807242683,15.815727010252502,BACKGROUND_PROJECTED_PROVISIONAL
0.8431632727048693,17.164211858046386,19.69494653668022,15.798760614066836,BACKGROUND_PROJECTED_PROVISIONAL
0.8457788944723619,17.16029466437942,19.681556632643208,15.779841656331627,BACKGROUND_PROJECTED_PROVISIONAL
0.8507537688442212,17.152980078128365,19.655780240505266,15.74354908487227,BACKGROUND_PROJECTED_PROVISIONAL
0.8557286432160804,17.14582801679694,19.629610453439625,15.706863118485202,BACKGROUND_PROJECTED_PROVISIONAL
0.8576468628268821,17.14310981127322,19.61941771186366,15.692615532525807,BACKGROUND_PROJECTED_PROVISIONAL
0.8596534872418926,17.14028811144223,19.60869567905202,15.677651780104426,BACKGROUND_PROJECTED_PROVISIONAL
0.8607035175879397,17.13882004536687,19.603061066222708,15.669797551946886,BACKGROUND_PROJECTED_PROVISIONAL
0.8626865700758921,17.13606263993536,19.592375374367805,15.65491996819516,BACKGROUND_PROJECTED_PROVISIONAL
0.865043001156649,17.132810420762382,19.579603357245347,15.637166789750538,BACKGROUND_PROJECTED_PROVISIONAL
0.865678391959799,17.13193778333411,19.576145845693745,15.632366152096509,BACKGROUND_PROJECTED_PROVISIONAL
0.8674411954833867,17.129525824922695,19.566523477515318,15.619017467115526,BACKGROUND_PROJECTED_PROVISIONAL
0.8687700292469911,17.12771606473629,19.559241106760837,15.608926130123507,BACKGROUND_PROJECTED_PROVISIONAL
0.8706532663316583,17.125162904943693,19.548878530639954,15.59458265772129,BACKGROUND_PROJECTED_PROVISIONAL
0.8756281407035176,17.118477139387963,19.52127283167043,15.556460779430338,BACKGROUND_PROJECTED_PROVISIONAL
0.880603015075377,17.111862270968942,19.4933424310792,15.518014199517694,BACKGROUND_PROJECTED_PROVISIONAL
0.8813466417257976,17.110878475994397,19.48914043919902,15.5122402862945,BACKGROUND_PROJECTED_PROVISIONAL
0.8855778894472363,17.105300139225406,19.465100982697635,15.479256571814716,BACKGROUND_PROJECTED_PROVISIONAL
0.8871824583715897,17.103191881670412,19.455928049340343,15.466691807170704,BACKGROUND_PROJECTED_PROVISIONAL
0.8903417180778637,17.099049086770563,19.43777865776495,15.44186418834559,BACKGROUND_PROJECTED_PROVISIONAL
0.8905527638190955,17.098772639026976,19.436562111736507,15.440201521532188,BACKGROUND_PROJECTED_PROVISIONAL
0.8911306554964686,17.098015810264883,19.433228318343296,15.435646147038966,BACKGROUND_PROJECTED_PROVISIONAL
0.8955276381909548,17.092261720634568,19.40773941461873,15.400862645093014,BACKGROUND_PROJECTED_PROVISIONAL
0.8995374299830043,17.087013681060682,19.384310731554308,15.368957830497465,BACKGROUND_PROJECTED_PROVISIONAL
0.9005025125628141,17.085749389729727,19.37864645880221,15.361253509955063,BACKGROUND_PROJECTED_PROVISIONAL
0.901601754784675,17.08430844994048,19.372183011612762,15.352466420506815,BACKGROUND_PROJECTED_PROVISIONAL
0.9053487813861136,17.079386949982464,19.350058621960315,15.322421347693833,BACKGROUND_PROJECTED_PROVISIONAL
0.9054773869346734,17.079217707412795,19.349296782593825,15.32138765442528,BACKGROUND_PROJECTED_PROVISIONAL
0.9095847275246293,17.073797760145055,19.324881310194215,15.28828984616159,BACKGROUND_PROJECTED_PROVISIONAL
0.9104522613065327,17.072648790171243,19.31970389495487,15.281278587464897,BACKGROUND_PROJECTED_PROVISIONAL
0.915427135678392,17.066024809819325,19.2898812752978,15.240939788486429,BACKGROUND_PROJECTED_PROVISIONAL
0.9200090952568524,17.05985996902544,19.262222394698213,15.203595294749917,BACKGROUND_PROJECTED_PROVISIONAL
0.9204020100502512,17.059327993409454,19.259842373275433,15.200384707142632,BACKGROUND_PROJECTED_PROVISIONAL
0.9215363698779031,17.057788959400966,19.25296408476852,15.191108542735563,BACKGROUND_PROJECTED_PROVISIONAL
0.9253768844221106,17.052540623116414,19.229600608561867,15.159626763107667,BACKGROUND_PROJECTED_PROVISIONAL
0.9296571393134393,17.04661499259447,19.203429231223183,15.124407533579344,BACKGROUND_PROJECTED_PROVISIONAL
0.9303517587939699,17.045645036095337,19.199169370626663,15.118679345851035,BACKGROUND_PROJECTED_PROVISIONAL
0.9321853114482912,17.043072780484977,19.187908430061157,15.10354253484806,BACKGROUND_PROJECTED_PROVISIONAL
0.9322529283903019,17.04297758377598,19.18749270538315,15.102983877538136,BACKGROUND_PROJECTED_PROVISIONAL
0.9350102886962692,17.039074188613526,19.17051327914824,15.08017578242361,BACKGROUND_PROJECTED_PROVISIONAL
0.9353266331658292,17.038623624314425,19.168562018501433,15.077555814404377,BACKGROUND_PROJECTED_PROVISIONAL
0.9403015075376885,17.031458834362283,19.137791880539908,15.036269497121452,BACKGROUND_PROJECTED_PROVISIONAL
0.9452763819095478,17.024133167232264,19.106872254171606,14.99483369143175,BACKGROUND_PROJECTED_PROVISIONAL
0.9493285221487017,17.018035275020367,19.08158629456186,14.960982081675823,BACKGROUND_PROJECTED_PROVISIONAL
0.950251256281407,17.016629178083207,19.07581640564935,14.953261663588066,BACKGROUND_PROJECTED_PROVISIONAL
0.9532457996631182,17.012019027360964,19.057062709979007,14.928177927632518,BACKGROUND_PROJECTED_PROVISIONAL
0.9542756222272742,17.010416527918267,19.050603542742365,14.91954186145442,BACKGROUND_PROJECTED_PROVISIONAL
0.955190217777201,17.008985801590555,19.04486305441884,14.91186804776612,BACKGROUND_PROJECTED_PROVISIONAL
0.9552261306532663,17.00892947597781,19.044637569790495,14.911566648407813,BACKGROUND_PROJECTED_PROVISIONAL
0.9602010050251256,17.001016723599378,19.013348949713006,14.869761849008896,BACKGROUND_PROJECTED_PROVISIONAL
0.9651758793969849,16.992873636947763,18.98196371656597,14.827860436540433,BACKGROUND_PROJECTED_PROVISIONAL
0.9653943211900455,16.992510533933327,18.980583613198235,14.826018578182442,BACKGROUND_PROJECTED_PROVISIONAL
0.9690057647135454,16.986436961071064,18.95774437921564,14.795545264449615,BACKGROUND_PROJECTED_PROVISIONAL
0.9701507537688443,16.984482985015262,18.950495009255164,14.785875549908226,BACKGROUND_PROJECTED_PROVISIONAL
0.9751256281407036,16.97582758944219,18.918955934163492,14.743820295495127,BACKGROUND_PROJECTED_PROVISIONAL
0.9783997899676027,16.969978393157078,18.8981667461682,14.716109993452463,BACKGROUND_PROJECTED_PROVISIONAL
0.9790956702494714,16.968719027866342,18.893745431982907,14.710217686980073,BACKGROUND_PROJECTED_PROVISIONAL
0.9792081866888781,16.96851486010854,18.89303046542345,14.709264876614938,BACKGROUND_PROJECTED_PROVISIONAL
0.9801005025125629,16.966890324154406,18.887359564867026,14.701707746877261,BACKGROUND_PROJECTED_PROVISIONAL
0.9850753768844221,16.957654114982148,18.855718941846902,14.65955094453571,BACKGROUND_PROJECTED_PROVISIONAL
0.985478502363208,16.956892072700754,18.8531534867476,14.656133339310202,BACKGROUND_PROJECTED_PROVISIONAL
0.9900502512562814,16.948101939261306,18.824047072196578,14.617362895563986,BACKGROUND_PROJECTED_PROVISIONAL
0.9950251256281407,16.938216825417328,18.792356929325706,14.575156573371686,BACKGROUND_PROJECTED_PROVISIONAL
0.9991741034770072,16.9297059307618,18.7659231537219,14.539952446639802,BACKGROUND_PROJECTED_PROVISIONAL
1.0,16.927981852533094,18.760661452660102,14.532944917384683,BACKGROUND_PROJECTED_PROVISIONAL
1.0018848771623063,16.924009148355623,18.74865397202106,14.516953073572608,BACKGROUND_PROJECTED_PROVISIONAL
1.0035984946040402,16.920350946184357,18.737739022808753,14.502415779963528,BACKGROUND_PROJECTED_PROVISIONAL
1.0040133779264213,16.919458526384403,18.735096689558944,14.49889644217258,BACKGROUND_PROJECTED_PROVISIONAL
1.004458839737149,16.918497386979368,18.73225974549976,14.495117854981885,BACKGROUND_PROJECTED_PROVISIONAL
1.0080267558528428,16.91068769298741,18.70954361382468,14.464859654327427,BACKGROUND_PROJECTED_PROVISIONAL
1.0093173764690935,16.90781312730371,18.701329858018667,14.45391770946135,BACKGROUND_PROJECTED_PROVISIONAL
1.0120401337792642,16.90166053924392,18.68400896988595,14.430841298277755,BACKGROUND_PROJECTED_PROVISIONAL
1.0160535117056857,16.89236827279649,18.658499487306628,14.396848103587516,BACKGROUND_PROJECTED_PROVISIONAL
1.018243113092247,16.887183723986738,18.644595145178755,14.378315254465832,BACKGROUND_PROJECTED_PROVISIONAL
1.020066889632107,16.88280212185711,18.63302188067857,14.362886784848541,BACKGROUND_PROJECTED_PROVISIONAL
1.0240802675585283,16.872953335033316,18.607582849514003,14.328964041573059,BACKGROUND_PROJECTED_PROVISIONAL
1.0256487499307547,16.869025591030436,18.59765286415201,14.315718506780897,BACKGROUND_PROJECTED_PROVISIONAL
1.0280936454849499,16.862813181149704,18.58218907813655,14.29508655808469,BACKGROUND_PROJECTED_PROVISIONAL
1.0300316395326146,16.857809767821948,18.569945025594137,14.27874586080199,BACKGROUND_PROJECTED_PROVISIONAL
1.0321070234113712,16.852372949066478,18.55684723557212,14.261261003409345,BACKGROUND_PROJECTED_PROVISIONAL
1.0335344683366627,16.848585663150743,18.547847638914632,14.249243990494918,BACKGROUND_PROJECTED_PROVISIONAL
1.0361204013377927,16.841623947493787,18.531563975439227,14.227494031165506,BACKGROUND_PROJECTED_PROVISIONAL
1.0387989712988974,16.83427385504436,18.514725547371,14.204993485839566,BACKGROUND_PROJECTED_PROVISIONAL
1.0400005821202767,16.830929964991242,18.507181763349905,14.194909666849213,BACKGROUND_PROJECTED_PROVISIONAL
1.040133779264214,16.830557504804148,18.506345935838212,14.193792279453604,BACKGROUND_PROJECTED_PROVISIONAL
1.0441471571906356,16.819164968840226,18.481199739241177,14.160162370745624,BACKGROUND_PROJECTED_PROVISIONAL
1.0481605351170569,16.80743770672055,18.456131992379923,14.126610911773454,BACKGROUND_PROJECTED_PROVISIONAL
1.0496947176664997,16.80286451800268,18.44657152567906,14.113807400606404,BACKGROUND_PROJECTED_PROVISIONAL
1.0515484094620258,16.797271297369804,18.435037096683203,14.098354529882897,BACKGROUND_PROJECTED_PROVISIONAL
1.0521739130434782,16.795367104640945,18.431149286134698,14.093144493417313,BACKGROUND_PROJECTED_PROVISIONAL
1.0559306960096422,16.783749498349295,18.407846736878355,14.06190063742821,BACKGROUND_PROJECTED_PROVISIONAL
1.0561872909698997,16.782944567674974,18.406258195421998,14.059769690593697,BACKGROUND_PROJECTED_PROVISIONAL
1.060200668896321,16.77016151956954,18.381465279081908,14.026493062142663,BACKGROUND_PROJECTED_PROVISIONAL
1.0642140468227426,16.75700940253887,18.35677707976572,13.993321150715587,BACKGROUND_PROJECTED_PROVISIONAL
1.0682274247491639,16.743479677055888,18.33220012382253,13.960260482661454,BACKGROUND_PROJECTED_PROVISIONAL
1.068485394404187,16.742596904378104,18.330624338368224,13.958139385919097,BACKGROUND_PROJECTED_PROVISIONAL
1.0711523345127851,16.73337658545333,18.3143624937626,13.9362400079156,BACKGROUND_PROJECTED_PROVISIONAL
1.0722408026755852,16.729563821640056,18.30774092118625,13.927317567914287,BACKGROUND_PROJECTED_PROVISIONAL
1.0740261290480733,16.72324712301483,18.296899939004234,13.912702658819327,BACKGROUND_PROJECTED_PROVISIONAL
1.0746178720756667,16.721136105702527,18.293312239127673,13.907864098051576,BACKGROUND_PROJECTED_PROVISIONAL
1.0762541806020067,16.715253332643982,18.283405965262034,13.894498899879125,BACKGROUND_PROJECTED_PROVISIONAL
1.080267558528428,16.700539724036645,18.259201732812542,13.861810955318688,BACKGROUND_PROJECTED_PROVISIONAL
1.0821601715369633,16.693458842273486,18.247834801629864,13.846443308480502,BACKGROUND_PROJECTED_PROVISIONAL
1.0842809364548496,16.685414527184946,18.23513468384411,13.829260194239367,BACKGROUND_PROJECTED_PROVISIONAL
1.0854033139335657,16.681109832186053,18.22842953896145,13.820182502443913,BACKGROUND_PROJECTED_PROVISIONAL
1.0882943143812709,16.669869290632136,18.211211261493006,13.79685305977732,BACKGROUND_PROJECTED_PROVISIONAL
1.0923076923076924,16.653895579875268,18.18743789191126,13.764595978084657,BACKGROUND_PROJECTED_PROVISIONAL
1.0963210702341137,16.63748497713911,18.163820984152466,13.732495358214948,BACKGROUND_PROJECTED_PROVISIONAL
1.09864637250533,16.62777367307575,18.150211738141266,13.713970752772994,BACKGROUND_PROJECTED_PROVISIONAL
1.100334448160535,16.620629081149872,18.14036693005822,13.700557592009787,BACKGROUND_PROJECTED_PROVISIONAL
1.1027797885720625,16.610136938660673,18.126158999032043,13.681180557937495,BACKGROUND_PROJECTED_PROVISIONAL
1.1040370318203494,16.604676350593707,18.118879080390315,13.671243005260948,BACKGROUND_PROJECTED_PROVISIONAL
1.1043478260869566,16.60331950690474,18.11708210414338,13.668789053984,BACKGROUND_PROJECTED_PROVISIONAL
1.108361204013378,16.585547885441343,18.093972863482463,13.637196101212197,BACKGROUND_PROJECTED_PROVISIONAL
1.1087242815866316,16.583917065249864,18.09189112263826,13.634346865837955,BACKGROUND_PROJECTED_PROVISIONAL
1.1110660617970143,16.573305678967728,18.078500384750868,13.61600593649186,BACKGROUND_PROJECTED_PROVISIONAL
1.1123745819397994,16.567305863604304,18.071045547595503,13.605785073214292,BACKGROUND_PROJECTED_PROVISIONAL
1.1163879598662207,16.548585103810836,18.048306478334098,13.574562291842,BACKGROUND_PROJECTED_PROVISIONAL
1.119816896207438,16.53220501006203,18.029032623703642,13.548040151777428,BACKGROUND_PROJECTED_PROVISIONAL
1.120401337792642,16.529377283814,18.025761959767777,13.543534061164735,BACKGROUND_PROJECTED_PROVISIONAL
1.123558876691323,16.513917702360573,18.008165830391647,13.51926334208224,BACKGROUND_PROJECTED_PROVISIONAL
1.1244147157190636,16.509674096463954,18.003418278070058,13.512706667356099,BACKGROUND_PROJECTED_PROVISIONAL
1.128428093645485,16.489467249469214,17.981281701405294,13.48208637858042,BACKGROUND_PROJECTED_PROVISIONAL
1.1324414715719064,16.468748465154505,17.95935847981525,13.45167944487946,BACKGROUND_PROJECTED_PROVISIONAL
1.1348902084825732,16.45585203066335,17.946089632281343,13.433234314581654,BACKGROUND_PROJECTED_PROVISIONAL
1.1356272954115125,16.451931912743532,17.942111835145,13.427698420146612,BACKGROUND_PROJECTED_PROVISIONAL
1.1364548494983278,16.447509480218343,17.93765484510584,13.421492098059105,BACKGROUND_PROJECTED_PROVISIONAL
1.140199705179231,16.427215096085348,17.917606850655858,13.393528009466962,BACKGROUND_PROJECTED_PROVISIONAL
1.140468227424749,16.425742045488875,17.91617701073443,13.391530551576807,BACKGROUND_PROJECTED_PROVISIONAL
1.1444816053511706,16.40343792567802,17.894931171697408,13.36180100042884,BACKGROUND_PROJECTED_PROVISIONAL
1.1481545962063375,16.38254814742669,17.875695833935225,13.334801480580495,BACKGROUND_PROJECTED_PROVISIONAL
1.148494983277592,16.380588899134807,17.873923504417434,13.332309621037979,BACKGROUND_PROJECTED_PROVISIONAL
1.1487671109597863,16.379019686271675,17.872507852336383,13.330318729606034,BACKGROUND_PROJECTED_PROVISIONAL
1.1525083612040135,16.35718675759722,17.85316016663191,13.30306257114151,BACKGROUND_PROJECTED_PROVISIONAL
1.15479837565353,16.343582615644237,17.841424543087413,13.286486181619892,BACKGROUND_PROJECTED_PROVISIONAL
1.1565217391304348,16.33322330594308,17.832647297281056,13.274065989679713,BACKGROUND_PROJECTED_PROVISIONAL
1.160535117056856,16.308690361939085,17.81239101639659,13.245325996684358,BACKGROUND_PROJECTED_PROVISIONAL
1.1628735367314151,16.29413026873533,17.80070929632234,13.228701188847822,BACKGROUND_PROJECTED_PROVISIONAL
1.1645484949832776,16.283579755989393,17.792397424990696,13.21684869316752,BACKGROUND_PROJECTED_PROVISIONAL
1.1674909693562379,16.264797760516217,17.777909213824557,13.196140508220822,BACKGROUND_PROJECTED_PROVISIONAL
1.168561872909699,16.257883330883203,17.77267260494574,13.188640161011648,BACKGROUND_PROJECTED_PROVISIONAL
1.1725752508361205,16.231592941540697,17.75322261890375,13.160706462858741,BACKGROUND_PROJECTED_PROVISIONAL
1.174274585848281,16.220280155457345,17.745071444765955,13.148963135356013,BACKGROUND_PROJECTED_PROVISIONAL
1.1765886287625418,16.204700454758495,17.734053510157082,13.133053642001158,BACKGROUND_PROJECTED_PROVISIONAL
1.1769839165266005,16.202018866694146,17.732180918685543,13.130345468221464,BACKGROUND_PROJECTED_PROVISIONAL
1.1806020066889633,16.177197748954143,17.715171302538607,13.105687722271739,BACKGROUND_PROJECTED_PROVISIONAL
1.1846153846153846,16.149076713909324,17.696582000313356,13.0786147079356,BACKGROUND_PROJECTED_PROVISIONAL
1.1858947252812777,16.13998131473062,17.690718845118084,13.070047207896579,BACKGROUND_PROJECTED_PROVISIONAL
1.1886287625418062,16.120329250512782,17.67829158806981,13.05184058358111,BACKGROUND_PROJECTED_PROVISIONAL
1.1903571237809063,16.107754161802546,17.670508385814145,13.04040387063074,BACKGROUND_PROJECTED_PROVISIONAL
1.1904673844279823,16.10694792703714,17.670013786718727,13.039676196154886,BACKGROUND_PROJECTED_PROVISIONAL
1.1926421404682275,16.09094727050217,17.660306030612645,13.025371314013057,BACKGROUND_PROJECTED_PROVISIONAL
1.1966555183946488,16.060922696204784,17.642631272854686,12.999212844144154,BACKGROUND_PROJECTED_PROVISIONAL
1.2000848535670776,16.034752206493664,17.627779330885687,12.977111773668412,BACKGROUND_PROJECTED_PROVISIONAL
1.2005895589263473,16.030860211152458,17.625613270920923,12.973878838107254,BACKGROUND_PROJECTED_PROVISIONAL
1.2006688963210703,16.030247460278133,17.625273239710538,12.97337109888909,BACKGROUND_PROJECTED_PROVISIONAL
1.2046822742474916,15.998913505449337,17.608237835990337,12.947851983057973,BACKGROUND_PROJECTED_PROVISIONAL
1.2086956521739132,15.966912784254333,17.591530946294142,12.922661381250862,BACKGROUND_PROJECTED_PROVISIONAL
1.2127090301003345,15.934237258775994,17.575158434906456,12.89780515775223,BACKGROUND_PROJECTED_PROVISIONAL
1.214400348409826,15.920263083907429,17.56836029104042,12.88743180669448,BACKGROUND_PROJECTED_PROVISIONAL
1.2167224080267558,15.900878900381684,17.559126145692346,12.873289156427234,BACKGROUND_PROJECTED_PROVISIONAL
1.2184132732484385,15.886618401281538,17.55247489763974,12.863063658946317,BACKGROUND_PROJECTED_PROVISIONAL
1.2207357859531773,15.866829689460559,17.543439901993167,12.84911920061711,BACKGROUND_PROJECTED_PROVISIONAL
1.224297896646148,15.836023838613642,17.52981197893064,12.827961480416036,BACKGROUND_PROJECTED_PROVISIONAL
1.2247491638795986,15.832081615160348,17.52810550652333,12.825301093036359,BACKGROUND_PROJECTED_PROVISIONAL
1.2262015084938431,15.819333362525867,17.522644181912227,12.816769717754966,BACKGROUND_PROJECTED_PROVISIONAL
1.2265026667484276,15.81667826182644,17.52151760909763,12.815006539074062,BACKGROUND_PROJECTED_PROVISIONAL
1.2287625418060202,15.796626675122951,17.513128741268048,12.801840615670159,BACKGROUND_PROJECTED_PROVISIONAL
1.2327759197324415,15.760457680070601,17.498514504585472,12.778742666876667,BACKGROUND_PROJECTED_PROVISIONAL
1.234193579267343,15.747511265277126,17.49343895780072,12.770670388763364,BACKGROUND_PROJECTED_PROVISIONAL
1.2367892976588628,15.723578691338759,17.484262513293743,12.756006963474022,BACKGROUND_PROJECTED_PROVISIONAL
1.2408026755852843,15.686002019347598,17.470370565296804,12.733631303366138,BACKGROUND_PROJECTED_PROVISIONAL
1.2448160535117057,15.647740136639953,17.456836452579154,12.711613478537572,BACKGROUND_PROJECTED_PROVISIONAL
1.2467156945183242,15.629394403121125,17.450554524313816,12.701315978424844,BACKGROUND_PROJECTED_PROVISIONAL
1.2488294314381272,15.60880548686572,17.443657964448363,12.689951278295865,BACKGROUND_PROJECTED_PROVISIONAL
1.252459866980208,15.573016659477247,17.432041420143463,12.670660507805223,BACKGROUND_PROJECTED_PROVISIONAL
1.2526281876741994,15.571344399145062,17.43150982088099,12.669773102452154,BACKGROUND_PROJECTED_PROVISIONAL
1.2528428093645485,15.569210485304268,17.430832887655498,12.668642489392084,BACKGROUND_PROJECTED_PROVISIONAL
1.2568561872909698,15.528967519369502,17.418359006512333,12.647684896137974,BACKGROUND_PROJECTED_PROVISIONAL
1.2608695652173914,15.488088949098,17.406234103007677,12.62707628052243,BACKGROUND_PROJECTED_PROVISIONAL
1.263244687916801,15.463602594237642,17.39922203844668,12.615043543206639,BACKGROUND_PROJECTED_PROVISIONAL
1.2633757590443162,15.462245010381224,17.39883860441435,12.614383043387761,BACKGROUND_PROJECTED_PROVISIONAL
1.2648829431438127,15.446587107620672,17.39445595692183,12.606814422325641,BACKGROUND_PROJECTED_PROVISIONAL
1.268310748540859,15.410656372154676,17.384669186919695,12.589781757545126,BACKGROUND_PROJECTED_PROVISIONAL
1.2688963210702342,15.404474301618166,17.38302234593897,12.586897099231862,BACKGROUND_PROJECTED_PROVISIONAL
1.2729096989966555,15.36176281175986,17.371931045759055,12.567322086941033,BACKGROUND_PROJECTED_PROVISIONAL
1.2753791968633177,15.335189510328263,17.36527553744378,12.55544641014339,BACKGROUND_PROJECTED_PROVISIONAL
1.2769230769230768,15.318464893128095,17.361179830206453,12.548087159277515,BACKGROUND_PROJECTED_PROVISIONAL
1.2793685713282241,15.291799609124553,17.354794528659028,12.536532429163316,BACKGROUND_PROJECTED_PROVISIONAL
1.2809364548494984,15.274592775626303,17.350766471338375,12.52919008829852,BACKGROUND_PROJECTED_PROVISIONAL
1.28494983277592,15.23015866437251,17.340688739551013,12.510628644400242,BACKGROUND_PROJECTED_PROVISIONAL
1.2889632107023412,15.185174740078025,17.330944403684242,12.492400596422527,BACKGROUND_PROJECTED_PROVISIONAL
1.2911735251486307,15.16017007433598,17.32571939791123,12.482503299183179,BACKGROUND_PROJECTED_PROVISIONAL
1.2929765886287625,15.139653159411608,17.321531231124624,12.474503711752021,BACKGROUND_PROJECTED_PROVISIONAL
1.296989966555184,15.093606055349568,17.312446987907634,12.456935756424087,BACKGROUND_PROJECTED_PROVISIONAL
1.300593030442745,15.05182893626747,17.304569852921986,12.441442255050873,BACKGROUND_PROJECTED_PROVISIONAL
1.3010033444816054,15.047045537511508,17.30368943881689,12.439694495222426,BACKGROUND_PROJECTED_PROVISIONAL
1.302948902768427,15.024293309739278,17.29956096237936,12.43145338431512,BACKGROUND_PROJECTED_PROVISIONAL
1.3031401658715882,15.022050285316311,17.299159208584314,12.430647327428176,BACKGROUND_PROJECTED_PROVISIONAL
1.304408386940268,15.007148939507886,17.296513835277437,12.425321114530078,BACKGROUND_PROJECTED_PROVISIONAL
1.305016722408027,14.999983692483283,17.295256347483644,12.422777691778265,BACKGROUND_PROJECTED_PROVISIONAL
1.3064263833629628,14.983336942351542,17.2923708835024,12.416912404332862,BACKGROUND_PROJECTED_PROVISIONAL
1.3090301003344482,14.952432584126171,17.287145476483317,12.406183108667022,BACKGROUND_PROJECTED_PROVISIONAL
1.3130434782608695,14.904404253872258,17.2793545874315,12.389908507504288,BACKGROUND_PROJECTED_PROVISIONAL
1.317056856187291,14.855910721007973,17.271881441078108,12.373951649039952,BACKGROUND_PROJECTED_PROVISIONAL
1.3210702341137124,14.806963982944637,17.26472379740008,12.358310293251009,BACKGROUND_PROJECTED_PROVISIONAL
1.325083612040134,14.757576015476616,17.25787941569274,12.342982199432754,BACKGROUND_PROJECTED_PROVISIONAL
1.3290969899665552,14.70775877302708,17.251346054660075,12.327965126289172,BACKGROUND_PROJECTED_PROVISIONAL
1.3305525657954502,14.689587252062267,17.249052948705554,12.322595139334567,BACKGROUND_PROJECTED_PROVISIONAL
1.3331103678929765,14.657524188882348,17.24512147250286,12.313256832021011,BACKGROUND_PROJECTED_PROVISIONAL
1.3338053918910273,14.648783205574318,17.244074721054943,12.310740898348627,BACKGROUND_PROJECTED_PROVISIONAL
1.333807930177556,14.648751260554718,17.244070915063986,12.310731726779721,BACKGROUND_PROJECTED_PROVISIONAL
1.337123745819398,14.606884175414194,17.239203427006288,12.298855074413552,BACKGROUND_PROJECTED_PROVISIONAL
1.3381159976312513,14.594303001582972,17.23778727575504,12.295341443466242,BACKGROUND_PROJECTED_PROVISIONAL
1.3385576999159619,14.588694784009732,17.237162848008694,12.293783319693517,BACKGROUND_PROJECTED_PROVISIONAL
1.3411371237458194,14.555850624291082,17.233589675625865,12.284757610922185,BACKGROUND_PROJECTED_PROVISIONAL
1.3436031787716725,14.52430254834755,17.23029022037207,12.276245264863547,BACKGROUND_PROJECTED_PROVISIONAL
1.345150501672241,14.504435406677743,17.228277975571416,12.27096219875682,BACKGROUND_PROJECTED_PROVISIONAL
1.3491638795986622,14.452650373423893,17.22326608389099,12.257466594965479,BACKGROUND_PROJECTED_PROVISIONAL
1.3531772575250836,14.40050735524244,17.21855175755249,12.244268556516062,BACKGROUND_PROJECTED_PROVISIONAL
1.357190635451505,14.348018162876912,17.21413275352407,12.231365840376725,BACKGROUND_PROJECTED_PROVISIONAL
1.3612040133779264,14.295194587258294,17.210006828853977,12.218756203595717,BACKGROUND_PROJECTED_PROVISIONAL
1.3615094097553473,14.291161641705145,17.209704804129387,12.217808614213794,BACKGROUND_PROJECTED_PROVISIONAL
1.363582551524896,14.263735558733742,17.20769899208304,12.21142047429791,BACKGROUND_PROJECTED_PROVISIONAL
1.365217391304348,14.24204839965202,17.20617174074829,12.206437403379084,BACKGROUND_PROJECTED_PROVISIONAL
1.3692307692307693,14.188591351794827,17.20262524664784,12.194407197167749,BACKGROUND_PROJECTED_PROVISIONAL
1.3706084250355552,14.170171814793406,17.201473987320185,12.19034376872716,BACKGROUND_PROJECTED_PROVISIONAL
1.3732441471571906,14.13483517602208,17.199365104303894,12.182663342712857,BACKGROUND_PROJECTED_PROVISIONAL
1.3738201102974688,14.127096725960001,17.198920603221893,12.181001337184938,BACKGROUND_PROJECTED_PROVISIONAL
1.377148867039627,14.082258443601575,17.196465922394765,12.171510136397444,BACKGROUND_PROJECTED_PROVISIONAL
1.377257525083612,14.080791585384958,17.19638907185262,12.171203598150669,BACKGROUND_PROJECTED_PROVISIONAL
1.3812709030100334,14.02647227375897,17.19369490788793,12.160025722075062,BACKGROUND_PROJECTED_PROVISIONAL
1.3847770712948098,13.978801320627866,17.19157016069647,12.150489432067104,BACKGROUND_PROJECTED_PROVISIONAL
1.385284280936455,13.971888915942657,17.191280371534305,12.14912747361052,BACKGROUND_PROJECTED_PROVISIONAL
1.3892976588628763,13.91705316774744,17.189143222516492,12.138506612481763,BACKGROUND_PROJECTED_PROVISIONAL
1.3933110367892976,13.861976666079016,17.18728122123028,12.128160899084634,BACKGROUND_PROJECTED_PROVISIONAL
1.3937370362127082,13.856116924102224,17.18709963985671,12.127078815307868,BACKGROUND_PROJECTED_PROVISIONAL
1.397324414715719,13.80667102900938,17.185692128810274,12.118088094553713,BACKGROUND_PROJECTED_PROVISIONAL
1.4013377926421406,13.751147855840799,17.184373707197693,12.108285960830216,BACKGROUND_PROJECTED_PROVISIONAL
1.405351170568562,13.695418727161524,17.183323719206612,12.098752260728219,BACKGROUND_PROJECTED_PROVISIONAL
1.4093645484949833,13.639495204892768,17.18253992858891,12.089484757999571,BACKGROUND_PROJECTED_PROVISIONAL
1.4100694412773085,13.629653828167193,17.18242958224579,12.087884368220756,BACKGROUND_PROJECTED_PROVISIONAL
1.4113527355395414,13.61172280832264,17.18224955754502,12.084991641333943,BACKGROUND_PROJECTED_PROVISIONAL
1.4133779264214048,13.583388832328808,17.182020100098555,12.08048121739833,BACKGROUND_PROJECTED_PROVISIONAL
1.4163768703551127,13.54135160796946,17.181802643905087,12.073924418776386,BACKGROUND_PROJECTED_PROVISIONAL
1.4173913043478261,13.52711113416754,17.18176199955468,12.07173940474351,BACKGROUND_PROJECTED_PROVISIONAL
1.4214046822742477,13.470673616535123,17.181763393903253,12.063257086981167,BACKGROUND_PROJECTED_PROVISIONAL
1.4242762305211767,13.430201204303842,17.181922407054202,12.057346054129425,BACKGROUND_PROJECTED_PROVISIONAL
1.425418060200669,13.414087767002144,17.18202205127801,12.055032032245009,BACKGROUND_PROJECTED_PROVISIONAL
1.4266743326206788,13.396346531067962,17.182155531062108,12.052509930187654,BACKGROUND_PROJECTED_PROVISIONAL
1.4294314381270903,13.357365054592236,17.18253574106069,12.047062009916772,BACKGROUND_PROJECTED_PROVISIONAL
1.4334448160535118,13.300516929784038,17.18330223393926,12.039344790684424,BACKGROUND_PROJECTED_PROVISIONAL
1.4374581939799331,13.243554824506106,17.184319301966013,12.031878146600263,BACKGROUND_PROJECTED_PROVISIONAL
1.4414715719063547,13.18649015212398,17.185584718614365,12.02465985113767,BACKGROUND_PROJECTED_PROVISIONAL
1.445484949832776,13.129334307422113,17.18709625883446,12.017687679246876,BACKGROUND_PROJECTED_PROVISIONAL
1.4468723163065842,13.109557225332765,17.187675618284572,12.015334342606053,BACKGROUND_PROJECTED_PROVISIONAL
1.4494983277591973,13.07209866657709,17.188851699108227,12.0109594074097,BACKGROUND_PROJECTED_PROVISIONAL
1.4527973299119699,13.024999137536298,17.190475751254695,12.005609836580561,BACKGROUND_PROJECTED_PROVISIONAL
1.4535117056856188,13.014794587126232,17.19084881750294,12.004472813693496,BACKGROUND_PROJECTED_PROVISIONAL
1.4562522190116733,12.975631312364897,17.192350256793077,12.000181196231779,BACKGROUND_PROJECTED_PROVISIONAL
1.4575250836120401,12.957433407928619,17.193085393724175,11.998225677803816,BACKGROUND_PROJECTED_PROVISIONAL
1.4615384615384617,12.900026449120588,17.195559209167982,11.992215781136707,BACKGROUND_PROJECTED_PROVISIONAL
1.465551839464883,12.842585012064603,17.198268046971492,11.986440906829273,BACKGROUND_PROJECTED_PROVISIONAL
1.4693076713467115,12.788808471511913,17.201013973544036,11.981247537126563,BACKGROUND_PROJECTED_PROVISIONAL
1.4695652173913043,12.78512037929255,17.201209692063088,11.980898839809953,BACKGROUND_PROJECTED_PROVISIONAL
1.4735785953177258,12.727643814442928,17.2043819312118,11.975587366847748,BACKGROUND_PROJECTED_PROVISIONAL
1.4775919732441471,12.670166562192492,17.207782553075276,11.970504276600309,BACKGROUND_PROJECTED_PROVISIONAL
1.4816053511705687,12.61269984818236,17.211409348247145,11.965647359661261,BACKGROUND_PROJECTED_PROVISIONAL
1.4842371882589451,12.575026234589046,17.213909405450693,11.962584086276479,BACKGROUND_PROJECTED_PROVISIONAL
1.48561872909699,12.555254878938285,17.2152601093037,11.961014408606871,BACKGROUND_PROJECTED_PROVISIONAL
1.4896321070234113,12.497842841786138,17.219332630849067,11.956603218041352,BACKGROUND_PROJECTED_PROVISIONAL
1.4936454849498328,12.440474904761857,17.22362470956068,11.952411584642022,BACKGROUND_PROJECTED_PROVISIONAL
1.4949542441276873,12.421778673525694,17.22507145637016,11.95109180004306,BACKGROUND_PROJECTED_PROVISIONAL
1.4967855955818385,12.395627566781371,17.227134549862,11.949283676122604,BACKGROUND_PROJECTED_PROVISIONAL
1.4976588628762542,12.383162216515984,17.228134144232257,11.948437307202681,BACKGROUND_PROJECTED_PROVISIONAL
1.5016722408026757,12.32591590621385,17.232858735817643,11.944678186677152,BACKGROUND_PROJECTED_PROVISIONAL
1.505685618729097,12.268747083430611,17.23779628747252,11.941132026221112,BACKGROUND_PROJECTED_PROVISIONAL
1.5096989966555183,12.211666838041111,17.242944604595976,11.937796631233624,BACKGROUND_PROJECTED_PROVISIONAL
1.5126900193429602,12.169191228576977,17.246917220120878,11.935446648722007,BACKGROUND_PROJECTED_PROVISIONAL
1.5137123745819399,12.154686240105946,17.248301494871185,11.934669809397946,BACKGROUND_PROJECTED_PROVISIONAL
1.5177257525083614,12.097816339752086,17.253864768305135,11.93174937072095,BACKGROUND_PROJECTED_PROVISIONAL
1.5178138953970413,12.096568673406466,17.253989249960966,11.931687530802833,BACKGROUND_PROJECTED_PROVISIONAL
1.5178733320924216,12.095727377654782,17.25407324627767,11.93164588636958,BACKGROUND_PROJECTED_PROVISIONAL
1.5186675363094952,12.084488411321104,17.25519991361267,11.931093718554138,BACKGROUND_PROJECTED_PROVISIONAL
1.5187269931563232,12.083647218629409,17.25528458091233,11.931052702506577,BACKGROUND_PROJECTED_PROVISIONAL
1.5195214666408012,12.072409680505729,17.25642020716552,11.93050892441616,BACKGROUND_PROJECTED_PROVISIONAL
1.519580943645909,12.071568598561385,17.25650554464511,11.930468535936768,BACKGROUND_PROJECTED_PROVISIONAL
1.5197627540030554,12.068997737308138,17.256766682416725,11.930345352381806,BACKGROUND_PROJECTED_PROVISIONAL
1.520375686489084,12.060332591433138,17.25765011907339,11.929933136635356,BACKGROUND_PROJECTED_PROVISIONAL
1.5204351836593062,12.05949162793587,17.25773612592775,11.929893374904566,BACKGROUND_PROJECTED_PROVISIONAL
1.5206170556575291,12.05692113206402,17.257999309409627,11.929772106759344,BACKGROUND_PROJECTED_PROVISIONAL
1.5212301959525019,12.04825725475439,17.258889637759893,11.929366343427859,BACKGROUND_PROJECTED_PROVISIONAL
1.5212897132946748,12.047416417416514,17.25897631318165,11.929327207623771,BACKGROUND_PROJECTED_PROVISIONAL
1.5214716469548732,12.044846310505193,17.259241539905275,11.929207852375669,BACKGROUND_PROJECTED_PROVISIONAL
1.5217391304347827,12.041068167049616,17.259632237267425,11.929033127572353,BACKGROUND_PROJECTED_PROVISIONAL
1.5220849951292454,12.036183781299115,17.260138751617944,11.92880853297899,BACKGROUND_PROJECTED_PROVISIONAL
1.5221445326502088,12.035343077845255,17.26022609479773,11.92877002227786,BACKGROUND_PROJECTED_PROVISIONAL
1.522172639087332,12.034946209296834,17.260267343144278,11.928751857599906,BACKGROUND_PROJECTED_PROVISIONAL
1.5223265279932885,12.03277338351154,17.260493362288088,11.928652577407547,BACKGROUND_PROJECTED_PROVISIONAL
1.5229400841175398,12.02411228207609,17.261397449010303,11.928259693443863,BACKGROUND_PROJECTED_PROVISIONAL
1.5229996418241347,12.023271720243201,17.261485459136537,11.92822180701961,BACKGROUND_PROJECTED_PROVISIONAL
1.5231816988710087,12.02070246214214,17.261754764911927,11.928106270001308,BACKGROUND_PROJECTED_PROVISIONAL
1.5237954630156425,12.012042868272204,17.26266571826889,11.92771981294672,BACKGROUND_PROJECTED_PROVISIONAL
1.5238550409147127,12.01120245580995,17.26275439452786,11.927682549971166,BACKGROUND_PROJECTED_PROVISIONAL
1.5240371596863014,12.00863365763476,17.263025736100417,11.927568918272726,BACKGROUND_PROJECTED_PROVISIONAL
1.524651131921845,11.999975651253664,17.263943547695447,11.927188879581536,BACKGROUND_PROJECTED_PROVISIONAL
1.5247107300202367,11.999135395924043,17.264032889271363,11.927152239224455,BACKGROUND_PROJECTED_PROVISIONAL
1.5248929105374667,11.996567081405885,17.264306264146484,11.927040510307023,BACKGROUND_PROJECTED_PROVISIONAL
1.5255070909344717,11.987910742565418,17.265230925560786,11.926666881411307,BACKGROUND_PROJECTED_PROVISIONAL
1.5255667092390333,11.987070652142876,17.26532093163584,11.92663086284034,BACKGROUND_PROJECTED_PROVISIONAL
1.5257489515228388,11.984502845051395,17.265596337312417,11.926521034158583,BACKGROUND_PROJECTED_PROVISIONAL
1.525752508361204,11.984452731884005,17.265601716528806,11.92651889472279,BACKGROUND_PROJECTED_PROVISIONAL
1.5263633401518806,11.975848253931872,17.266527840105596,11.926153806468704,BACKGROUND_PROJECTED_PROVISIONAL
1.5264229786694625,11.97500833620333,17.266618509859654,11.926118408849305,BACKGROUND_PROJECTED_PROVISIONAL
1.5266052827407854,11.972441060345915,17.266895943830207,11.926010477851491,BACKGROUND_PROJECTED_PROVISIONAL
1.5272198796724623,11.963788297256315,17.2678342795397,11.925649642755701,BACKGROUND_PROJECTED_PROVISIONAL
1.5272795384099176,11.96294856002126,17.267925612150492,11.925614865251077,BACKGROUND_PROJECTED_PROVISIONAL
1.5274619042897064,11.960381839243638,17.268205071901065,11.925508829378913,BACKGROUND_PROJECTED_PROVISIONAL
1.5280767095946417,11.95173098462135,17.269150232042307,11.925154378243349,BACKGROUND_PROJECTED_PROVISIONAL
1.528136388558826,11.950891435691744,17.269242226685662,11.925120220014833,BACKGROUND_PROJECTED_PROVISIONAL
1.5283188162680361,11.948325293877843,17.269523709695534,11.925016076703372,BACKGROUND_PROJECTED_PROVISIONAL
1.5289338300168767,11.939676428289374,17.27047568576228,11.924668000872401,BACKGROUND_PROJECTED_PROVISIONAL
1.5289935292146475,11.938837075489573,17.270568341611693,11.924634461079052,BACKGROUND_PROJECTED_PROVISIONAL
1.5291760187742418,11.936271536561463,17.270851845353832,11.924532207756869,BACKGROUND_PROJECTED_PROVISIONAL
1.5297658862876253,11.92798102382406,17.271771023298413,11.92420448938148,BACKGROUND_PROJECTED_PROVISIONAL
1.5297912410376586,11.927624740701845,17.27181062881749,11.924190498552576,BACKGROUND_PROJECTED_PROVISIONAL
1.529850960475876,11.92678559186885,17.271903945044414,11.924157576351291,BACKGROUND_PROJECTED_PROVISIONAL
1.530033511906824,11.9242206797868,17.272189466985168,11.924057210440452,BACKGROUND_PROJECTED_PROVISIONAL
1.530648942755512,11.915576034480239,17.273155049295326,11.923721859162953,BACKGROUND_PROJECTED_PROVISIONAL
1.5307086824410385,11.914737097463387,17.27324902506905,11.923689553708527,BACKGROUND_PROJECTED_PROVISIONAL
1.530891295764317,11.912172836226034,17.273536562668227,11.923591072624504,BACKGROUND_PROJECTED_PROVISIONAL
1.5315069352689952,11.903530422425405,17.2745089352525,11.923262070551942,BACKGROUND_PROJECTED_PROVISIONAL
1.5315666952086953,11.902691705086738,17.27460356974018,11.923230380997012,BACKGROUND_PROJECTED_PROVISIONAL
1.5317493704452882,11.900128118730947,17.274893120451082,11.923133782148739,BACKGROUND_PROJECTED_PROVISIONAL
1.5323652186766994,11.891488017518384,17.275872274714942,11.922811120537034,BACKGROUND_PROJECTED_PROVISIONAL
1.53242499887744,11.890649527732307,17.275967567081494,11.922780046031988,BACKGROUND_PROJECTED_PROVISIONAL
1.5326077360483388,11.88808664033317,17.276259128351,11.922685326822005,BACKGROUND_PROJECTED_PROVISIONAL
1.5332237930772497,11.879448932919814,17.277245055677867,11.922368996904964,BACKGROUND_PROJECTED_PROVISIONAL
1.5332835935459002,11.878610678573438,17.277341005086214,11.92233853659826,BACKGROUND_PROJECTED_PROVISIONAL
1.533466392672103,11.876048514244388,17.27763457435438,11.922245694422173,BACKGROUND_PROJECTED_PROVISIONAL
1.5337792642140469,11.871664011985956,17.27813797726057,11.922087731232722,BACKGROUND_PROJECTED_PROVISIONAL
1.5340826585693044,11.867413281970641,17.278627266105673,11.921935687411604,BACKGROUND_PROJECTED_PROVISIONAL
1.5341424793127363,11.866575270963523,17.278723871716522,11.92190584044937,BACKGROUND_PROJECTED_PROVISIONAL
1.5343253404152486,11.864013853856392,17.279019446417152,11.921814872696643,BACKGROUND_PROJECTED_PROVISIONAL
1.5349418152515555,11.855381178191664,17.280018893932066,11.921511179782016,BACKGROUND_PROJECTED_PROVISIONAL
1.5350016562766429,11.85454341843598,17.28011615490402,11.921481945308358,BACKGROUND_PROJECTED_PROVISIONAL
1.535184579376477,11.851982772740882,17.280413732464183,11.921392849361581,BACKGROUND_PROJECTED_PROVISIONAL
1.5358012632227278,11.843352735284185,17.28141992705997,11.92109546171045,BACKGROUND_PROJECTED_PROVISIONAL
1.5358611245363472,11.842515234704535,17.281517842549476,11.921066838867262,BACKGROUND_PROJECTED_PROVISIONAL
1.5360441096545228,11.839955384650068,17.2818174203897,11.92097961210257,BACKGROUND_PROJECTED_PROVISIONAL
1.5366610025815808,11.831328067129903,17.28283035336142,11.920688520860182,BACKGROUND_PROJECTED_PROVISIONAL
1.5367208841906104,11.830490833663418,17.282928922522615,11.920660508787051,BACKGROUND_PROJECTED_PROVISIONAL
1.5369039313481538,11.82793180351652,17.28323049805695,11.920575148574045,BACKGROUND_PROJECTED_PROVISIONAL
1.537521033426906,11.819307287790508,17.284250160677544,11.920290344863503,BACKGROUND_PROJECTED_PROVISIONAL
1.537580935338227,11.818470329387111,17.28434938266267,11.920262942698145,BACKGROUND_PROJECTED_PROVISIONAL
1.5377640445561727,11.815912143453062,17.284652953298576,11.9201794463998,BACKGROUND_PROJECTED_PROVISIONAL
1.5377926421404684,11.815512644892976,17.284700400610518,11.920166442471753,BACKGROUND_PROJECTED_PROVISIONAL
1.5378357210272102,11.81491086437157,17.284771892915046,11.920146872115367,BACKGROUND_PROJECTED_PROVISIONAL
1.5379878589232654,11.812785772293495,17.28502455413323,11.920077935384171,BACKGROUND_PROJECTED_PROVISIONAL
1.5383813558575294,11.807290511508654,17.28567933681876,11.919900921321897,BACKGROUND_PROJECTED_PROVISIONAL
1.5384412780780252,11.806453836130657,17.285779210777804,11.919874128199723,BACKGROUND_PROJECTED_PROVISIONAL
1.538624449377414,11.803896518753305,17.286084773915974,11.91979249317231,BACKGROUND_PROJECTED_PROVISIONAL
1.5392419699723106,11.795277852707358,17.287117869564412,11.919520237805784,BACKGROUND_PROJECTED_PROVISIONAL
1.5393019125088665,11.794441468329808,17.287218394645237,11.919494052860102,BACKGROUND_PROJECTED_PROVISIONAL
1.5394851459107461,11.79188504389137,17.287525947680024,11.919414276453438,BACKGROUND_PROJECTED_PROVISIONAL
1.5401028758701414,11.78326942599054,17.288565746663096,11.91914828185466,BACKGROUND_PROJECTED_PROVISIONAL
1.5401628387296458,11.782433340600903,17.28866692201126,11.919122704216505,BACKGROUND_PROJECTED_PROVISIONAL
1.5403461342550722,11.779877833522136,17.288976462330396,11.919044783773813,BACKGROUND_PROJECTED_PROVISIONAL
1.540964073649949,11.771265346142826,17.29002295583237,11.918785040977042,BACKGROUND_PROJECTED_PROVISIONAL
1.5410240568392921,11.770429567741303,17.290124780591555,11.918760069775487,BACKGROUND_PROJECTED_PROVISIONAL
1.541207414509327,11.767875002481418,17.290436305576065,11.918684002633256,BACKGROUND_PROJECTED_PROVISIONAL
1.5418060200668897,11.759537850331412,17.291456118090082,11.918438447840373,BACKGROUND_PROJECTED_PROVISIONAL
1.541825563410693,11.759265728129833,17.291489484758927,11.918430502650352,BACKGROUND_PROJECTED_PROVISIONAL
1.541885566936767,11.758430264729043,17.291591958070313,11.918406137012056,BACKGROUND_PROJECTED_PROVISIONAL
1.5420689867724806,11.755876665785877,17.291905465094715,11.918331920500293,BACKGROUND_PROJECTED_PROVISIONAL
1.5426873452513665,11.747270687097995,17.292965321098308,11.918084654320921,BACKGROUND_PROJECTED_PROVISIONAL
1.542747369121067,11.746435546723404,17.293068442101173,11.91806089337058,BACKGROUND_PROJECTED_PROVISIONAL
1.5429308511435353,11.743882938633192,17.293383928533416,11.917988524812642,BACKGROUND_PROJECTED_PROVISIONAL
1.5435494192709969,11.735280338375105,17.294450452475218,11.917747483404128,BACKGROUND_PROJECTED_PROVISIONAL
1.5436094634912207,11.734445529064715,17.29455422030665,11.91772432626422,BACKGROUND_PROJECTED_PROVISIONAL
1.5437930077215278,11.73189393640223,17.29487168350792,11.917653802976787,BACKGROUND_PROJECTED_PROVISIONAL
1.5444117855686441,11.723294797470004,17.29594486648321,11.917418977284115,BACKGROUND_PROJECTED_PROVISIONAL
1.544471850146291,11.722460327274348,17.29604928027814,11.917396423074962,BACKGROUND_PROJECTED_PROVISIONAL
1.544655456605528,11.719909774653246,17.29636871760323,11.91732774236823,BACKGROUND_PROJECTED_PROVISIONAL
1.5452744442434023,11.711314180072776,17.29744855068489,11.917099123313989,BACKGROUND_PROJECTED_PROVISIONAL
1.5453345291853746,11.710480057055094,17.297553609575914,11.917077171153664,BACKGROUND_PROJECTED_PROVISIONAL
1.5455181978946397,11.707930569127257,17.297875018372906,11.917010330331067,BACKGROUND_PROJECTED_PROVISIONAL
1.545819397993311,11.703750535202829,17.298402957021494,11.91690157466087,BACKGROUND_PROJECTED_PROVISIONAL
1.5461373953943995,11.69933860205515,17.298961492611795,11.916787908815792,BACKGROUND_PROJECTED_PROVISIONAL
1.5461975007076014,11.698504834291128,17.299067195729492,11.916766557820267,BACKGROUND_PROJECTED_PROVISIONAL
1.5463812316879997,11.695956435747377,17.29939057333985,11.916701554178672,BACKGROUND_PROJECTED_PROVISIONAL
1.5470006391207969,11.687368179469786,17.300483679764227,11.916485321080188,BACKGROUND_PROJECTED_PROVISIONAL
1.5470607648121348,11.686534775048187,17.300590026237074,11.916464570363303,BACKGROUND_PROJECTED_PROVISIONAL
1.547244558084779,11.683987490617682,17.300915369995607,11.916401401192928,BACKGROUND_PROJECTED_PROVISIONAL
1.5478641755217892,11.675403028551472,17.302015099611538,11.916191347366862,BACKGROUND_PROJECTED_PROVISIONAL
1.5479243215981724,11.674569995573222,17.302122088565653,11.916171196040153,BACKGROUND_PROJECTED_PROVISIONAL
1.5481081771841816,11.672023850024061,17.302436777180873,11.91609724000483,BACKGROUND_PROJECTED_PROVISIONAL
1.5487280046966054,11.663444288503484,17.303806627797258,11.916156863109563,BACKGROUND_PROJECTED_PROVISIONAL
1.548788171164945,11.662107680783947,17.30383015542472,11.916053207350501,BACKGROUND_PROJECTED_PROVISIONAL
1.5489720890854461,11.65570030570828,-14.50115223031949,-19.889317954810508,BACKGROUND_PROJECTED_PROVISIONAL
1.549592126744507,-403.4184638644658,-587.4444339955952,-592.8339103918181,BACKGROUND_PROJECTED_PROVISIONAL
1.549652313611717,-453.04685137936167,-635.1900103194306,-640.5796139421603,BACKGROUND_PROJECTED_PROVISIONAL
1.5498327759197323,-614.6499835891427,-781.4617235520382,-786.8517086465097,BACKGROUND_PROJECTED_PROVISIONAL
1.5498362938878443,-617.9807254753915,-784.3479024411959,-789.7378949721533,BACKGROUND_PROJECTED_PROVISIONAL
1.5504565417647904,-1294.5715930108736,-1295.6988465657737,-1301.0901502128338,BACKGROUND_PROJECTED_PROVISIONAL
1.5505167490377867,-1368.1996520393086,-1344.3181950020085,-1349.7096259187103,BACKGROUND_PROJECTED_PROVISIONAL
1.550700791690681,-1600.097236362196,-1490.4705557766904,-1495.8623757334758,BACKGROUND_PROJECTED_PROVISIONAL
1.5513212498567852,-2440.058916997781,-1947.0834950290487,-1952.4766265464582,BACKGROUND_PROJECTED_PROVISIONAL
1.551381477542486,-2525.072626753384,-1987.973822565455,-1993.367081395656,BACKGROUND_PROJECTED_PROVISIONAL
1.5515655825932955,-2787.5097187772312,-2108.9424523662738,-2114.3361003684586,BACKGROUND_PROJECTED_PROVISIONAL
1.552186251119854,-3689.233155227233,-2472.1850740303644,-2477.580034037845,BACKGROUND_PROJECTED_PROVISIONAL
1.55224649922518,-3777.3192122123796,-2503.9107409166268,-2509.3058282800635,BACKGROUND_PROJECTED_PROVISIONAL
1.5524306666950605,-4046.394447533704,-2597.2709103760294,-2602.666387043395,BACKGROUND_PROJECTED_PROVISIONAL
1.553051545653394,-4944.241883476687,-2876.0941059845286,-2881.4908951020134,BACKGROUND_PROJECTED_PROVISIONAL
1.553111814185269,-5030.117515346745,-2900.6143022172155,-2906.0112187338345,BACKGROUND_PROJECTED_PROVISIONAL
1.5532960440953825,-5290.739519826731,-2973.2754490522093,-2978.6727550047467,BACKGROUND_PROJECTED_PROVISIONAL
1.5538461538461539,-6048.909834866256,-3174.267938096902,-3179.6664069034846,BACKGROUND_PROJECTED_PROVISIONAL
1.553917133556836,-6144.247955422187,-3198.990754415128,-3204.3893732627585,BACKGROUND_PROJECTED_PROVISIONAL
1.5539774225221845,-6224.7412972980965,-3219.8566571907104,-3225.255403480669,BACKGROUND_PROJECTED_PROVISIONAL
1.5541617148937013,-6467.945191978581,-3283.110518875215,-3288.509654733127,BACKGROUND_PROJECTED_PROVISIONAL
1.5547830149296438,-7254.063964322743,-3497.6816608373483,-3503.082110035478,BACKGROUND_PROJECTED_PROVISIONAL
1.554843324335394,-7327.455857940365,-3519.226469375353,-3524.6270460590185,BACKGROUND_PROJECTED_PROVISIONAL
1.5550276791894908,-7548.485500376868,-3586.556734672641,-3591.957701056339,BACKGROUND_PROJECTED_PROVISIONAL
1.5556491898713158,-8256.055554468887,-3825.7207060360624,-3831.1229862052533,BACKGROUND_PROJECTED_PROVISIONAL
1.555709519724398,-8321.613465792114,-3848.8091318802744,-3854.2115395782243,BACKGROUND_PROJECTED_PROVISIONAL
1.5558939370822586,-8518.565515816585,-3919.0034946785886,-3924.406292208695,BACKGROUND_PROJECTED_PROVISIONAL
1.5565156584813833,-9144.435591224856,-4151.289639110385,-4156.693750871412,BACKGROUND_PROJECTED_PROVISIONAL
1.55657600878873,-9202.087261432256,-4173.471890593014,-4178.876129926036,BACKGROUND_PROJECTED_PROVISIONAL
1.556760488671546,-9374.963353006431,-4240.8705748880275,-4246.2752041853755,BACKGROUND_PROJECTED_PROVISIONAL
1.556834535674693,-9442.940681322403,-4267.749190871314,-4273.153976693531,BACKGROUND_PROJECTED_PROVISIONAL
1.5573824208594125,-9921.290403321022,-4463.494960258436,-4468.9009042322805,BACKGROUND_PROJECTED_PROVISIONAL
1.5574427916279578,-9971.398224685247,-4484.723653687018,-4490.129725276111,BACKGROUND_PROJECTED_PROVISIONAL
1.557627334056928,-10121.450943571388,-4549.194128252694,-4554.600589938326,BACKGROUND_PROJECTED_PROVISIONAL
1.5578595317725754,-10303.695880322539,-4629.407505263951,-4634.814457782644,BACKGROUND_PROJECTED_PROVISIONAL
1.558249477105002,-10593.849530132582,-4761.837614871538,-4767.245391679396,BACKGROUND_PROJECTED_PROVISIONAL
1.5583098683416838,-10637.056844674025,-4782.091548642034,-4787.499453108407,BACKGROUND_PROJECTED_PROVISIONAL
1.5584944733380135,-10766.345196280152,-4843.5789988421475,-4848.987293537318,BACKGROUND_PROJECTED_PROVISIONAL
1.559116827317785,-11172.639216578056,-5046.1602670898155,-5051.569877353092,BACKGROUND_PROJECTED_PROVISIONAL
1.5591772390295426,-11209.767397940686,-5065.4394598804765,-5070.8491978455495,BACKGROUND_PROJECTED_PROVISIONAL
1.5593619066144448,-11320.859928574797,-5123.952017740386,-5129.362146066559,BACKGROUND_PROJECTED_PROVISIONAL
1.5599844715974283,-11670.256273608404,-5316.581942370074,-5321.993386710385,BACKGROUND_PROJECTED_PROVISIONAL
1.5600449037912039,-11702.237167840527,-5334.903527242838,-5340.315099328241,BACKGROUND_PROJECTED_PROVISIONAL
1.5602296339858985,-11798.017664204375,-5390.500054731907,-5395.912017310759,BACKGROUND_PROJECTED_PROVISIONAL
1.5606873817950748,-12023.271959633996,-5525.633352189584,-5531.046282382427,BACKGROUND_PROJECTED_PROVISIONAL
1.560852410043633,-12100.570731638376,-5573.44402084661,-5578.857299885781,BACKGROUND_PROJECTED_PROVISIONAL
1.56091286272637,-12128.403287349533,-5590.838858442269,-5596.252265269843,BACKGROUND_PROJECTED_PROVISIONAL
1.5610976555520844,-12211.946452207827,-5643.618874918082,-5649.032672371498,BACKGROUND_PROJECTED_PROVISIONAL
1.5617206427561323,-12478.219124146977,-5817.265755485128,-5822.680869845196,BACKGROUND_PROJECTED_PROVISIONAL
1.561781115934778,-12502.942202211472,-5833.775649689591,-5839.190891881388,BACKGROUND_PROJECTED_PROVISIONAL
1.5618729096989967,-12540.131998791783,-5858.7214329899225,-5864.136869220727,BACKGROUND_PROJECTED_PROVISIONAL
1.561965971412747,-12577.435963030415,-5883.871055181238,-5889.286688131316,BACKGROUND_PROJECTED_PROVISIONAL
1.5625891698346952,-12818.289811999994,-6048.7077597600355,-6054.124710063249,BACKGROUND_PROJECTED_PROVISIONAL
1.5626496635161984,-12840.965495439903,-6064.383176596422,-6069.800254774705,BACKGROUND_PROJECTED_PROVISIONAL
1.5628345816676634,-12909.663421835276,-6111.951474295131,-6117.3689433641775,BACKGROUND_PROJECTED_PROVISIONAL
1.5634579913791238,-13136.130754752443,-6268.5421408417305,-6273.960927710549,BACKGROUND_PROJECTED_PROVISIONAL
1.5635185055704357,-13157.83416884712,-6283.440346094052,-6288.859260881294,BACKGROUND_PROJECTED_PROVISIONAL
1.5637034864166452,-13224.026392532423,-6328.659111513922,-6334.078417324456,BACKGROUND_PROJECTED_PROVISIONAL
1.5643271074892535,-13447.230816481453,-6477.6281512753585,-6483.048775332451,BACKGROUND_PROJECTED_PROVISIONAL
1.5643876421973277,-13469.04364098331,-6491.811694868795,-6497.232446887682,BACKGROUND_PROJECTED_PROVISIONAL
1.5645726857595381,-13536.038060373094,-6534.874076798607,-6540.295219973358,BACKGROUND_PROJECTED_PROVISIONAL
1.5651965182649543,-13767.139584395529,-6676.892399777137,-6682.314861645386,BACKGROUND_PROJECTED_PROVISIONAL
1.565257073496747,-13790.145183732162,-6690.42788575912,-6695.850475632547,BACKGROUND_PROJECTED_PROVISIONAL
1.5654421797962215,-13861.252835836724,-6731.538956050315,-6736.961937212224,BACKGROUND_PROJECTED_PROVISIONAL
1.565886287625418,-14037.426005835885,-6828.597566700471,-6834.021486643386,BACKGROUND_PROJECTED_PROVISIONAL
1.5660662238061298,-14111.39879938146,-6867.312804543514,-6872.737104846013,BACKGROUND_PROJECTED_PROVISIONAL
1.5661267995685995,-14136.677266228515,-6880.269894446903,-6885.694322797977,BACKGROUND_PROJECTED_PROVISIONAL
1.5663119686266085,-14215.196728388757,-6919.643690822205,-6925.068510594424,BACKGROUND_PROJECTED_PROVISIONAL
1.5669362242127174,-14495.461540500028,-7049.905593131379,-7055.33173249143,BACKGROUND_PROJECTED_PROVISIONAL
1.5669968205128244,-14524.082984674544,-7062.356198370277,-7067.782465822317,BACKGROUND_PROJECTED_PROVISIONAL
1.5671820523506457,-14613.278646783425,-7100.213327354336,-7105.639986360228,BACKGROUND_PROJECTED_PROVISIONAL
1.5678065195846882,-14927.118984054081,-7225.714755443527,-7231.142734484645,BACKGROUND_PROJECTED_PROVISIONAL
1.567867136429396,-14957.557502195255,-7237.732380682316,-7243.160487858852,BACKGROUND_PROJECTED_PROVISIONAL
1.5680524310683142,-15050.281321660654,-7274.2980672440635,-7279.726566107204,BACKGROUND_PROJECTED_PROVISIONAL
1.5686771100220476,-15359.305222875479,-7395.803442153483,-7401.233261499395,BACKGROUND_PROJECTED_PROVISIONAL
1.5687377474183215,-15389.008113255624,-7407.462647176917,-7412.8925947016905,BACKGROUND_PROJECTED_PROVISIONAL
1.568923104879629,-15479.481484276736,-7442.965133700858,-7448.395473045033,BACKGROUND_PROJECTED_PROVISIONAL
1.5697940738846388,-15898.082003452177,-7607.292035691349,-7612.724216140557,BACKGROUND_PROJECTED_PROVISIONAL
1.5698996655518396,-15948.099815597347,-7626.967427178531,-7632.399830833557,BACKGROUND_PROJECTED_PROVISIONAL
1.570665338183426,-16306.066219800687,-7768.360868207198,-7773.794890385647,BACKGROUND_PROJECTED_PROVISIONAL
1.5739130434782609,-17732.890956101022,-8357.697927526004,-8363.13881489314,BACKGROUND_PROJECTED_PROVISIONAL
1.5779264214046824,-19298.318706350245,-9073.380527877103,-9078.82989895635,BACKGROUND_PROJECTED_PROVISIONAL
1.5798700470878173,-19982.40473737394,-9393.9680387713,-9399.421518399768,BACKGROUND_PROJECTED_PROVISIONAL
1.5814542138721808,-20506.451948832455,-9642.927310555218,-9648.384138887739,BACKGROUND_PROJECTED_PROVISIONAL
1.5819397993311037,-20661.28643760841,-9717.110141208232,-9722.56799599959,BACKGROUND_PROJECTED_PROVISIONAL
1.585953177257525,-21843.34054992393,-10294.511053833383,-10299.977392336854,BACKGROUND_PROJECTED_PROVISIONAL
1.5899665551839466,-22867.691204093113,-10814.587795652626,-10820.062617868207,BACKGROUND_PROJECTED_PROVISIONAL
1.5939799331103681,-23757.346160786663,-11286.275240348416,-11291.758546276107,BACKGROUND_PROJECTED_PROVISIONAL
1.5979933110367894,-24533.994987470294,-11718.013610491811,-11723.505400131613,BACKGROUND_PROJECTED_PROVISIONAL
1.599790262437095,-24850.40775587827,-11900.431150076545,-11905.926738216922,BACKGROUND_PROJECTED_PROVISIONAL
1.6017546105938998,-25176.858798669455,-12093.186604503886,-12098.686344997855,BACKGROUND_PROJECTED_PROVISIONAL
1.6020066889632107,-25217.38108950288,-12117.45693332865,-12122.957206680563,BACKGROUND_PROJECTED_PROVISIONAL
1.606020066889632,-25824.97143144028,-12491.252026211296,-12496.76078327532,BACKGROUND_PROJECTED_PROVISIONAL
1.6100334448160536,-26371.78620338273,-12843.952969307691,-12849.470210083828,BACKGROUND_PROJECTED_PROVISIONAL
1.6140468227424751,-26870.288462195243,-13166.015227362037,-13171.540951850284,BACKGROUND_PROJECTED_PROVISIONAL
1.6180602006688964,-27330.260823773355,-13455.83870976603,-13461.372917966388,BACKGROUND_PROJECTED_PROVISIONAL
1.6220735785953178,-27758.615517681163,-13716.099052117976,-13721.641744030443,BACKGROUND_PROJECTED_PROVISIONAL
1.6224433802786473,-27796.652741946724,-13738.678672164875,-13744.222145785689,BACKGROUND_PROJECTED_PROVISIONAL
1.6258223899619346,-28133.532155777906,-13934.609376808672,-13940.159993177042,BACKGROUND_PROJECTED_PROVISIONAL
1.626086956521739,-28159.097879007386,-13949.180256229074,-13954.731431853654,BACKGROUND_PROJECTED_PROVISIONAL
1.6301003344481606,-28531.85370319286,-14157.141712221564,-14162.701371558254,BACKGROUND_PROJECTED_PROVISIONAL
1.6341137123745821,-28871.05523835196,-14341.69209422499,-14347.260237273791,BACKGROUND_PROJECTED_PROVISIONAL
1.6381270903010035,-29145.565444671483,-14504.167366991256,-14509.743993752167,BACKGROUND_PROJECTED_PROVISIONAL
1.6394902621516638,-29223.10763094032,-14554.510119634162,-14560.089627947162,BACKGROUND_PROJECTED_PROVISIONAL
1.6421404682274248,-29352.84643041219,-14645.510710182205,-14651.095820655228,BACKGROUND_PROJECTED_PROVISIONAL
1.646153846153846,-29500.356417065264,-14766.252660548818,-14771.846254733953,BACKGROUND_PROJECTED_PROVISIONAL
1.6474638696009283,-29536.630413375027,-14801.233707010664,-14806.830070399692,BACKGROUND_PROJECTED_PROVISIONAL
1.6501672240802676,-29594.20928991987,-14866.490214327576,-14872.092292224821,BACKGROUND_PROJECTED_PROVISIONAL
1.6541806020066891,-29639.203035714672,-14945.745620773227,-14951.356182382582,BACKGROUND_PROJECTED_PROVISIONAL
1.6581939799331105,-29638.854853210287,-15002.054603525223,-15007.673648846689,BACKGROUND_PROJECTED_PROVISIONAL
1.6622073578595318,-29595.436074512694,-15035.827081184307,-15041.454610217883,BACKGROUND_PROJECTED_PROVISIONAL
1.6657192638560852,-29522.96733160792,-15047.593946725816,-15053.22889943092,BACKGROUND_PROJECTED_PROVISIONAL
1.666220735785953,-29510.002070468723,-15047.945971985846,-15053.581984731534,BACKGROUND_PROJECTED_PROVISIONAL
1.6702341137123746,-29382.41406561977,-15038.943044670645,-15044.587541128445,BACKGROUND_PROJECTED_PROVISIONAL
1.6709531343122266,-29355.02056179212,-15035.118484407145,-15040.764500772584,BACKGROUND_PROJECTED_PROVISIONAL
1.6742474916387962,-29211.35136172698,-15008.998954014522,-15014.651934184432,BACKGROUND_PROJECTED_PROVISIONAL
1.6782608695652175,-28994.3139670143,-14957.943058762155,-14963.604522644177,BACKGROUND_PROJECTED_PROVISIONAL
1.6822742474916388,-28727.61715701049,-14885.252854446859,-14890.92280204099,BACKGROUND_PROJECTED_PROVISIONAL
1.6862876254180603,-28406.38116474193,-14790.053131516006,-14795.73156282225,BACKGROUND_PROJECTED_PROVISIONAL
1.6903010033444816,-28024.52113557514,-14671.115263101086,-14676.80217811944,BACKGROUND_PROJECTED_PROVISIONAL
1.693976177577473,-27615.46874134904,-14540.036077880144,-14545.730761695935,BACKGROUND_PROJECTED_PROVISIONAL
1.6943143812709032,-27574.74482322626,-14526.857350327788,-14532.552749058252,BACKGROUND_PROJECTED_PROVISIONAL
1.6983277591973245,-27048.568403480862,-14355.346321050516,-14361.050203493092,BACKGROUND_PROJECTED_PROVISIONAL
1.7023411371237458,-26436.36441828563,-14156.729659809005,-14162.442025963692,BACKGROUND_PROJECTED_PROVISIONAL
1.7063545150501673,-25727.46043513399,-13935.74396688017,-13941.464816746968,BACKGROUND_PROJECTED_PROVISIONAL
1.7097092913931182,-25052.336599984643,-13733.149295124722,-13738.877236513228,BACKGROUND_PROJECTED_PROVISIONAL
1.7103678929765889,-24910.3127348418,-13691.359670138936,-13697.089003717845,BACKGROUND_PROJECTED_PROVISIONAL
1.7143812709030102,-23979.417507011516,-13421.418538443135,-13427.156355734154,BACKGROUND_PROJECTED_PROVISIONAL
1.7168595533971838,-23421.159031515796,-13240.72084081653,-13246.46389684549,BACKGROUND_PROJECTED_PROVISIONAL
1.7183946488294315,-23096.171593993437,-13122.994878473846,-13128.741179476976,BACKGROUND_PROJECTED_PROVISIONAL
1.7224080267558528,-22294.49236633841,-12792.44357094834,-12798.19835566358,BACKGROUND_PROJECTED_PROVISIONAL
1.7264214046822743,-21503.372711439308,-12425.454196140065,-12431.217464567417,BACKGROUND_PROJECTED_PROVISIONAL
1.7304347826086959,-20635.873604619388,-12017.121401599941,-12022.893153739406,BACKGROUND_PROJECTED_PROVISIONAL
1.7344481605351172,-19592.19671637776,-11562.045190398207,-11567.825426249781,BACKGROUND_PROJECTED_PROVISIONAL
1.7384615384615385,-18260.669787130893,-11054.479264439715,-11060.2679840034,BACKGROUND_PROJECTED_PROVISIONAL
1.7413056429921783,-17076.82741906814,-10665.94819249901,-10671.742924096572,BACKGROUND_PROJECTED_PROVISIONAL
1.7424749163879598,-16520.33287439063,-10503.95109909718,-10509.748302372975,BACKGROUND_PROJECTED_PROVISIONAL
1.7464882943143814,-14251.857376437873,-9929.511342391026,-9935.317029378932,BACKGROUND_PROJECTED_PROVISIONAL
1.7505016722408029,-11369.37198783129,-9304.30607641836,-9310.120247118377,BACKGROUND_PROJECTED_PROVISIONAL
1.7544252477813052,-7978.788854715656,-8613.679605721229,-8619.50207030384,BACKGROUND_PROJECTED_PROVISIONAL
1.7545150501672242,-7895.94236931569,-8596.707556232497,-8602.530210644625,BACKGROUND_PROJECTED_PROVISIONAL
1.7585284280936455,-2651.105352740985,-7773.808580912675,-7779.639719036914,BACKGROUND_PROJECTED_PROVISIONAL
1.7625418060200668,11.148493344544107,-6804.835189313686,-6810.674811150036,BACKGROUND_PROJECTED_PROVISIONAL
1.7635549789555718,11.133891579054335,-6534.170150042073,-6540.01191358241,BACKGROUND_PROJECTED_PROVISIONAL
1.7665551839464884,11.090730531607448,-5677.713386166086,-5683.561491714548,BACKGROUND_PROJECTED_PROVISIONAL
1.77056856187291,11.033180918076312,-4574.399851471843,-4580.256440732415,BACKGROUND_PROJECTED_PROVISIONAL
1.7745819397993312,10.975853802667643,-2788.230200493086,-2794.0952734657694,BACKGROUND_PROJECTED_PROVISIONAL
1.7785953177257525,10.918758466753644,14.430327126516971,8.55677044172296,BACKGROUND_PROJECTED_PROVISIONAL
1.7826086956521738,10.861904174236884,14.428569673333385,8.54652927642843,BACKGROUND_PROJECTED_PROVISIONAL
1.7866220735785954,10.805300171421095,14.429370163417019,8.538846054401176,BACKGROUND_PROJECTED_PROVISIONAL
1.7894666221801256,10.765337751206857,14.43004074714355,8.533503665548636,BACKGROUND_PROJECTED_PROVISIONAL
1.790635451505017,10.748955686882454,14.430340931277328,8.531333110150541,BACKGROUND_PROJECTED_PROVISIONAL
1.7946488294314382,10.692879931336137,14.431480108674577,8.523988575436874,BACKGROUND_PROJECTED_PROVISIONAL
1.7986622073578595,10.63708209750402,14.432785829593143,8.516810584244524,BACKGROUND_PROJECTED_PROVISIONAL
1.7998791123879343,10.620219817715395,14.433214362118235,8.514666752010868,BACKGROUND_PROJECTED_PROVISIONAL
1.802675585284281,10.58157135997729,14.43425623026323,8.509797272803695,BACKGROUND_PROJECTED_PROVISIONAL
1.8066889632107024,10.52635687507967,14.435889449181246,8.502946779610767,BACKGROUND_PROJECTED_PROVISIONAL
1.810702341137124,10.47144778072743,14.437683627130468,8.496257245449101,BACKGROUND_PROJECTED_PROVISIONAL
1.811052971862483,10.466665428153277,14.437847960387955,8.495680395048879,BACKGROUND_PROJECTED_PROVISIONAL
1.8147157190635452,10.416853196288343,14.439636907201162,8.48972681340885,BACKGROUND_PROJECTED_PROVISIONAL
1.8187290969899665,10.362582222438562,14.441747434809685,8.483353628906485,BACKGROUND_PROJECTED_PROVISIONAL
1.822742474916388,10.308643941018119,14.444013357718035,8.477135839703891,BACKGROUND_PROJECTED_PROVISIONAL
1.8267558528428096,10.255047414884586,14.446432826052416,8.471071595927356,BACKGROUND_PROJECTED_PROVISIONAL
1.830769230769231,10.201801687765254,14.44900399232165,8.465159050085674,BACKGROUND_PROJECTED_PROVISIONAL
1.8347826086956522,10.148915784108056,14.451725011434945,8.459396357088053,BACKGROUND_PROJECTED_PROVISIONAL
1.838473723697508,10.100601850558888,14.454358244017499,8.454227095707125,BACKGROUND_PROJECTED_PROVISIONAL
1.8387959866220736,10.096398708930565,14.454594040719257,8.453781674261421,BACKGROUND_PROJECTED_PROVISIONAL
1.842809364548495,10.04425944766811,14.457609239936744,8.44831316136802,BACKGROUND_PROJECTED_PROVISIONAL
1.8460830622652908,10.00201565673521,14.460175692515207,8.443959480962093,BACKGROUND_PROJECTED_PROVISIONAL
1.8468227424749166,9.992506966019846,14.460768771301275,8.442988980621607,BACKGROUND_PROJECTED_PROVISIONAL
1.850836120401338,9.94115020979433,14.464070799494692,8.437807296704136,BACKGROUND_PROJECTED_PROVISIONAL
1.8548494983277592,9.890198104753097,14.467513491682894,8.432766276781393,BACKGROUND_PROJECTED_PROVISIONAL
1.8588628762541806,9.83965955645354,14.47109501753107,8.427864090518625,BACKGROUND_PROJECTED_PROVISIONAL
1.8593673260675647,9.833336964081752,14.471554917134654,8.4272576547136,BACKGROUND_PROJECTED_PROVISIONAL
1.862876254180602,9.789543450090264,14.474813549219306,8.423098910095973,BACKGROUND_PROJECTED_PROVISIONAL
1.8668896321070236,9.739858650335208,14.478667261457133,8.418468910222856,BACKGROUND_PROJECTED_PROVISIONAL
1.870903010033445,9.690614001177266,14.482654331497912,8.413972268152719,BACKGROUND_PROJECTED_PROVISIONAL
1.8749163879598663,9.641818325759914,14.486772939153099,8.40960716369699,BACKGROUND_PROJECTED_PROVISIONAL
1.8789297658862876,9.593480426218804,14.49102126680586,8.405371779238834,BACKGROUND_PROJECTED_PROVISIONAL
1.882943143812709,9.545609083517746,14.495397499424257,8.401264299746288,BACKGROUND_PROJECTED_PROVISIONAL
1.8869565217391306,9.498213057283834,14.499899824574555,8.397282912785698,BACKGROUND_PROJECTED_PROVISIONAL
1.8883418127528075,9.481965382810728,14.50148282914833,8.395937608497121,BACKGROUND_PROJECTED_PROVISIONAL
1.890969899665552,9.451301085641802,14.504526432433835,8.393425808534033,BACKGROUND_PROJECTED_PROVISIONAL
1.8930494754128735,9.427186403338425,14.506972046837888,8.391475494551457,BACKGROUND_PROJECTED_PROVISIONAL
1.8949832775919733,9.404881885047558,14.509275515802216,8.389691179791527,BACKGROUND_PROJECTED_PROVISIONAL
1.8989966555183948,9.358964150120926,14.514145270114852,8.386077221993219,BACKGROUND_PROJECTED_PROVISIONAL
1.9030100334448161,9.313556553477042,14.519133893453414,8.382582133220865,BACKGROUND_PROJECTED_PROVISIONAL
1.9070234113712377,9.26866774555819,14.524239586558025,8.37920411421456,BACKGROUND_PROJECTED_PROVISIONAL
1.9085120726009372,9.252151014463436,14.526162819007169,8.377980527815595,BACKGROUND_PROJECTED_PROVISIONAL
1.911036789297659,9.224306354463636,14.529460552837577,8.375941368383195,BACKGROUND_PROJECTED_PROVISIONAL
1.9150501672240803,9.180480985779468,14.534794998380761,8.372792101815435,BACKGROUND_PROJECTED_PROVISIONAL
1.9190635451505018,9.137200222408097,14.540241131966269,8.369754523290055,BACKGROUND_PROJECTED_PROVISIONAL
1.9230769230769231,9.094472624396303,14.545797165073225,8.366826844286066,BACKGROUND_PROJECTED_PROVISIONAL
1.9270903010033447,9.05230672876371,14.551461311890108,8.364007278992034,BACKGROUND_PROJECTED_PROVISIONAL
1.931103678929766,9.010711049329558,14.5572317893253,8.36129404431631,BACKGROUND_PROJECTED_PROVISIONAL
1.9351170568561873,8.969694076540549,14.563106817015239,8.358685359895304,BACKGROUND_PROJECTED_PROVISIONAL
1.9390860157158272,8.929708500201798,14.569017900535414,8.356206626916133,BACKGROUND_PROJECTED_PROVISIONAL
1.9391304347826088,8.92926427729654,14.569084617333772,8.35617944810295,BACKGROUND_PROJECTED_PROVISIONAL
1.9407909340934533,8.9127105217228,14.5715875181684,8.355172288740931,BACKGROUND_PROJECTED_PROVISIONAL
1.9431438127090304,8.88943009477714,14.575163415400738,8.35377453405897,BACKGROUND_PROJECTED_PROVISIONAL
1.9471571906354517,8.850199948267317,14.581341439089641,8.351468845636958,BACKGROUND_PROJECTED_PROVISIONAL
1.951170568561873,8.811582232982687,14.587616919036407,8.349260613472808,BACKGROUND_PROJECTED_PROVISIONAL
1.9551839464882943,8.773585319894607,14.593988088646512,8.347148070971997,BACKGROUND_PROJECTED_PROVISIONAL
1.9585014836479626,8.742650942570634,14.599325609921067,8.345472788893375,BACKGROUND_PROJECTED_PROVISIONAL
1.9591973244147158,8.736217555554987,14.600453184102662,8.345129454317203,BACKGROUND_PROJECTED_PROVISIONAL
1.9632107023411374,8.69948726192078,14.607010444371497,8.34320300247515,BACKGROUND_PROJECTED_PROVISIONAL
1.9672240802675587,8.663402736178341,14.613658111211237,8.341366957203945,BACKGROUND_PROJECTED_PROVISIONAL
1.97123745819398,8.627972250567439,14.620394429177281,8.339619563059102,BACKGROUND_PROJECTED_PROVISIONAL
1.9752508361204013,8.593204052205095,14.627217645629372,8.337959067400249,BACKGROUND_PROJECTED_PROVISIONAL
1.9792642140468228,8.55910636290983,14.63412601073702,8.33638372039698,BACKGROUND_PROJECTED_PROVISIONAL
1.9832775919732444,8.525687379025015,14.641117777485675,8.33489177503472,BACKGROUND_PROJECTED_PROVISIONAL
1.9872909698996657,8.492955271242636,14.648191201682238,8.333481487120366,BACKGROUND_PROJECTED_PROVISIONAL
1.9893202282038527,8.47666918988807,14.651798219698406,8.332798940693067,BACKGROUND_PROJECTED_PROVISIONAL
1.9907217247059321,8.465525580314647,14.654301197785315,8.33233935381196,BACKGROUND_PROJECTED_PROVISIONAL
1.991304347826087,8.460918184426902,14.65534454195992,8.332151115287104,BACKGROUND_PROJECTED_PROVISIONAL
1.9953177257525083,8.429584237438178,14.66257605978393,8.330898921000227,BACKGROUND_PROJECTED_PROVISIONAL
1.9993311036789299,8.398961522955972,14.669884019455765,8.329723168561117,BACKGROUND_PROJECTED_PROVISIONAL
2.0033444816053514,8.369058107303232,14.677266688117925,8.32862212511236,BACKGROUND_PROJECTED_PROVISIONAL
2.0073578595317727,8.33988203027019,14.68472233575801,8.32759406064153,BACKGROUND_PROJECTED_PROVISIONAL
2.009350076694049,8.325671809016825,14.688449845869172,8.32711030603329,BACKGROUND_PROJECTED_PROVISIONAL
2.011371237458194,8.311441304937603,14.692249235213438,8.326637247986042,BACKGROUND_PROJECTED_PROVISIONAL
2.0153846153846153,8.28374391750117,14.699845662174198,8.325749962835886,BACKGROUND_PROJECTED_PROVISIONAL
2.0193979933110366,8.327563429603742,14.707509895187485,8.324930483738228,BACKGROUND_PROJECTED_PROVISIONAL
2.0234113712374584,8.762657484679778,14.715240215660373,8.3241770921002,BACKGROUND_PROJECTED_PROVISIONAL
2.0274247491638797,9.61247820800267,14.723034907863422,8.323488072192333,BACKGROUND_PROJECTED_PROVISIONAL
2.031438127090301,10.861783596961288,14.730892258933153,8.322861711151148,BACKGROUND_PROJECTED_PROVISIONAL
2.035451505016723,12.498163069480341,14.738810558875116,8.322296298982167,BACKGROUND_PROJECTED_PROVISIONAL
2.0386503587013447,14.072963840358938,14.745164331269393,8.321888148068268,BACKGROUND_PROJECTED_PROVISIONAL
2.039464882943144,14.511729360556131,14.746788100566135,8.321790128562299,BACKGROUND_PROJECTED_PROVISIONAL
2.043264602260908,16.758799236949216,14.754393997253317,8.321363957154915,BACKGROUND_PROJECTED_PROVISIONAL
2.0434782608695654,16.89488634727826,14.75482317975684,8.32134149564206,BACKGROUND_PROJECTED_PROVISIONAL
2.0474916387959867,19.642168503308852,14.762914095073313,8.320948698847616,BACKGROUND_PROJECTED_PROVISIONAL
2.051505016722408,22.750134487172858,14.771059148019361,8.320610039682748,BACKGROUND_PROJECTED_PROVISIONAL
2.0555183946488294,26.217314241796487,14.779256642977941,8.320323822530412,BACKGROUND_PROJECTED_PROVISIONAL
2.0595317725752507,30.04420712418323,14.787504887212549,8.320088354654104,BACKGROUND_PROJECTED_PROVISIONAL
2.061072618740687,31.60948337954997,14.790684740440838,8.320011077476437,BACKGROUND_PROJECTED_PROVISIONAL
2.0635451505016724,34.233330888920364,14.795802190868699,8.319901946199337,BACKGROUND_PROJECTED_PROVISIONAL
2.0675585284280937,38.789323859549626,14.804146866974605,8.3197629101943,BACKGROUND_PROJECTED_PROVISIONAL
2.0715719063545155,43.719115589359916,14.812537231442462,8.319669562551269,BACKGROUND_PROJECTED_PROVISIONAL
2.075585284280937,49.03216579818687,14.873201959150265,8.371850578148127,BACKGROUND_PROJECTED_PROVISIONAL
2.079598662207358,54.74080438484117,15.240682918995674,8.73084782588262,BACKGROUND_PROJECTED_PROVISIONAL
2.0836120401337794,60.86069200705839,15.937374199144301,9.419055393920331,BACKGROUND_PROJECTED_PROVISIONAL
2.0876254180602007,67.41144282764574,16.95166675082328,10.424864233488393,BACKGROUND_PROJECTED_PROVISIONAL
2.0887945410865996,69.40412542606282,17.30544042309299,10.776166545382836,BACKGROUND_PROJECTED_PROVISIONAL
2.091638795986622,74.41748037123696,18.273916001036156,11.738629771590354,BACKGROUND_PROJECTED_PROVISIONAL
2.0956521739130434,81.9092154899948,19.896234486927256,13.352464545370509,BACKGROUND_PROJECTED_PROVISIONAL
2.0967305860878427,84.0097584615421,20.382459780369146,13.836410228320801,BACKGROUND_PROJECTED_PROVISIONAL
2.0996655518394647,89.92470050542588,21.812331507588425,15.260077853920762,BACKGROUND_PROJECTED_PROVISIONAL
2.1036789297658864,98.51201105602473,24.01739619697321,17.45665883119463,BACKGROUND_PROJECTED_PROVISIONAL
2.1076923076923078,107.73277682107992,26.50801258950895,19.938791511619456,BACKGROUND_PROJECTED_PROVISIONAL
2.1117056856187295,117.66760296613407,29.282109118844517,22.704404328844078,BACKGROUND_PROJECTED_PROVISIONAL
2.1136841305939575,122.8595688605806,30.75367133165861,24.17178438939024,BACKGROUND_PROJECTED_PROVISIONAL
2.115719063545151,128.42479051552692,32.33893583728536,25.752747335174035,BACKGROUND_PROJECTED_PROVISIONAL
2.119732441471572,140.15516923275538,35.679070177766334,29.084397963544063,BACKGROUND_PROJECTED_PROVISIONAL
2.1237458193979935,153.07910192040498,39.30445254341447,32.70129661708128,BACKGROUND_PROJECTED_PROVISIONAL
2.1277591973244148,167.5402471013353,43.21845474934625,36.60681511090215,BACKGROUND_PROJECTED_PROVISIONAL
2.131772575250836,184.12177857876634,47.42598423298216,40.80586088242714,BACKGROUND_PROJECTED_PROVISIONAL
2.1357859531772574,203.82782270488178,51.93363007887203,45.30502301620609,BACKGROUND_PROJECTED_PROVISIONAL
2.139766208944109,219.0144268189238,56.70882555638582,50.071804797159814,BACKGROUND_PROJECTED_PROVISIONAL
2.139799331103679,218.9333921070487,56.7498637066561,50.11277293187925,BACKGROUND_PROJECTED_PROVISIONAL
2.1438127090301005,198.26162819266793,61.88530599777613,55.23973151088833,BACKGROUND_PROJECTED_PROVISIONAL
2.1478260869565218,178.72000004267775,67.35307932031995,60.699021121321266,BACKGROUND_PROJECTED_PROVISIONAL
2.1511358938974694,164.749416370184,72.12366174558431,65.4626070838192,BACKGROUND_PROJECTED_PROVISIONAL
2.1518394648829435,161.9718389595601,73.16927964201966,66.50673773091003,BACKGROUND_PROJECTED_PROVISIONAL
2.155852842809365,147.16122003256035,79.35360352925838,72.68257790603784,BACKGROUND_PROJECTED_PROVISIONAL
2.159866220735786,133.79416933053614,85.93019972609113,79.25069039075967,BACKGROUND_PROJECTED_PROVISIONAL
2.1638795986622075,121.57055492081875,92.92884048942668,86.2408474419843,BACKGROUND_PROJECTED_PROVISIONAL
2.167199891226738,112.17979695730456,99.06399645806837,92.36898478273747,BACKGROUND_PROJECTED_PROVISIONAL
2.167892976588629,110.2933670028226,100.38658846936286,93.69011170980954,BACKGROUND_PROJECTED_PROVISIONAL
2.17190635451505,99.82536447332313,108.350205577856,101.64524510619177,BACKGROUND_PROJECTED_PROVISIONAL
2.1759197324414714,90.06660341452755,116.87974992394818,110.16630574017303,BACKGROUND_PROJECTED_PROVISIONAL
2.179933110367893,80.94182977444873,126.05417639420153,119.33224849831547,BACKGROUND_PROJECTED_PROVISIONAL
2.1839464882943145,72.39292646123118,135.98048318018857,129.2500715721916,BACKGROUND_PROJECTED_PROVISIONAL
2.1879598662207362,64.37414315124914,146.80955388737982,140.0706585672719,BACKGROUND_PROJECTED_PROVISIONAL
2.191579017541029,57.567153449296825,157.53271135201805,150.78616565896988,BACKGROUND_PROJECTED_PROVISIONAL
2.1919732441471576,56.84895585221554,158.76563797998077,152.01825894776195,BACKGROUND_PROJECTED_PROVISIONAL
2.195986622073579,49.7879193140505,172.20560043213723,165.44973768780747,BACKGROUND_PROJECTED_PROVISIONAL
2.2,43.16716456763109,187.7370190956351,180.97267263919443,BACKGROUND_PROJECTED_PROVISIONAL
2.20649702832345,33.334426741112196,211.4639392684524,204.68585901497516,BACKGROUND_PROJECTED_PROVISIONAL
2.2080808080808083,31.09736067151954,205.40680508134935,198.62537694193787,BACKGROUND_PROJECTED_PROVISIONAL
2.2161616161616164,20.62164311722171,170.1341330557205,163.3356232333382,BACKGROUND_PROJECTED_PROVISIONAL
2.221635442215889,14.393563798081175,151.14303644581946,144.33295573097678,BACKGROUND_PROJECTED_PROVISIONAL
2.2242424242424246,11.66882000106503,143.02139744980747,136.20580594445437,BACKGROUND_PROJECTED_PROVISIONAL
2.2323232323232327,4.202922185583617,120.57620662246235,113.74353343413846,BACKGROUND_PROJECTED_PROVISIONAL
2.2404040404040404,-1.781742119100528,101.24974100420246,94.39998613290774,BACKGROUND_PROJECTED_PROVISIONAL
2.244246847485416,-4.102512524137609,92.91865200091857,86.06077398010396,BACKGROUND_PROJECTED_PROVISIONAL
2.2484848484848485,-6.2622699762899,84.28288868714992,77.41605213288437,BACKGROUND_PROJECTED_PROVISIONAL
2.2565656565656567,-9.186126878116028,69.24051557927731,62.35659734204097,BACKGROUND_PROJECTED_PROVISIONAL
2.2628307819280793,-10.32831937300611,58.72493104546524,51.82776922118376,BACKGROUND_PROJECTED_PROVISIONAL
2.264646464646465,-10.467299493492163,55.84955680102934,48.948556880822196,BACKGROUND_PROJECTED_PROVISIONAL
2.272727272727273,-10.537000624886616,43.92967582247891,37.011594219300974,BACKGROUND_PROJECTED_PROVISIONAL
2.277006592255703,-10.551795357884714,38.16977814201698,31.242650663874002,BACKGROUND_PROJECTED_PROVISIONAL
2.280808080808081,-10.565803878068891,33.35917716638977,26.424013880241006,BACKGROUND_PROJECTED_PROVISIONAL
2.288888888888889,-10.598367059589322,24.05666366665949,17.1044186975399,BACKGROUND_PROJECTED_PROVISIONAL
2.2969696969696973,-10.634851333835996,15.970621393617733,9.001294741527346,BACKGROUND_PROJECTED_PROVISIONAL
2.297783808444828,-10.638750645590363,15.222173717564772,8.251126149201895,BACKGROUND_PROJECTED_PROVISIONAL
2.305050505050505,-10.675417263114781,9.073429643690702,2.0870213086295166,BACKGROUND_PROJECTED_PROVISIONAL
2.313131313131313,-10.720224835173497,3.358111843525961,-3.6453781745060496,BACKGROUND_PROJECTED_PROVISIONAL
2.3201542422959314,-10.762735459181016,-0.639991549079582,-7.658327043989232,BACKGROUND_PROJECTED_PROVISIONAL
2.3212121212121213,-10.769433491190455,-1.1629996293075067,-8.183571330310315,BACKGROUND_PROJECTED_PROVISIONAL
2.3292929292929294,-10.823202154208701,-4.458029540059755,-11.495682924033389,BACKGROUND_PROJECTED_PROVISIONAL
2.3333294217489255,-10.851817709775247,-5.62908173494273,-12.675267691866736,BACKGROUND_PROJECTED_PROVISIONAL
2.3373737373737375,-10.881689257998346,-6.473794131344846,-13.528529198289306,BACKGROUND_PROJECTED_PROVISIONAL
2.3454545454545457,-10.945052776327998,-7.1462110005228965,-14.218027750438125,BACKGROUND_PROJECTED_PROVISIONAL
2.3522042429262964,-11.001830551625886,-7.271709130942327,-14.357793784662306,BACKGROUND_PROJECTED_PROVISIONAL
2.353535353535354,-11.013450252629923,-7.296806653007195,-14.38570508589325,BACKGROUND_PROJECTED_PROVISIONAL
2.361616161616162,-11.087038830040711,-7.451655197731299,-14.557635313588179,BACKGROUND_PROJECTED_PROVISIONAL
2.3696969696969696,-11.165975281806482,-7.610828382226231,-14.733890181053908,BACKGROUND_PROJECTED_PROVISIONAL
2.3777777777777778,-11.250416042032953,-7.7743979474139735,-14.914541429212449,BACKGROUND_PROJECTED_PROVISIONAL
2.378484797217,-11.258071107525154,-7.788920776703151,-14.930558797388613,BACKGROUND_PROJECTED_PROVISIONAL
2.385858585858586,-11.340517236772484,-7.9424356370469695,-15.09966080181627,BACKGROUND_PROJECTED_PROVISIONAL
2.3906202874766866,-11.396323779628602,-8.04357479487902,-15.210865521981788,BACKGROUND_PROJECTED_PROVISIONAL
2.393939393939394,-11.436434715431204,-8.115013207167806,-15.289320054907904,BACKGROUND_PROJECTED_PROVISIONAL
2.402020202020202,-11.538324082487208,-8.292202435589473,-15.483590966300397,BACKGROUND_PROJECTED_PROVISIONAL
2.4075227301186715,-11.611201644582053,-8.415533297504965,-15.618553392729723,BACKGROUND_PROJECTED_PROVISIONAL
2.4101010101010103,-11.646340729507045,-8.474075131394386,-15.682545345076136,BACKGROUND_PROJECTED_PROVISIONAL
2.4181818181818184,-11.760639867450777,-8.660703144452697,-15.886255041105215,BACKGROUND_PROJECTED_PROVISIONAL
2.4262626262626266,-11.88137655925641,-8.852158374957128,-16.094791954580472,BACKGROUND_PROJECTED_PROVISIONAL
2.4343434343434343,-12.008705752693373,-9.048512782976417,-16.30822804557056,BACKGROUND_PROJECTED_PROVISIONAL
2.4378401399608904,-12.065885778948171,-9.135015490184486,-16.402122292857598,BACKGROUND_PROJECTED_PROVISIONAL
2.4424242424242424,-12.14278231347896,-9.249838398024679,-16.526635343589646,BACKGROUND_PROJECTED_PROVISIONAL
2.4488958273486885,-12.255128554530955,-9.414705119118963,-16.705182077981192,BACKGROUND_PROJECTED_PROVISIONAL
2.4505050505050505,-12.283761058647485,-9.456207328646627,-16.75008595718242,BACKGROUND_PROJECTED_PROVISIONAL
2.4585858585858587,-12.431796790166914,-9.667691772019964,-16.978652083526526,BACKGROUND_PROJECTED_PROVISIONAL
2.4637540897983676,-12.530247253649293,-9.80566603655231,-17.127551256336517,BACKGROUND_PROJECTED_PROVISIONAL
2.466666666666667,-12.58704432879668,-9.884364023571976,-17.212406018049364,BACKGROUND_PROJECTED_PROVISIONAL
2.474747474747475,-12.749658548179724,-10.106296486612166,-17.45142016406038,BACKGROUND_PROJECTED_PROVISIONAL
2.482828282828283,-12.919794409164297,-10.333561681979972,-17.695767042398984,BACKGROUND_PROJECTED_PROVISIONAL
2.490909090909091,-13.097606994351622,-10.566232257707412,-17.94551930109722,BACKGROUND_PROJECTED_PROVISIONAL
2.498238274643685,-13.26564956523606,-10.781996918844357,-18.176776817866568,BACKGROUND_PROJECTED_PROVISIONAL
2.4989898989898993,-13.283251542863354,-10.804380998696331,-18.200749725056966,BACKGROUND_PROJECTED_PROVISIONAL
2.507070707070707,-13.47688348532779,-11.048080836411401,-18.461531245742833,BACKGROUND_PROJECTED_PROVISIONAL
2.508172965235048,-13.503923397393635,-11.081756849775417,-18.497537276640628,BACKGROUND_PROJECTED_PROVISIONAL
2.515151515151515,-13.6786584790799,-11.297404858587214,-18.72793695088947,BACKGROUND_PROJECTED_PROVISIONAL
2.5209133862995787,-13.827589666847587,-11.478656022677427,-18.921367893943085,BACKGROUND_PROJECTED_PROVISIONAL
2.5232323232323233,-13.88873244357336,-11.552426318950978,-19.00004009422406,BACKGROUND_PROJECTED_PROVISIONAL
2.5313131313131314,-14.10726159600398,-11.813218646960564,-19.277914105204417,BACKGROUND_PROJECTED_PROVISIONAL
2.5393939393939395,-14.334402487139187,-12.079855457557414,-19.561632598772093,BACKGROUND_PROJECTED_PROVISIONAL
2.5474747474747477,-14.570312037358349,-12.352410560936363,-19.851269385121867,BACKGROUND_PROJECTED_PROVISIONAL
2.555555555555556,-14.815147572897047,-12.630957972329298,-20.1468984794856,BACKGROUND_PROJECTED_PROVISIONAL
2.559697521689081,-14.944153846519782,-12.776079540951116,-20.300775577463043,BACKGROUND_PROJECTED_PROVISIONAL
2.5636363636363635,-15.069066862300929,-12.915571921807924,-20.44859411193505,BACKGROUND_PROJECTED_PROVISIONAL
2.568468915881171,-15.22532377501193,-13.088708722774157,-20.63194624341773,BACKGROUND_PROJECTED_PROVISIONAL
2.5717171717171716,-15.3322281530846,-13.206326864101129,-20.756430737199054,BACKGROUND_PROJECTED_PROVISIONAL
2.579015932549997,-15.577996819129623,-13.47428342297323,-21.039815842001133,BACKGROUND_PROJECTED_PROVISIONAL
2.5797979797979798,-15.604790208600093,-13.503297488430633,-21.070483044499355,BACKGROUND_PROJECTED_PROVISIONAL
2.587878787878788,-15.886912345114013,-13.806558728363797,-21.390825967403345,BACKGROUND_PROJECTED_PROVISIONAL
2.595959595959596,-16.178754469095054,-14.116185771684826,-21.71753469369517,BACKGROUND_PROJECTED_PROVISIONAL
2.604040404040404,-16.480477114714972,-14.432254070284898,-22.05068467526604,BACKGROUND_PROJECTED_PROVISIONAL
2.6121212121212123,-16.792241481563735,-14.75483935007108,-22.39035163802305,BACKGROUND_PROJECTED_PROVISIONAL
2.6202020202020204,-17.114209472583525,-15.084017620895878,-22.736611591818644,BACKGROUND_PROJECTED_PROVISIONAL
2.6222365233854865,-17.19689837525368,-15.167942692656311,-22.82483731495401,BACKGROUND_PROJECTED_PROVISIONAL
2.6282828282828286,-17.44654373222278,-15.419865186506911,-23.089540840400502,BACKGROUND_PROJECTED_PROVISIONAL
2.6298011899071123,-17.510158603156356,-15.48372055292694,-23.156605808093303,BACKGROUND_PROJECTED_PROVISIONAL
2.6363636363636367,-17.789407684814933,-15.762458654518042,-23.44921599138246,BACKGROUND_PROJECTED_PROVISIONAL
2.63807729417313,-17.863485989412027,-15.835985046956125,-23.52636481354901,BACKGROUND_PROJECTED_PROVISIONAL
2.6444444444444444,-18.142965573185222,-16.111874946403134,-23.81571396623832,BACKGROUND_PROJECTED_PROVISIONAL
2.6525252525252525,-18.507382497489402,-16.468191307511205,-24.189112010317217,BACKGROUND_PROJECTED_PROVISIONAL
2.6606060606060606,-18.8828244542903,-16.831485317107365,-24.569487702884203,BACKGROUND_PROJECTED_PROVISIONAL
2.6686868686868688,-19.269458375874308,-17.20183489843606,-24.956918967183697,BACKGROUND_PROJECTED_PROVISIONAL
2.676767676767677,-19.667452169815817,-17.579318328810956,-25.351484080529417,BACKGROUND_PROJECTED_PROVISIONAL
2.684848484848485,-20.07697475879354,-17.964014249731292,-25.75326168442055,BACKGROUND_PROJECTED_PROVISIONAL
2.685874249540741,-20.12979210782254,-18.01336680932667,-25.80478256519129,BACKGROUND_PROJECTED_PROVISIONAL
2.6921875988928536,-20.459042337416804,-18.319717240319505,-26.12447852190857,BACKGROUND_PROJECTED_PROVISIONAL
2.692929292929293,-20.49819612066335,-18.356001677023812,-26.162330794683868,BACKGROUND_PROJECTED_PROVISIONAL
2.698113293658322,-20.774657154836575,-18.611345508223053,-26.42863286868362,BACKGROUND_PROJECTED_PROVISIONAL
2.701010101010101,-20.93128732879734,-18.755360011014375,-26.578770811645256,BACKGROUND_PROJECTED_PROVISIONAL
2.709090909090909,-21.376420592690977,-19.162169046727854,-27.002661530329533,BACKGROUND_PROJECTED_PROVISIONAL
2.717171717171717,-21.833769298848097,-19.576508984118902,-27.434083150691436,BACKGROUND_PROJECTED_PROVISIONAL
2.7252525252525253,-22.303508051949223,-19.998460438332074,-27.873116287875376,BACKGROUND_PROJECTED_PROVISIONAL
2.7333333333333334,-22.78581271631174,-20.428104449996,-28.3198419825101,BACKGROUND_PROJECTED_PROVISIONAL
2.7414141414141415,-23.28086045764678,-20.865522495549897,-28.77434171103485,BACKGROUND_PROJECTED_PROVISIONAL
2.7494949494949497,-23.788829785123653,-21.310796497604144,-29.236697396059895,BACKGROUND_PROJECTED_PROVISIONAL
2.7506300032361817,-23.861225865525284,-21.37397491108584,-29.302275152276707,BACKGROUND_PROJECTED_PROVISIONAL
2.7556462605509897,-24.184281453979963,-21.655067088222268,-29.593970986410625,BACKGROUND_PROJECTED_PROVISIONAL
2.757575757575758,-24.309900593748864,-21.76400883533705,-29.70699141676357,BACKGROUND_PROJECTED_PROVISIONAL
2.759140014599586,-24.412296649312225,-21.852664293840803,-29.798953492909902,BACKGROUND_PROJECTED_PROVISIONAL
2.765656565656566,-24.844254207065262,-22.22524235492756,-30.185306619324933,BACKGROUND_PROJECTED_PROVISIONAL
2.773737373737374,-25.392073420184772,-22.694580380025513,-30.671726327393685,BACKGROUND_PROJECTED_PROVISIONAL
2.7818181818181817,-25.953542543159813,-23.172106722262072,-31.16633435260107,BACKGROUND_PROJECTED_PROVISIONAL
2.78989898989899,-26.52884741103105,-23.657905672289473,-31.669214985599268,BACKGROUND_PROJECTED_PROVISIONAL
2.797979797979798,-27.118098760507337,-24.15201759856086,-32.180408594841424,BACKGROUND_PROJECTED_PROVISIONAL
2.806060606060606,-27.721168465756136,-24.654344134255666,-32.699816813507084,BACKGROUND_PROJECTED_PROVISIONAL
2.8141414141414143,-28.337882200749334,-25.164759883215368,-33.22731424543758,BACKGROUND_PROJECTED_PROVISIONAL
2.8165234266818007,-28.522251753543742,-25.316742592924527,-33.38433219204887,BACKGROUND_PROJECTED_PROVISIONAL
2.8201956039883087,-28.808763797686822,-25.552391678146535,-33.62774373963049,BACKGROUND_PROJECTED_PROVISIONAL
2.8211738060043845,-28.88555079289091,-25.61543896989167,-33.69285881179468,BACKGROUND_PROJECTED_PROVISIONAL
2.8222222222222224,-28.968066155094505,-25.683139508606303,-33.762775553799315,BACKGROUND_PROJECTED_PROVISIONAL
2.83030303030303,-29.61154695082729,-26.209357701219517,-34.30607542938333,BACKGROUND_PROJECTED_PROVISIONAL
2.8383838383838382,-30.268151561850402,-26.743289148925953,-34.85708856006056,BACKGROUND_PROJECTED_PROVISIONAL
2.8464646464646464,-30.937707235945197,-27.28480850725981,-35.41568960136527,BACKGROUND_PROJECTED_PROVISIONAL
2.8545454545454545,-31.620041419295035,-27.833790371107057,-35.981753148183316,BACKGROUND_PROJECTED_PROVISIONAL
2.8626262626262626,-32.31498168345206,-28.39010924747396,-36.555153707521015,BACKGROUND_PROJECTED_PROVISIONAL
2.8707070707070708,-33.02235565468965,-28.953639529313364,-37.135765672331274,BACKGROUND_PROJECTED_PROVISIONAL
2.878787878787879,-33.74199094568195,-29.524255470386095,-37.7234632963748,BACKGROUND_PROJECTED_PROVISIONAL
2.8835745071742727,-34.173975771772916,-29.86554747749483,-38.07487355747219,BACKGROUND_PROJECTED_PROVISIONAL
2.8842312866735105,-34.23357790777146,-29.91256566329156,-38.123280082043436,BACKGROUND_PROJECTED_PROVISIONAL
2.8858543750578196,-34.38121072755581,-30.0289555846756,-38.24310098222776,BACKGROUND_PROJECTED_PROVISIONAL
2.886868686868687,-34.47371508945622,-30.101831161136715,-38.318120670096164,BACKGROUND_PROJECTED_PROVISIONAL
2.894949494949495,-35.217355475565284,-30.686240505563887,-38.91961169749419,BACKGROUND_PROJECTED_PROVISIONAL
2.9030303030303033,-35.97273928842708,-31.277357199061953,-39.52781007396305,BACKGROUND_PROJECTED_PROVISIONAL
2.911111111111111,-36.73969344778811,-31.875054707220386,-40.14258926509234,BACKGROUND_PROJECTED_PROVISIONAL
2.919191919191919,-37.518044551262506,-32.479206245557464,-40.763822486400215,BACKGROUND_PROJECTED_PROVISIONAL
2.9272727272727272,-38.30761881890004,-33.08968476017276,-41.39138268398631,BACKGROUND_PROJECTED_PROVISIONAL
2.9353535353535354,-39.10824203974778,-33.70636290930196,-42.025142516086305,BACKGROUND_PROJECTED_PROVISIONAL
2.9434343434343435,-39.919739520358064,-34.329113045754184,-42.66497433550933,BACKGROUND_PROJECTED_PROVISIONAL
2.9483293496532577,-40.416524506193184,-34.70924737415032,-43.05545601327151,BACKGROUND_PROJECTED_PROVISIONAL
2.9515151515151516,-40.741936035211324,-34.957807200220316,-43.310750172946314,BACKGROUND_PROJECTED_PROVISIONAL
2.951803583159652,-40.77147859220594,-34.98035570153894,-43.3339083778813,BACKGROUND_PROJECTED_PROVISIONAL
2.9526416418027503,-40.85739258695838,-35.04591396096339,-43.40123817449722,BACKGROUND_PROJECTED_PROVISIONAL
2.9595959595959593,-41.57465577901189,-35.59231706543261,-43.962341721129405,BACKGROUND_PROJECTED_PROVISIONAL
2.9676767676767675,-42.41772232082474,-36.232513981162356,-44.61962031982995,BACKGROUND_PROJECTED_PROVISIONAL
2.9757575757575756,-43.270958560018755,-36.878268920042615,-45.282456941681005,BACKGROUND_PROJECTED_PROVISIONAL
2.9838383838383837,-44.13418668398515,-37.529452474197456,-45.95072217880664,BACKGROUND_PROJECTED_PROVISIONAL
2.991919191919192,-45.00722812759972,-38.18593484266853,-46.62428623024857,BACKGROUND_PROJECTED_PROVISIONAL
3.0,-45.88990353439954,-38.84758581962461,-47.30301889017545,BACKGROUND_PROJECTED_PROVISIONAL
