z,Delta_common,D1,D2,DC
0.00000,0.072720981,0.06838385,0.077058112,0.0086742622
0.00060,0.073131053,0.068796598,0.077465508,0.0086689096
0.00120,0.073540262,0.069208485,0.077872039,0.0086635544
0.00181,0.073941461,0.069612363,0.07827056,0.0086581962
0.00241,0.074341084,0.070014668,0.078667501,0.0086528329
0.00301,0.074733342,0.070409608,0.079057075,0.0086474669
0.00362,0.075123626,0.070802577,0.079444675,0.0086420975
0.00422,0.07550701,0.071188649,0.079825372,0.0086367234
0.00483,0.075887928,0.071572255,0.080203601,0.0086313466
0.00543,0.076262669,0.071949686,0.080575652,0.0086259662
0.00604,0.076634257,0.072323966,0.080944547,0.0086205813
0.00664,0.077000381,0.072692784,0.081307978,0.0086151937
0.00725,0.07736284,0.073057939,0.081667741,0.0086098023
0.00785,0.077720365,0.073418162,0.082022569,0.0086044067
0.00846,0.078073765,0.073774261,0.082373269,0.0085990084
0.00907,0.078422873,0.07412607,0.082719676,0.008593606
0.00968,0.078767203,0.074473103,0.083061302,0.0085881997
0.01028,0.079108017,0.074816621,0.083399412,0.0085827909
0.01089,0.079443428,0.07515474,0.083732117,0.0085773775
0.01150,0.079775916,0.075489936,0.084061896,0.0085719606
0.01211,0.080102579,0.075819309,0.08438585,0.0085665412
0.01272,0.080426872,0.076146314,0.084707431,0.0085611169
0.01333,0.080744726,0.076466882,0.085022571,0.0085556894
0.01394,0.081061046,0.076785916,0.085336176,0.0085502594
0.01455,0.081370196,0.077097784,0.085642608,0.0085448243
0.01516,0.081678389,0.077408696,0.085948083,0.0085393864
0.01577,0.081979165,0.077712192,0.086246138,0.0085339457
0.01638,0.082278729,0.078014479,0.086542979,0.0085284999
0.01699,0.08257163,0.078310104,0.086833156,0.0085230515
0.01760,0.082862834,0.078604034,0.087121635,0.0085176001
0.01822,0.083147942,0.07889187,0.087404014,0.0085121439
0.01883,0.083430727,0.079177385,0.08768407,0.008506685
0.01944,0.083708288,0.079457676,0.087958899,0.0085012229
0.02006,0.083982709,0.079734831,0.088230587,0.0084957563
0.02067,0.084252711,0.080007567,0.088497854,0.0084902871
0.02129,0.084518992,0.080276585,0.088761399,0.0084848143
0.02190,0.084781464,0.080541795,0.089021133,0.0084793374
0.02252,0.085039644,0.080802715,0.089276573,0.0084738579
0.02313,0.085294783,0.081060596,0.089528971,0.0084683745
0.02375,0.085544869,0.081313425,0.089776313,0.0084628872
0.02436,0.085792762,0.081564063,0.090021461,0.0084573974
0.02498,0.086034927,0.081808976,0.090260879,0.0084519035
0.02560,0.086275553,0.08205235,0.090498756,0.008446406
0.02621,0.086509938,0.082289485,0.090730391,0.008440906
0.02683,0.086743194,0.082525493,0.090960895,0.0084354016
0.02745,0.086970003,0.082755056,0.09118495,0.0084298939
0.02807,0.087195602,0.08298341,0.091407794,0.0084243837
0.02869,0.087415435,0.083206,0.091624869,0.0084188688
0.02931,0.087633309,0.083426634,0.091839985,0.008413351
0.02993,0.087846401,0.083642485,0.092050316,0.0084078308
0.03055,0.088056651,0.083855498,0.092257803,0.0084023054
0.03117,0.088262902,0.084064513,0.092461291,0.0083967776
0.03179,0.088465805,0.084270181,0.092661428,0.008391247
0.03241,0.088665301,0.084472445,0.092858157,0.0083857116
0.03303,0.08886077,0.084670684,0.093050857,0.0083801737
0.03365,0.089053775,0.084866458,0.093241091,0.0083746328
0.03427,0.089241887,0.085057343,0.09342643,0.0083690874
0.03490,0.089428347,0.085246578,0.093610117,0.0083635395
0.03552,0.089609347,0.085430353,0.093788341,0.0083579884
0.03614,0.089789212,0.085612996,0.093965429,0.008352433
0.03677,0.089963201,0.085789763,0.094136638,0.0083468752
0.03739,0.090136032,0.085965375,0.094306689,0.0083413139
0.03802,0.090303685,0.086135811,0.094471559,0.0083357486
0.03864,0.09046954,0.08630445,0.094634631,0.008330181
0.03927,0.090631044,0.08646874,0.094793349,0.0083246095
0.03989,0.090789924,0.086630406,0.094949441,0.0083190344
0.04052,0.090945378,0.086788649,0.095102106,0.0083134569
0.04114,0.091097452,0.086943515,0.09525139,0.0083078754
0.04177,0.091246821,0.087095675,0.095397966,0.0083022905
0.04240,0.091392251,0.0872439,0.095540603,0.0082967033
0.04302,0.091535668,0.087390112,0.095681224,0.0082911117
0.04365,0.091674404,0.087531645,0.095817162,0.0082855171
0.04428,0.09181207,0.08767211,0.09595203,0.0082799202
0.04491,0.091944232,0.087807072,0.096081391,0.0082743186
0.04554,0.092075402,0.087941045,0.096209759,0.0082687143
0.04617,0.092201911,0.088070357,0.096333464,0.0082631078
0.04680,0.092326589,0.088197841,0.096455337,0.0082574963
0.04743,0.09244742,0.088321479,0.096573361,0.0082518824
0.04806,0.092565899,0.088442766,0.096689032,0.008246266
0.04869,0.092681134,0.088560811,0.096801456,0.0082406449
0.04932,0.092793334,0.088675823,0.096910845,0.0082350215
0.04995,0.092903228,0.08878853,0.097017925,0.0082293953
0.05058,0.09300922,0.088897337,0.097121102,0.0082237646
0.05122,0.09311373,0.089004664,0.097222796,0.0082181318
0.05185,0.093213757,0.089107509,0.097320005,0.0082124957
0.05248,0.093312682,0.089209254,0.09741611,0.0082068557
0.05312,0.093406999,0.089306392,0.097507606,0.0082012134
0.05375,0.093500045,0.089402261,0.097597829,0.0081955676
0.05438,0.093589167,0.089494208,0.097684126,0.0081899182
0.05502,0.093676411,0.089584277,0.097768544,0.0081842665
0.05565,0.093760513,0.089671208,0.097849819,0.0081786111
0.05629,0.093841948,0.089755471,0.097928424,0.0081729523
0.05693,0.093921143,0.089837498,0.098004789,0.0081672914
0.05756,0.093996935,0.089916122,0.098077748,0.0081616263
0.05820,0.094071173,0.089993194,0.098149152,0.0081559583
0.05884,0.094141503,0.090066359,0.098216647,0.0081502881
0.05947,0.094210723,0.090138417,0.09828303,0.0081446135
0.06011,0.094275717,0.090206249,0.098345185,0.0081389363
0.06075,0.094339617,0.090272989,0.098406246,0.0081332568
0.06139,0.094399907,0.09033612,0.098463693,0.0081275728
0.06203,0.094458402,0.090397458,0.098519345,0.0081218864
0.06267,0.094514248,0.090456149,0.098572347,0.0081161978
0.06331,0.094567434,0.090512182,0.098622686,0.0081105044
0.06395,0.094618721,0.090566316,0.098671125,0.0081048089
0.06459,0.09466689,0.090617335,0.098716446,0.0080991109
0.06523,0.094713687,0.090666983,0.098760391,0.0080934085
0.06587,0.094756776,0.090712924,0.098800628,0.008087704
0.06651,0.094798918,0.09075792,0.098839916,0.0080819966
0.06715,0.094837401,0.090799258,0.098875544,0.0080762853
0.06779,0.094874607,0.090839321,0.098909893,0.0080705718
0.06844,0.094908973,0.090876545,0.0989414,0.0080648552
0.06908,0.094941281,0.090911713,0.098970848,0.0080591349
0.06972,0.09497155,0.090944844,0.098998257,0.0080534125
0.07037,0.094999174,0.09097533,0.099023017,0.0080476867
0.07101,0.095025336,0.091004357,0.099046315,0.0080419575
0.07166,0.095048371,0.091030258,0.099066484,0.0080362263
0.07230,0.09507041,0.091055164,0.099085656,0.0080304914
0.07295,0.095089022,0.091076645,0.099101398,0.0080247534
0.07359,0.09510662,0.091097113,0.099116126,0.0080190134
0.07424,0.095121414,0.091114779,0.099128049,0.0080132695
0.07489,0.095134528,0.091130767,0.09913829,0.0080075227
0.07553,0.095145685,0.091144798,0.099146572,0.008001774
0.07618,0.095154451,0.091156441,0.099152462,0.0079960211
0.07683,0.095161878,0.091166745,0.09915701,0.0079902657
0.07748,0.095166552,0.091174298,0.099158806,0.0079845083
0.07812,0.095170192,0.091180819,0.099159565,0.0079787464
0.07877,0.095170818,0.091184327,0.099157309,0.0079729824
0.07942,0.0951705,0.091186892,0.099154108,0.0079672162
0.08007,0.095167619,0.091186896,0.099148342,0.0079614457
0.08072,0.095163253,0.091185416,0.09914109,0.0079556731
0.08137,0.095157127,0.091182178,0.099132076,0.0079498982
0.08202,0.095148796,0.091176736,0.099120855,0.0079441191
0.08268,0.095139353,0.091170184,0.099108522,0.0079383381
0.08333,0.095127318,0.091161041,0.099093595,0.0079325543
0.08398,0.09511436,0.091150976,0.099077743,0.0079267668
0.08463,0.095098856,0.091138368,0.099059345,0.0079209774
0.08529,0.095082293,0.091124701,0.099039886,0.007915185
0.08594,0.095063649,0.091108955,0.099018344,0.0079093891
0.08659,0.095043542,0.091091746,0.098995338,0.0079035913
0.08725,0.095021939,0.091073044,0.098970834,0.0078977903
0.08790,0.09499829,0.091052297,0.098944283,0.0078919861
0.08856,0.094973816,0.091030726,0.098916906,0.0078861801
0.08921,0.094946807,0.091006622,0.098886993,0.0078803704
0.08987,0.094919017,0.090981738,0.098856296,0.007874558
0.09052,0.09488921,0.090954838,0.098823582,0.0078687438
0.09118,0.094858161,0.090926698,0.098789624,0.0078629257
0.09184,0.094825574,0.090897022,0.098754127,0.0078571051
0.09249,0.094791489,0.090865848,0.09871713,0.0078512827
0.09315,0.094756223,0.090833495,0.098678951,0.0078454562
0.09381,0.094719022,0.090799209,0.098638836,0.0078396275
0.09447,0.094681165,0.090764267,0.098598064,0.007833797
0.09513,0.094641112,0.090727131,0.098555093,0.0078279621
0.09579,0.094600269,0.090689206,0.098511332,0.0078221254
0.09645,0.09455793,0.090649787,0.098466074,0.0078162866
0.09711,0.094514201,0.090608979,0.098419423,0.0078104437
0.09777,0.094469463,0.090567164,0.098371763,0.0078045991
0.09843,0.094423132,0.090523756,0.098322508,0.007798752
0.09909,0.094376007,0.090479557,0.098272458,0.0077929013
0.09975,0.094327077,0.090433553,0.098220602,0.0077870487
0.10041,0.094277455,0.090386858,0.098168051,0.0077811935
0.10107,0.09422631,0.090338643,0.098113978,0.0077753349
0.10174,0.094174214,0.090289477,0.098058951,0.0077694745
0.10240,0.094121055,0.090239249,0.098002861,0.0077636112
0.10306,0.094066505,0.090187633,0.097945377,0.0077577448
0.10373,0.094011379,0.090135441,0.097887317,0.0077518766
0.10439,0.093954579,0.090081576,0.097827582,0.0077460053
0.10506,0.09389715,0.090027085,0.097767216,0.0077401312
0.10572,0.09383853,0.089971403,0.097705658,0.0077342553
0.10639,0.093778957,0.089914769,0.097643145,0.007728376
0.10705,0.093718469,0.089857221,0.097579716,0.0077224943
0.10772,0.093656939,0.089798634,0.097515244,0.0077166108
0.10839,0.093594699,0.089739337,0.097450061,0.0077107237
0.10905,0.093531151,0.089678734,0.097383568,0.0077048343
0.10972,0.093467137,0.089617665,0.097316608,0.0076989433
0.11039,0.093401926,0.089555402,0.09724845,0.0076930484
0.11106,0.093336027,0.089492451,0.097179602,0.0076871515
0.11173,0.093269434,0.089428807,0.09711006,0.007681253
0.11240,0.09320175,0.089364075,0.097039425,0.0076753504
0.11307,0.093133632,0.089298909,0.096968355,0.0076694461
0.11374,0.093064477,0.089232707,0.096896247,0.0076635398
0.11441,0.092994709,0.089165894,0.096823524,0.0076576299
0.11508,0.092924197,0.089098338,0.096750056,0.0076517182
0.11575,0.09285306,0.089030158,0.096675962,0.0076458044
0.11642,0.092781222,0.088961278,0.096601165,0.0076398871
0.11709,0.092708701,0.088891717,0.096525685,0.0076339682
0.11776,0.092635724,0.0888217,0.096449747,0.0076280468
0.11844,0.09256189,0.088750829,0.096372951,0.0076221222
0.11911,0.092487693,0.088679595,0.096295791,0.0076161961
0.11978,0.092412857,0.088607723,0.096217991,0.0076102673
0.12046,0.092337451,0.088535283,0.096139619,0.0076043356
0.12113,0.092261675,0.088462474,0.096060876,0.0075984023
0.12181,0.092185257,0.088389024,0.09598149,0.0075924661
0.12248,0.092108451,0.088315187,0.095901715,0.0075865273
0.12316,0.092031211,0.088240918,0.095821505,0.007580587
0.12383,0.091953502,0.088166181,0.095740824,0.0075746434
0.12451,0.091875401,0.088091052,0.09565975,0.0075686976
0.12519,0.091796999,0.088015624,0.095578374,0.0075627503
0.12587,0.091718142,0.087939742,0.095496541,0.0075567995
0.12654,0.091638973,0.087863549,0.095414396,0.0075508467
0.12722,0.09155959,0.087787144,0.095332036,0.0075448925
0.12790,0.091479765,0.087710298,0.095249232,0.0075389345
0.12858,0.091399753,0.087633266,0.095166241,0.0075329749
0.12926,0.091319544,0.087556037,0.095083051,0.0075270137
0.12994,0.091239005,0.08747848,0.094999529,0.0075210488
0.13062,0.091158297,0.087400756,0.094915839,0.0075150824
0.13130,0.091077511,0.087322954,0.094832068,0.0075091142
0.13198,0.090996415,0.087244844,0.094747987,0.0075031425
0.13266,0.090915266,0.087166682,0.094663851,0.0074971694
0.13334,0.090834056,0.087088459,0.094579653,0.0074911942
0.13403,0.090752564,0.087009956,0.094495172,0.0074852159
0.13471,0.090671242,0.086931624,0.09441086,0.0074792361
0.13539,0.090589737,0.08685311,0.094326364,0.007473254
0.13607,0.09050821,0.086774575,0.094241844,0.0074672691
0.13676,0.090426762,0.08669612,0.094157403,0.0074612828
0.13744,0.090345198,0.086617551,0.094072844,0.0074552939
0.13813,0.090263807,0.086539156,0.093988458,0.0074493025
0.13881,0.090182386,0.086460731,0.093904041,0.0074433097
0.13950,0.09010114,0.086382483,0.093819797,0.007437314
0.14018,0.090019917,0.086304259,0.093735575,0.0074313162
0.14087,0.089938866,0.086226208,0.093651525,0.007425317
0.14156,0.089858003,0.086148345,0.09356766,0.0074193147
0.14224,0.089777104,0.086070449,0.093483759,0.0074133104
0.14293,0.089696777,0.085993125,0.09340043,0.0074073049
0.14362,0.089616351,0.085915703,0.093316999,0.007401296
0.14431,0.089536248,0.085838605,0.093233891,0.0073952855
0.14500,0.089456582,0.085761945,0.093151218,0.0073892738
0.14569,0.089376768,0.085685138,0.093068397,0.0073832584
0.14638,0.089297746,0.085609125,0.092986367,0.0073772417
0.14707,0.08921882,0.085533209,0.092904432,0.0073712235
0.14776,0.089140226,0.085457625,0.092822827,0.0073652019
0.14845,0.089062113,0.085382524,0.092741703,0.0073591791
0.14914,0.088984184,0.085307607,0.092660761,0.0073531545
0.14983,0.088906961,0.085233397,0.092580524,0.0073471269
0.15052,0.088829919,0.08515937,0.092500468,0.007341098
0.15122,0.088753553,0.085086019,0.092421086,0.0073350672
0.15191,0.088677537,0.08501302,0.092342053,0.0073290336
0.15260,0.088601898,0.084940399,0.092263398,0.0073229987
0.15330,0.088527096,0.084868615,0.092185577,0.0073169617
0.15399,0.088452369,0.084796908,0.09210783,0.0073109221
0.15468,0.088378509,0.084726068,0.092030949,0.0073048814
0.15538,0.08830498,0.084655561,0.091954399,0.0072988382
0.15608,0.088231778,0.084585382,0.091878175,0.0072927929
0.15677,0.088159487,0.084516113,0.09180286,0.0072867463
0.15747,0.088087246,0.084446897,0.091727594,0.0072806971
0.15816,0.088015835,0.084378512,0.091653158,0.007274646
0.15886,0.08794487,0.084310573,0.091579167,0.0072685937
0.15956,0.087874176,0.084242907,0.091505445,0.0072625385
0.16026,0.087804321,0.08417608,0.091432562,0.0072564817
0.16096,0.087734697,0.084109485,0.091359909,0.0072504238
0.16165,0.087665778,0.084043596,0.091287959,0.0072443628
0.16235,0.087597274,0.083978123,0.091216424,0.0072383004
0.16305,0.087529248,0.083913129,0.091145366,0.0072322368
0.16375,0.087461869,0.083848784,0.091074954,0.00722617
0.16445,0.08739473,0.083784679,0.091004781,0.0072201021
0.16515,0.087328492,0.083721476,0.090935509,0.0072140328
0.16586,0.087262488,0.083658508,0.090866468,0.0072079605
0.16656,0.087196962,0.083596019,0.090797906,0.0072018872
0.16726,0.087132287,0.083534381,0.090730193,0.0071958123
0.16796,0.087067671,0.083472804,0.090662539,0.0071897346
0.16867,0.087003976,0.083412148,0.090595803,0.0071836559
0.16937,0.086940669,0.083351881,0.090529457,0.0071775754
0.17007,0.086877655,0.083291909,0.090463402,0.0071714924
0.17078,0.086815599,0.083232895,0.090398303,0.0071654085
0.17148,0.086753676,0.083174015,0.090333337,0.0071593224
0.17219,0.086692505,0.083115888,0.090269122,0.0071532343
0.17289,0.086631871,0.083058298,0.090205443,0.0071471451
0.17360,0.086571488,0.083000961,0.090142015,0.0071410537
0.17431,0.086512025,0.082944545,0.090079505,0.0071349604
0.17501,0.086452828,0.082888395,0.090017261,0.0071288661
0.17572,0.08639427,0.082832886,0.089955655,0.0071227694
0.17643,0.086336254,0.082777918,0.089894589,0.007116671
0.17714,0.086278572,0.082723286,0.089833858,0.0071105717
0.17784,0.086221784,0.082669549,0.089774019,0.0071044697
0.17855,0.086165228,0.082616045,0.089714411,0.0070983664
0.17926,0.086109413,0.082563282,0.089655544,0.0070922622
0.17997,0.086054066,0.082510988,0.089597143,0.007086155
0.18068,0.085998985,0.082458961,0.089539008,0.0070800468
0.18139,0.085945029,0.08240806,0.089481998,0.0070739376
0.18211,0.085891153,0.08235724,0.089425066,0.0070678254
0.18282,0.085837916,0.08230706,0.089368772,0.0070617124
0.18353,0.08578546,0.082257661,0.089313259,0.0070555982
0.18424,0.085733083,0.082208342,0.089257824,0.0070494813
0.18495,0.085681733,0.082160051,0.089203415,0.0070433636
0.18567,0.085630756,0.082112134,0.089149379,0.0070372444
0.18638,0.085580114,0.082064553,0.089095676,0.0070311229
0.18710,0.085530438,0.082017938,0.089042938,0.0070250005
0.18781,0.085480955,0.081971517,0.088990393,0.0070188765
0.18852,0.085432212,0.081925836,0.088938587,0.0070127504
0.18924,0.085384068,0.081880756,0.08888738,0.0070066235
0.18996,0.08533616,0.081835913,0.088836407,0.0070004946
0.19067,0.085289256,0.081792074,0.088786438,0.006994364
0.19139,0.08524266,0.081748544,0.088736776,0.0069882327
0.19211,0.085196633,0.081705583,0.088687682,0.0069820992
0.19282,0.085151286,0.081663304,0.088639268,0.0069759642
0.19354,0.085106251,0.081621337,0.088591165,0.0069698284
0.19426,0.085062112,0.081580267,0.088543957,0.0069636903
0.19498,0.085018336,0.081539561,0.088497112,0.006957551
0.19570,0.084975114,0.081499409,0.08845082,0.0069514109
0.19642,0.084932635,0.081460001,0.08840527,0.0069452683
0.19714,0.084890445,0.081420882,0.088360007,0.0069391247
0.19786,0.084849153,0.081382663,0.088315643,0.0069329804
0.19858,0.084808239,0.081344822,0.088271656,0.0069268334
0.19930,0.084767674,0.081307331,0.088228016,0.0069206857
0.20002,0.084728268,0.081270999,0.088185536,0.0069145371
0.20075,0.08468896,0.081234767,0.088143153,0.0069083859
0.20147,0.084650335,0.081199218,0.088101452,0.0069022341
0.20219,0.084612519,0.081164478,0.088060559,0.0068960812
0.20292,0.084574834,0.081129871,0.088019797,0.0068899261
0.20364,0.084538159,0.081096274,0.087980044,0.0068837703
0.20436,0.084501945,0.081063139,0.087940752,0.0068776132
0.20509,0.084466005,0.081030278,0.087901732,0.0068714541
0.20582,0.08443118,0.080998533,0.087863827,0.0068652944
0.20654,0.084396584,0.080967018,0.087826151,0.0068591332
0.20727,0.084362604,0.080936119,0.087789089,0.0068529703
0.20799,0.084329436,0.080906033,0.08775284,0.0068468068
0.20872,0.084296473,0.080876152,0.087716794,0.0068406416
0.20945,0.084264459,0.080847222,0.087681697,0.0068344749
0.21018,0.084232964,0.08081881,0.087647117,0.0068283077
0.21091,0.084201777,0.080790708,0.087612846,0.0068221385
0.21163,0.084171608,0.080763624,0.087579592,0.0068159682
0.21236,0.084141799,0.0807369,0.087546697,0.0068097973
0.21309,0.08411256,0.080710748,0.087514372,0.0068036243
0.21382,0.084084086,0.080685361,0.087482811,0.0067974504
0.21455,0.084055977,0.080660339,0.087451615,0.006791276
0.21529,0.084028694,0.080636144,0.087421244,0.0067850992
0.21602,0.08400193,0.080612469,0.087391391,0.0067789218
0.21675,0.083975629,0.080589257,0.087362001,0.0067727439
0.21748,0.083950215,0.080566934,0.087333497,0.0067665635
0.21821,0.083925176,0.080544984,0.087305367,0.0067603827
0.21895,0.083900841,0.08052374,0.087277942,0.0067542012
0.21968,0.083877161,0.080503152,0.087251169,0.0067480175
0.22042,0.08385386,0.080482943,0.087224777,0.0067418333
0.22115,0.083831498,0.080463674,0.087199322,0.0067356482
0.22189,0.083809566,0.080444835,0.087174296,0.0067294613
0.22262,0.083788029,0.080426392,0.087149666,0.0067232739
0.22336,0.083767637,0.080409094,0.087126179,0.0067170854
0.22409,0.083747467,0.080392019,0.087102914,0.0067108953
0.22483,0.083727944,0.080375591,0.087080296,0.0067047047
0.22557,0.083709293,0.080360036,0.087058549,0.0066985129
0.22631,0.0836909,0.08034474,0.087037059,0.0066923197
0.22704,0.083673397,0.080330334,0.08701646,0.0066861261
0.22778,0.083656502,0.080316536,0.086996467,0.006679931
0.22852,0.0836399,0.080303033,0.086976768,0.0066737348
0.22926,0.083624426,0.080290656,0.086958195,0.0066675382
0.23000,0.0836093,0.08027863,0.08693997,0.00666134
0.23074,0.083594594,0.080267024,0.086922165,0.0066551409
0.23148,0.083581065,0.080256594,0.086905536,0.0066489414
0.23222,0.083567724,0.080246354,0.086889094,0.0066427401
0.23297,0.083555055,0.080236786,0.086873325,0.0066365382
0.23371,0.08354335,0.080228182,0.086858518,0.0066303359
0.23445,0.083531809,0.080219743,0.086843874,0.0066241316
0.23519,0.083521184,0.080212221,0.086830148,0.006617927
0.23594,0.083511302,0.080205441,0.086817163,0.0066117219
0.23668,0.08350159,0.080198832,0.086804347,0.0066055148
0.23743,0.083493017,0.080193363,0.086792671,0.0065993075
0.23817,0.083484957,0.080188407,0.086781507,0.0065930996
0.23892,0.083477162,0.080183717,0.086770607,0.00658689
0.23966,0.083470588,0.080180248,0.086760928,0.0065806801
0.24041,0.083464365,0.08017713,0.0867516,0.0065744695
0.24115,0.083458631,0.080174503,0.08674276,0.0065682573
0.24190,0.083453934,0.080172911,0.086734956,0.006562045
0.24265,0.083449562,0.080171646,0.086727478,0.0065558317
0.24340,0.083445896,0.080171087,0.086720704,0.0065496171
0.24415,0.083443089,0.080171388,0.08671479,0.0065434024
0.24489,0.083440583,0.08017199,0.086709176,0.0065371866
0.24564,0.083438991,0.080173506,0.086704476,0.0065309697
0.24639,0.08343809,0.080175714,0.086700466,0.0065247527
0.24714,0.083437464,0.080178197,0.086696731,0.0065185344
0.24789,0.083437952,0.080181794,0.08669411,0.0065123153
0.24865,0.083438971,0.080185923,0.086692019,0.006506096
0.24940,0.083440316,0.080190378,0.086690253,0.0064998753
0.25015,0.083442814,0.080195987,0.086689642,0.0064936541
0.25090,0.083445768,0.080202051,0.086689484,0.0064874328
0.25165,0.083449171,0.080208566,0.086689776,0.0064812098
0.25241,0.083453613,0.08021612,0.086691107,0.0064749865
0.25316,0.083458515,0.080224134,0.086692897,0.0064687632
0.25392,0.083463984,0.080232715,0.086695253,0.006462538
0.25467,0.083470384,0.080242227,0.08669854,0.0064563128
0.25543,0.083477222,0.080252179,0.086702266,0.0064500873
0.25618,0.083484789,0.080262859,0.086706719,0.0064438602
0.25694,0.08349316,0.080274344,0.086711977,0.0064376331
0.25770,0.083501945,0.080286243,0.086717648,0.0064314056
0.25845,0.083511621,0.080299032,0.086724209,0.0064251767
0.25921,0.083521978,0.080312504,0.086731452,0.0064189478
0.25997,0.083532724,0.080326365,0.086739083,0.0064127183
0.26073,0.083544514,0.08034127,0.086747758,0.0064064877
0.26149,0.083556873,0.080356744,0.086757001,0.0064002571
0.26224,0.083569617,0.080372604,0.08676663,0.0063940258
0.26300,0.083583504,0.080389608,0.086777401,0.0063877936
0.26376,0.083597878,0.080407097,0.086788658,0.0063815614
0.26453,0.083612714,0.08042505,0.086800378,0.0063753283
0.26529,0.083628626,0.080444078,0.086813173,0.0063690945
0.26605,0.083645028,0.080463598,0.086826459,0.0063628608
0.26681,0.083661963,0.08048365,0.086840276,0.006356626
0.26757,0.083679913,0.080504717,0.086855108,0.0063503908
0.26834,0.083698359,0.080526281,0.086870437,0.0063441557
0.26910,0.083717399,0.080548439,0.086886358,0.0063379193
0.26986,0.0837374,0.080571559,0.086903242,0.0063316827
0.27063,0.083757904,0.080595181,0.086920627,0.0063254463
0.27139,0.083779054,0.08061945,0.086938658,0.0063192084
0.27216,0.083801123,0.080644637,0.086957608,0.0063129706
0.27292,0.083823693,0.080670327,0.08697706,0.0063067328
0.27369,0.083846965,0.080696718,0.086997211,0.0063004936
0.27446,0.083871114,0.080723987,0.087018241,0.0062942546
0.27522,0.08389574,0.080751732,0.087039747,0.0062880155
0.27599,0.083921164,0.080780277,0.087062052,0.0062817752
0.27676,0.083947409,0.080809641,0.087085176,0.0062755351
0.27753,0.083974103,0.080839456,0.087108751,0.0062692948
0.27830,0.084001687,0.08087016,0.087133214,0.0062630534
0.27907,0.084030041,0.080901635,0.087158447,0.0062568123
0.27984,0.084058819,0.080933533,0.087184104,0.0062505708
0.28061,0.084088567,0.080966403,0.087210732,0.0062443285
0.28138,0.084119044,0.081000001,0.087238088,0.0062380865
0.28215,0.08414992,0.081033998,0.087265842,0.006231844
0.28292,0.084181839,0.081069038,0.087294639,0.0062256008
0.28369,0.084214454,0.081104775,0.087324133,0.006219358
0.28447,0.084247441,0.081140884,0.087353998,0.0062131145
0.28524,0.084281536,0.0811781,0.087384971,0.0062068706
0.28601,0.084316302,0.081215989,0.087416616,0.0062006271
0.28679,0.084351415,0.081254224,0.087448606,0.0061943827
0.28756,0.084387691,0.081293622,0.08748176,0.0061881381
0.28834,0.084424624,0.081333677,0.087515571,0.0061818939
0.28911,0.084461877,0.081374052,0.087549701,0.0061756487
0.28989,0.08450034,0.081415638,0.087585042,0.0061694036
0.29067,0.084539453,0.081457874,0.087621032,0.0061631589
0.29144,0.084578859,0.081500403,0.087657316,0.006156913
0.29222,0.084619515,0.081544181,0.087694849,0.0061506674
0.29300,0.084660807,0.081588596,0.087733018,0.0061444221
0.29378,0.084702397,0.081633309,0.087771485,0.0061381758
0.29455,0.08474525,0.081679285,0.087811215,0.0061319298
0.29533,0.084788718,0.081725877,0.08785156,0.006125684
0.29611,0.084832522,0.081772804,0.087892241,0.0061194373
0.29689,0.084877578,0.081820983,0.087934174,0.006113191
0.29767,0.084923238,0.081869765,0.08797671,0.0061069447
0.29846,0.084969269,0.08191892,0.088019618,0.0061006978
0.29924,0.085016534,0.081969308,0.088063759,0.0060944513
0.30002,0.085064398,0.082020295,0.0881085,0.0060882046
0.30080,0.085112671,0.082071692,0.08815365,0.0060819575
0.30158,0.085162149,0.082124293,0.088200004,0.0060757109
0.30237,0.085212232,0.0821775,0.088246964,0.006069464
0.30315,0.085262761,0.082231152,0.088294369,0.0060632169
0.30394,0.085314457,0.082285972,0.088342942,0.0060569703
0.30472,0.085366773,0.082341411,0.088392134,0.0060507232
0.30551,0.085419572,0.082397334,0.08844181,0.0060444761
0.30629,0.085473492,0.082454377,0.088492606,0.0060382295
0.30708,0.085528054,0.082512063,0.088544045,0.0060319824
0.30787,0.085583137,0.082570269,0.088596004,0.0060257354
0.30865,0.085639285,0.082629541,0.08864903,0.006019489
0.30944,0.085696108,0.082689487,0.088702729,0.0060132419
0.31023,0.085753489,0.082749991,0.088756986,0.0060069951
0.31102,0.085811871,0.082811496,0.088812245,0.006000749
0.31181,0.085870968,0.082873717,0.088868219,0.0059945019
0.31260,0.085930661,0.082936533,0.088924789,0.0059882555
0.31339,0.085991255,0.08300025,0.08898226,0.0059820095
0.31418,0.086052667,0.083064786,0.089040548,0.0059757629
0.31497,0.086114686,0.083129927,0.089099444,0.0059695168
0.31576,0.086177491,0.083195855,0.089159126,0.0059632711
0.31655,0.086241237,0.083262725,0.08921975,0.0059570249
0.31735,0.086305595,0.083330206,0.089280985,0.0059507793
0.31814,0.086370616,0.083398349,0.089342883,0.005944534
0.31893,0.086436711,0.083467567,0.089405855,0.0059382883
0.31973,0.086503423,0.083537401,0.089469445,0.0059320433
0.32052,0.086570664,0.083607765,0.089533563,0.0059257984
0.32131,0.086639121,0.083679344,0.089598898,0.0059195534
0.32211,0.086708201,0.083751546,0.089664855,0.0059133091
0.32291,0.086777751,0.083824218,0.089731283,0.0059070648
0.32370,0.086848499,0.083898089,0.08979891,0.0059008205
0.32450,0.08691996,0.083972672,0.089867249,0.0058945769
0.32530,0.086991865,0.084047699,0.089936032,0.0058883332
0.32609,0.087064878,0.084123833,0.090005923,0.0058820897
0.32689,0.087138731,0.084200807,0.090076654,0.0058758471
0.32769,0.087212994,0.084278192,0.090147796,0.005869604
0.32849,0.087288251,0.08435657,0.090219932,0.0058633615
0.32929,0.087364467,0.084435907,0.090293026,0.0058571198
0.33009,0.08744105,0.084515611,0.090366489,0.0058508776
0.33089,0.0875185,0.084596182,0.090440818,0.0058446361
0.33169,0.087597028,0.08467783,0.090516225,0.0058383953
0.33249,0.087675889,0.084759812,0.090591966,0.0058321541
0.33330,0.087755481,0.084842524,0.090668438,0.0058259136
0.33410,0.087836246,0.08492641,0.090746083,0.0058196739
0.33490,0.087917367,0.08501065,0.090824084,0.0058134338
0.33571,0.087999085,0.085095487,0.090902682,0.0058071945
0.33651,0.088082006,0.085181528,0.090982484,0.0058009558
0.33731,0.088165338,0.085267979,0.091062696,0.005794717
0.33812,0.088249256,0.085355017,0.091143496,0.005788479
0.33892,0.088334162,0.085443041,0.091225282,0.0057822415
0.33973,0.088419658,0.085531656,0.09130766,0.005776004
0.34054,0.08850573,0.085620846,0.091390613,0.0057697674
0.34134,0.088592569,0.085710803,0.091474335,0.0057635311
0.34215,0.088680183,0.085801535,0.09155883,0.005757295
0.34296,0.08876836,0.08589283,0.09164389,0.0057510599
0.34377,0.088857083,0.085984671,0.091729496,0.0057448249
0.34458,0.088946767,0.086077472,0.091816062,0.0057385903
0.34539,0.089037003,0.086170825,0.091903182,0.0057323568
0.34620,0.089127593,0.086264531,0.091990654,0.0057261232
0.34701,0.089219267,0.086359322,0.092079212,0.0057198903
0.34782,0.089311514,0.086454685,0.092168343,0.0057136583
0.34863,0.08940407,0.086550357,0.092257783,0.0057074263
0.34944,0.089497537,0.086646939,0.092348134,0.0057011951
0.35025,0.089591747,0.086744265,0.09243923,0.0056949649
0.35107,0.089686223,0.086841855,0.09253059,0.0056887345
0.35188,0.089781433,0.08694018,0.092622685,0.005682505
0.35269,0.089877544,0.087039406,0.092715682,0.0056762766
0.35351,0.089973905,0.087138881,0.092808929,0.005670048
0.35432,0.09007081,0.0872389,0.09290272,0.0056638204
0.35514,0.090168757,0.08733996,0.092997554,0.0056575937
0.35595,0.090266974,0.08744129,0.093092657,0.005651367
0.35677,0.090365695,0.087543124,0.093188266,0.0056451414
0.35759,0.090465259,0.0876458,0.093284717,0.0056389166
0.35840,0.090565283,0.087748937,0.093381629,0.0056326919
0.35922,0.0906658,0.087852566,0.093479034,0.0056264684
0.36004,0.090766905,0.087956782,0.093577028,0.0056202455
0.36086,0.090868689,0.088061678,0.093675701,0.005614023
0.36168,0.090970954,0.088167053,0.093774854,0.0056078016
0.36250,0.091073552,0.088272761,0.093874342,0.0056015808
0.36332,0.091177047,0.088379367,0.093974728,0.0055953605
0.36414,0.091281011,0.08848644,0.094075581,0.0055891413
0.36496,0.091385263,0.088593801,0.094176724,0.0055829226
0.36578,0.091490213,0.088701861,0.094278565,0.0055767046
0.36660,0.091595827,0.088810583,0.094381071,0.0055704878
0.36742,0.091701684,0.088919549,0.09448382,0.0055642713
0.36825,0.091808042,0.089029014,0.094587069,0.0055580557
0.36907,0.091915258,0.089139337,0.094691179,0.0055518413
0.36990,0.092022672,0.089249859,0.094795486,0.0055456271
0.37072,0.092130488,0.089360781,0.094900195,0.005539414
0.37155,0.092239159,0.089472558,0.09500576,0.0055332021
0.37237,0.092348082,0.089584587,0.095111577,0.0055269903
0.37320,0.092457426,0.089697036,0.095217816,0.0055207797
0.37402,0.092567361,0.089810076,0.095324646,0.0055145703
0.37485,0.092677769,0.089923589,0.09543195,0.0055083611
0.37568,0.092788593,0.090037516,0.095539669,0.0055021532
0.37651,0.092899772,0.090151798,0.095647745,0.0054959464
0.37734,0.09301159,0.09026672,0.09575646,0.0054897399
0.37816,0.093123844,0.090382076,0.095865611,0.0054835348
0.37899,0.093236408,0.090497743,0.095975073,0.0054773306
0.37982,0.093349399,0.090613836,0.096084963,0.0054711269
0.38065,0.093463035,0.090730573,0.096195498,0.0054649246
0.38149,0.093576935,0.090847574,0.096306297,0.0054587231
0.38232,0.093691062,0.090964801,0.096417323,0.0054525224
0.38315,0.093806023,0.091082861,0.096529184,0.005446323
0.38398,0.09392121,0.091201148,0.096641272,0.0054401243
0.38482,0.094036643,0.09131968,0.096753607,0.0054339266
0.38565,0.094152662,0.091438797,0.096866527,0.0054277302
0.38648,0.094269088,0.09155832,0.096979855,0.0054215345
0.38732,0.094385778,0.091678108,0.097093448,0.0054153398
0.38815,0.094502828,0.091798255,0.097207401,0.0054091465
0.38899,0.094620424,0.091918947,0.097321901,0.0054029538
0.38982,0.094738323,0.092039942,0.097436705,0.0053967622
0.39066,0.094856568,0.092161282,0.097551854,0.0053905721
0.39150,0.094975076,0.092282885,0.097667268,0.0053843825
0.39234,0.095094135,0.092405038,0.097783232,0.0053781942
0.39317,0.095213521,0.092527518,0.097899525,0.0053720074
0.39401,0.095332957,0.092650047,0.098015868,0.0053658209
0.39485,0.095453068,0.09277325,0.098132886,0.005359636
0.39569,0.095573519,0.092896792,0.098250245,0.0053534524
0.39653,0.095694037,0.093020402,0.098367672,0.0053472693
0.39737,0.095814981,0.093144437,0.098485525,0.0053410878
0.39821,0.095936445,0.093268991,0.098603899,0.0053349075
0.39906,0.096057997,0.093393633,0.098722361,0.005328728
0.39990,0.09617985,0.093518575,0.098841125,0.00532255
0.40074,0.096302158,0.093643971,0.098960345,0.0053163731
0.40158,0.096424693,0.093769595,0.099079792,0.0053101971
0.40243,0.096547516,0.093895505,0.099199528,0.0053040227
0.40327,0.096670513,0.094021589,0.099319438,0.0052978493
0.40412,0.096793983,0.094148144,0.099439821,0.005291677
0.40496,0.096917726,0.094274973,0.09956048,0.0052855063
0.40581,0.097041574,0.094401905,0.099681242,0.0052793365
0.40665,0.097165723,0.094529139,0.099802307,0.0052731679
0.40750,0.097290337,0.094656836,0.099923837,0.005267001
0.40835,0.097415008,0.09478459,0.10004543,0.0052608349
0.40919,0.09753985,0.094912515,0.10016719,0.0052546702
0.41004,0.097665205,0.095040951,0.10028946,0.005248507
0.41089,0.09779065,0.095169477,0.10041182,0.0052423447
0.41174,0.097916285,0.095298193,0.10053438,0.0052361839
0.41259,0.098042187,0.095427175,0.1006572,0.0052300247
0.41344,0.098168356,0.095556423,0.10078029,0.0052238663
0.41429,0.098294735,0.09568588,0.10090359,0.0052177095
0.41514,0.098421326,0.095815548,0.1010271,0.0052115543
0.41600,0.098547985,0.095945285,0.10115069,0.0052053998
0.41685,0.098675057,0.096075434,0.10127468,0.0051992471
0.41770,0.098802294,0.096205746,0.10139884,0.0051930959
0.41855,0.0989295,0.096336028,0.10152297,0.0051869456
0.41941,0.099057109,0.09646671,0.10164751,0.005180797
0.42026,0.099184942,0.096597617,0.10177227,0.0051746499
0.42112,0.099312763,0.096728511,0.10189702,0.0051685039
0.42197,0.099440778,0.096859598,0.10202196,0.0051623595
0.42283,0.099569127,0.096991018,0.10214724,0.0051562166
0.42369,0.099697513,0.097122476,0.10227255,0.0051500749
0.42454,0.099826078,0.097254111,0.10239805,0.0051439349
0.42540,0.099954707,0.097385809,0.10252361,0.0051377962
0.42626,0.10008361,0.097517779,0.10264944,0.0051316589
0.42712,0.10021267,0.097649912,0.10277544,0.0051255234
0.42798,0.10034172,0.097782027,0.10290142,0.005119389
0.42884,0.10047091,0.097914279,0.10302753,0.0051132562
0.42970,0.10060042,0.09804686,0.10315399,0.0051071252
0.43056,0.10072987,0.098179375,0.10328037,0.0051009953
0.43142,0.10085939,0.09831196,0.10340683,0.005094867
0.43228,0.10098918,0.098444812,0.10353355,0.0050887406
0.43314,0.10111899,0.098577677,0.10366029,0.0050826152
0.43400,0.10124888,0.098710631,0.10378712,0.0050764916
0.43487,0.1013789,0.098843711,0.10391408,0.0050703698
0.43573,0.10150892,0.098976792,0.10404104,0.0050642491
0.43660,0.10163913,0.099110064,0.10416819,0.0050581302
0.43746,0.10176943,0.099243423,0.10429544,0.0050520131
0.43833,0.10189958,0.099376629,0.10442253,0.0050458972
0.43919,0.10203001,0.099510118,0.1045499,0.0050397831
0.44006,0.10216053,0.099643697,0.10467737,0.0050336708
0.44092,0.10229092,0.099777142,0.1048047,0.0050275597
0.44179,0.1024214,0.099910678,0.10493213,0.0050214505
0.44266,0.10255207,0.1000444,0.10505974,0.005015343
0.44353,0.10268265,0.10017803,0.10518727,0.0050092369
0.44440,0.10281331,0.10031174,0.10531488,0.0050031328
0.44527,0.10294392,0.1004454,0.10544243,0.0049970302
0.44614,0.10307463,0.10057916,0.10557009,0.0049909291
0.44701,0.10320541,0.100713,0.10569783,0.00498483
0.44788,0.1033361,0.10084673,0.10582546,0.0049787324
0.44875,0.10346671,0.10098039,0.10595303,0.0049726365
0.44962,0.10359757,0.10111429,0.10608084,0.0049665425
0.45049,0.10372828,0.10124805,0.1062085,0.0049604501
0.45137,0.10385893,0.10138176,0.10633611,0.0049543593
0.45224,0.10398964,0.1015155,0.10646377,0.0049482706
0.45312,0.10412032,0.10164923,0.10659141,0.0049421833
0.45399,0.10425098,0.10178293,0.10671902,0.0049360979
0.45487,0.10438165,0.10191664,0.10684666,0.0049300145
0.45574,0.10451209,0.10205013,0.10697406,0.0049239324
0.45662,0.10464269,0.10218376,0.10710161,0.0049178523
0.45749,0.10477329,0.1023174,0.10722918,0.0049117743
0.45837,0.10490361,0.10245076,0.10735646,0.0049056976
0.45925,0.10503394,0.10258413,0.10748375,0.004899623
0.46013,0.10516438,0.10271761,0.10761116,0.0048935504
0.46101,0.10529457,0.10285083,0.10773831,0.0048874792
0.46189,0.10542474,0.10298404,0.10786545,0.0048814101
0.46277,0.10555483,0.10311716,0.1079925,0.004875343
0.46365,0.10568482,0.10325018,0.10811945,0.0048692774
0.46453,0.10581479,0.10338318,0.10824639,0.0048632139
0.46541,0.10594463,0.10351605,0.1083732,0.0048571523
0.46629,0.10607425,0.1036487,0.10849979,0.0048510924
0.46717,0.10620394,0.10378142,0.10862645,0.0048450347
0.46806,0.10633347,0.10391398,0.10875296,0.0048389787
0.46894,0.10646281,0.10404635,0.10887927,0.0048329245
0.46983,0.10659209,0.10417865,0.10900553,0.0048268725
0.47071,0.10672123,0.10431082,0.10913164,0.0048208223
0.47160,0.10685023,0.10444285,0.10925762,0.004814774
0.47248,0.10697917,0.1045748,0.10938353,0.0048087278
0.47337,0.10710783,0.10470648,0.10950917,0.0048026834
0.47425,0.10723638,0.10483806,0.1096347,0.004796641
0.47514,0.10736492,0.10496962,0.10976022,0.0047906008
0.47603,0.10749313,0.10510084,0.10988541,0.0047845623
0.47692,0.10762119,0.10523193,0.11001046,0.0047785258
0.47781,0.1077492,0.10536295,0.11013545,0.0047724916
0.47870,0.10787691,0.10549368,0.11026014,0.0047664591
0.47959,0.1080045,0.10562428,0.11038471,0.0047604287
0.48048,0.10813196,0.10575476,0.11050916,0.0047544006
0.48137,0.10825904,0.10588485,0.11063323,0.0047483741
0.48226,0.1083861,0.10601492,0.11075727,0.0047423499
0.48315,0.10851298,0.10614481,0.11088114,0.0047363278
0.48405,0.10863949,0.10627434,0.11100464,0.0047303076
0.48494,0.10876587,0.10640373,0.11112801,0.0047242896
0.48583,0.1088921,0.10653297,0.11125124,0.0047182737
0.48673,0.109018,0.10666187,0.11137413,0.0047122597
0.48762,0.10914375,0.10679063,0.11149687,0.004706248
0.48852,0.10926924,0.10691912,0.11161936,0.0047002384
0.48941,0.10939443,0.10704732,0.11174155,0.0046942308
0.49031,0.1095195,0.10717539,0.11186361,0.0046882255
0.49121,0.10964426,0.10730315,0.11198537,0.0046822222
0.49211,0.1097687,0.10743059,0.11210681,0.004676221
0.49300,0.10989298,0.10755787,0.11222809,0.0046702222
0.49390,0.11001696,0.10768485,0.11234907,0.0046642253
0.49480,0.11014064,0.10781153,0.11246976,0.0046582306
0.49570,0.11026413,0.10793802,0.11259025,0.0046522383
0.49660,0.11038722,0.1080641,0.11271034,0.004646248
0.49750,0.11051008,0.10818995,0.11283021,0.0046402598
0.49840,0.11063274,0.1083156,0.11294988,0.0046342741
0.49931,0.11075495,0.1084408,0.11306909,0.0046282904
0.50021,0.1108769,0.10856575,0.11318805,0.0046223089
0.50111,0.11099865,0.10869049,0.11330682,0.0046163299
0.50202,0.11111993,0.10881475,0.11342511,0.0046103528
0.50292,0.11124097,0.10893878,0.11354316,0.0046043781
0.50382,0.11136176,0.10906255,0.11366096,0.0045984058
0.50473,0.11148204,0.10918582,0.11377826,0.0045924354
0.50564,0.11160212,0.10930888,0.11389535,0.0045864676
0.50654,0.11172189,0.10943164,0.11401214,0.004580502
0.50745,0.11184118,0.10955391,0.11412845,0.0045745386
0.50836,0.11196021,0.10967592,0.1142445,0.0045685776
0.50926,0.11207891,0.1097976,0.11436022,0.0045626189
0.51017,0.11219715,0.10991882,0.11447548,0.0045566624
0.51108,0.11231512,0.11003977,0.11459048,0.0045507083
0.51199,0.1124327,0.11016032,0.11470508,0.0045447566
0.51290,0.11254983,0.11028042,0.11481923,0.0045388071
0.51381,0.11266669,0.11040026,0.11493312,0.0045328601
0.51472,0.1127831,0.11051964,0.11504656,0.0045269153
0.51564,0.11289908,0.1106386,0.11515957,0.0045209729
0.51655,0.11301477,0.11075725,0.11527229,0.004515033
0.51746,0.11312996,0.11087542,0.11538451,0.0045090954
0.51837,0.11324476,0.11099318,0.11549634,0.0045031601
0.51929,0.11335923,0.11111062,0.11560785,0.0044972275
0.52020,0.11347316,0.11122751,0.11571881,0.004491297
0.52112,0.11358671,0.11134402,0.11582939,0.0044853689
0.52203,0.11369992,0.1114602,0.11593964,0.0044794435
0.52295,0.11381254,0.11157578,0.1160493,0.0044735203
0.52387,0.11392479,0.11169099,0.11615859,0.0044675996
0.52478,0.1140367,0.11180586,0.11626754,0.0044616814
0.52570,0.11414797,0.11192009,0.11637585,0.0044557655
0.52662,0.11425888,0.11203395,0.1164838,0.0044498522
0.52754,0.11436939,0.11214742,0.11659136,0.0044439414
0.52846,0.11447928,0.11226027,0.1166983,0.0044380329
0.52938,0.11458881,0.11237274,0.11680487,0.0044321271
0.53030,0.11469789,0.11248478,0.116911,0.0044262237
0.53122,0.11480635,0.11259619,0.11701651,0.0044203227
0.53214,0.11491442,0.11270721,0.11712163,0.0044144244
0.53306,0.115022,0.11281774,0.11722627,0.0044085286
0.53399,0.115129,0.11292768,0.11733032,0.0044026352
0.53491,0.11523558,0.11303721,0.11743395,0.0043967444
0.53583,0.1153416,0.11314618,0.11753703,0.0043908562
0.53676,0.11544706,0.11325457,0.11763954,0.0043849704
0.53768,0.11555209,0.11336255,0.11774163,0.0043790873
0.53861,0.11565653,0.11346993,0.11784313,0.0043732067
0.53954,0.1157604,0.11357674,0.11794406,0.0043673287
0.54046,0.11586382,0.11368309,0.11804454,0.0043614533
0.54139,0.11596659,0.1137888,0.11814438,0.0043555805
0.54232,0.11606882,0.11389397,0.11824368,0.0043497102
0.54325,0.11617061,0.11399868,0.11834253,0.0043438427
0.54418,0.11627167,0.11410268,0.11844065,0.0043379776
0.54511,0.11637219,0.11420613,0.11853825,0.0043321152
0.54604,0.11647225,0.11430912,0.11863537,0.0043262556
0.54697,0.11657155,0.11441136,0.11873175,0.0043203983
0.54790,0.11667036,0.11451309,0.11882764,0.0043145439
0.54883,0.11676864,0.11461429,0.11892298,0.0043086921
0.54976,0.11686612,0.1147147,0.11901754,0.0043028429
0.55069,0.11696311,0.11481461,0.11911161,0.0042969964
0.55163,0.11705955,0.11491397,0.11920512,0.0042911527
0.55256,0.11715523,0.11501258,0.11929789,0.0042853115
0.55350,0.11725036,0.11511062,0.1193901,0.004279473
0.55443,0.11734487,0.11520805,0.11948169,0.0042736374
0.55537,0.11743864,0.11530473,0.11957254,0.0042678043
0.55630,0.11753188,0.11540089,0.11966286,0.004261974
0.55724,0.11762446,0.11549639,0.11975254,0.0042561464
0.55818,0.11771629,0.11559113,0.11984145,0.0042503215
0.55912,0.11780754,0.11568529,0.11992979,0.0042444994
0.56005,0.11789809,0.11577875,0.12001743,0.00423868
0.56099,0.11798793,0.1158715,0.12010436,0.0042328634
0.56193,0.11807721,0.11596368,0.12019073,0.0042270496
0.56287,0.1181657,0.11605508,0.12027632,0.0042212384
0.56381,0.11825346,0.11614574,0.12036117,0.0042154301
0.56476,0.11834063,0.11623582,0.12044545,0.0042096246
0.56570,0.11842701,0.1163251,0.12052892,0.0042038218
0.56664,0.11851271,0.1164137,0.12061172,0.0041980219
0.56758,0.1185978,0.11650168,0.12069391,0.0041922248
0.56853,0.11868196,0.11658874,0.12077518,0.0041864304
0.56947,0.11876547,0.11667515,0.12085579,0.0041806389
0.57042,0.11884836,0.11676094,0.12093579,0.0041748503
0.57136,0.11893035,0.11684582,0.12101488,0.0041690643
0.57231,0.1190117,0.11693006,0.12109334,0.0041632813
0.57325,0.11909231,0.11701356,0.12117106,0.0041575012
0.57420,0.119172,0.11709613,0.12124786,0.0041517238
0.57515,0.11925104,0.11717807,0.12132402,0.0041459494
0.57610,0.11932938,0.11725929,0.12139947,0.0041401779
0.57704,0.11940683,0.11733962,0.12147403,0.0041344091
0.57799,0.11948355,0.11741923,0.12154787,0.0041286434
0.57894,0.11955947,0.11749803,0.12162092,0.0041228805
0.57989,0.11963452,0.11757596,0.12169308,0.0041171204
0.58085,0.11970889,0.11765321,0.12176457,0.0041113633
0.58180,0.11978245,0.11772965,0.12183526,0.0041056092
0.58275,0.11985513,0.1178052,0.12190506,0.0040998579
0.58370,0.11992703,0.11787997,0.12197408,0.0040941095
0.58466,0.11999806,0.11795388,0.12204224,0.0040883641
0.58561,0.12006825,0.11802694,0.12210956,0.0040826216
0.58656,0.12013773,0.11809929,0.12217617,0.0040768822
0.58752,0.1202063,0.11817073,0.12224187,0.0040711456
0.58847,0.12027396,0.11824125,0.12230667,0.004065412
0.58943,0.12034085,0.11831101,0.12237069,0.0040596814
0.59039,0.12040678,0.1183798,0.12243376,0.0040539537
0.59135,0.1204719,0.11844779,0.12249602,0.0040482291
0.59230,0.12053627,0.11851502,0.12255753,0.0040425075
0.59326,0.12059962,0.11858123,0.12261802,0.0040367888
0.59422,0.12066206,0.11864653,0.1226776,0.0040310731
0.59518,0.12072374,0.11871106,0.12273642,0.0040253605
0.59614,0.12078435,0.11877452,0.12279417,0.0040196508
0.59710,0.12084418,0.11883721,0.12285115,0.0040139442
0.59806,0.1209032,0.11889908,0.12290732,0.0040082407
0.59902,0.12096111,0.11895984,0.12296238,0.0040025401
0.59999,0.12101816,0.11901974,0.12301658,0.0039968427
0.60095,0.12107433,0.11907876,0.12306991,0.0039911483
0.60191,0.12112947,0.11913675,0.1231222,0.0039854569
0.60288,0.12118381,0.11919392,0.12317369,0.0039797686
0.60384,0.12123722,0.11925018,0.12322426,0.0039740834
0.60481,0.12128953,0.11930533,0.12327373,0.0039684013
0.60577,0.12134096,0.1193596,0.12332232,0.0039627222
0.60674,0.12139142,0.11941289,0.12336994,0.0039570463
0.60771,0.12144087,0.11946519,0.12341656,0.0039513734
0.60868,0.12148949,0.11951664,0.12346234,0.0039457037
0.60964,0.12153708,0.11956706,0.1235071,0.0039400371
0.61061,0.12158358,0.11961639,0.12355076,0.0039343735
0.61158,0.12162918,0.11966482,0.12359353,0.0039287132
0.61255,0.1216737,0.11971218,0.12363523,0.0039230559
0.61352,0.12171726,0.11975856,0.12367596,0.0039174018
0.61450,0.12175994,0.11980407,0.12371582,0.0039117509
0.61547,0.1218015,0.11984844,0.12375455,0.0039061031
0.61644,0.12184198,0.11989175,0.12379221,0.0039004584
0.61741,0.12188154,0.11993413,0.12382894,0.003894817
0.61839,0.12191991,0.11997532,0.1238645,0.0038891787
0.61936,0.12195736,0.12001558,0.12389913,0.0038835436
0.62034,0.12199387,0.12005492,0.12393283,0.0038779117
0.62131,0.12202918,0.12009304,0.12396532,0.0038722829
0.62229,0.12206346,0.12013013,0.12399678,0.0038666574
0.62326,0.1220967,0.12016618,0.12402722,0.0038610351
0.62424,0.12212876,0.12020105,0.12405647,0.003855416
0.62522,0.12215987,0.12023497,0.12408477,0.0038498001
0.62620,0.12218995,0.12026785,0.12411204,0.0038441874
0.62718,0.12221885,0.12029957,0.12413814,0.003838578
0.62816,0.12224672,0.12033023,0.1241632,0.0038329718
0.62914,0.12227341,0.12035973,0.1241871,0.0038273689
0.63012,0.12229896,0.12038807,0.12420984,0.0038217692
0.63110,0.12232352,0.12041543,0.1242316,0.0038161727
0.63208,0.12234694,0.12044165,0.12425223,0.0038105796
0.63306,0.12236923,0.12046673,0.12427172,0.0038049896
0.63404,0.12239048,0.12049078,0.12429019,0.003799403
0.63503,0.12241042,0.12051351,0.12430733,0.0037938197
0.63601,0.12242923,0.12053511,0.12432335,0.0037882396
0.63700,0.12244702,0.12055569,0.12433835,0.0037826629
0.63798,0.12246357,0.12057503,0.12435212,0.0037770894
0.63897,0.12247902,0.12059326,0.12436478,0.0037715193
0.63996,0.12249343,0.12061046,0.12437641,0.0037659524
0.64094,0.12250643,0.12062624,0.12438663,0.0037603889
0.64193,0.12251829,0.12064088,0.12439571,0.0037548287
0.64292,0.1225291,0.12065446,0.12440373,0.0037492719
0.64391,0.12253856,0.1206667,0.12441042,0.0037437183
0.64490,0.12254695,0.12067787,0.12441604,0.0037381682
0.64589,0.12255425,0.12068794,0.12442056,0.0037326213
0.64688,0.12256018,0.12069664,0.12442372,0.0037270779
0.64787,0.12256487,0.1207041,0.12442564,0.0037215377
0.64886,0.12256842,0.12071042,0.12442642,0.003716001
0.64985,0.12257063,0.1207154,0.12442586,0.0037104676
0.65085,0.12257175,0.12071928,0.12442421,0.0037049376
0.65184,0.12257166,0.12072196,0.12442137,0.003699411
0.65284,0.12257027,0.12072332,0.12441721,0.0036938878
0.65383,0.12256769,0.1207235,0.12441187,0.003688368
0.65483,0.12256375,0.12072232,0.12440517,0.0036828516
0.65582,0.1225585,0.12071983,0.12439717,0.0036773386
0.65682,0.12255212,0.12071621,0.12438804,0.003671829
0.65782,0.12254445,0.12071128,0.12437761,0.0036663228
0.65881,0.12253548,0.12070507,0.12436589,0.0036608201
0.65981,0.12252537,0.12069771,0.12435303,0.0036553208
0.66081,0.12251382,0.12068891,0.12433873,0.0036498249
0.66181,0.12250091,0.12067874,0.12432307,0.0036443325
0.66281,0.12248682,0.12066739,0.12430624,0.0036388435
0.66381,0.12247132,0.12065464,0.124288,0.003633358
0.66481,0.12245458,0.12064064,0.12426852,0.003627876
0.66582,0.12243664,0.12062545,0.12424784,0.0036223973
0.66682,0.12241726,0.12060879,0.12422572,0.0036169222
0.66782,0.12239657,0.12059084,0.12420229,0.0036114506
0.66883,0.12237455,0.12057156,0.12417754,0.0036059824
0.66983,0.12235102,0.12055077,0.12415128,0.0036005178
0.67084,0.12232628,0.12052875,0.12412381,0.0035950566
0.67184,0.12230027,0.12050548,0.12409507,0.0035895989
0.67285,0.12227278,0.12048071,0.12406485,0.0035841447
0.67386,0.12224404,0.1204547,0.12403339,0.0035786941
0.67486,0.12221399,0.12042737,0.12400061,0.0035732469
0.67587,0.12218228,0.12039838,0.12396618,0.0035678033
0.67688,0.12214932,0.12036814,0.1239305,0.0035623632
0.67789,0.12211499,0.12033653,0.12389345,0.0035569266
0.67890,0.1220792,0.12030346,0.12385495,0.0035514936
0.67991,0.12204214,0.12026911,0.12381517,0.0035460641
0.68092,0.12200367,0.12023335,0.12377399,0.0035406382
0.68193,0.12196375,0.12019614,0.12373136,0.0035352159
0.68295,0.12192243,0.12015753,0.12368733,0.003529797
0.68396,0.12187956,0.12011737,0.12364175,0.0035243818
0.68497,0.12183527,0.12007578,0.12359475,0.0035189701
0.68599,0.12178966,0.12003288,0.12354644,0.003513562
0.68700,0.12174254,0.11998846,0.12349662,0.0035081575
0.68802,0.121694,0.11994262,0.12344538,0.0035027565
0.68903,0.12164413,0.11989546,0.12339281,0.0034973592
0.69005,0.1215927,0.11984672,0.12333868,0.0034919654
0.69107,0.12153971,0.11979642,0.123283,0.0034865753
0.69209,0.12148534,0.11974475,0.12322594,0.0034811887
0.69310,0.12142935,0.11969145,0.12316725,0.0034758058
0.69412,0.12137198,0.11963676,0.12310719,0.0034704265
0.69514,0.12131323,0.11958071,0.12304576,0.0034650508
0.69616,0.12125283,0.11952299,0.12298267,0.0034596788
0.69718,0.12119105,0.1194639,0.12291821,0.0034543103
0.69821,0.12112785,0.11940338,0.12285232,0.0034489455
0.69923,0.12106285,0.11934106,0.12278464,0.0034435844
0.70025,0.12099643,0.11927731,0.12271554,0.0034382269
0.70127,0.12092852,0.11921209,0.12264496,0.003432873
0.70230,0.120859,0.11914523,0.12257276,0.0034275229
0.70332,0.12078806,0.11907697,0.12249915,0.0034221763
0.70435,0.12071559,0.11900717,0.12242401,0.0034168334
0.70538,0.12064151,0.11893577,0.12234726,0.0034114943
0.70640,0.12056601,0.11886293,0.12226909,0.0034061588
0.70743,0.12048881,0.1187884,0.12218923,0.0034008269
0.70846,0.12040995,0.1187122,0.12210769,0.0033954988
0.70949,0.12032963,0.11863454,0.12202472,0.0033901743
0.71051,0.12024768,0.11855525,0.1219401,0.0033848536
0.71154,0.12016415,0.11847438,0.12185392,0.0033795366
0.71257,0.12007916,0.11839205,0.12176627,0.0033742232
0.71361,0.11999248,0.11830802,0.12167693,0.0033689136
0.71464,0.11990424,0.11822244,0.12158604,0.0033636077
0.71567,0.11981452,0.11813536,0.12149367,0.0033583054
0.71670,0.11972287,0.11804636,0.12139937,0.003353007
0.71773,0.11962967,0.11795582,0.12130353,0.0033477123
0.71877,0.11953497,0.11786376,0.12120619,0.0033424212
0.71980,0.11943849,0.11776992,0.12110705,0.003337134
0.72084,0.11934047,0.11767454,0.12100639,0.0033318505
0.72187,0.11924091,0.11757763,0.1209042,0.0033265706
0.72291,0.11913955,0.1174789,0.1208002,0.0033212947
0.72395,0.11903666,0.11737865,0.12069467,0.0033160224
0.72499,0.11893217,0.11727679,0.12058754,0.0033107539
0.72602,0.11882571,0.11717296,0.12047845,0.0033054892
0.72706,0.1187177,0.11706758,0.12036781,0.0033002282
0.72810,0.11860804,0.11696055,0.12025552,0.003294971
0.72914,0.11849661,0.11685176,0.12014147,0.0032897177
0.73018,0.11838362,0.11674138,0.12002585,0.003284468
0.73123,0.11826892,0.11662931,0.11990854,0.0032792222
0.73227,0.11815248,0.11651549,0.11978947,0.0032739802
0.73331,0.11803444,0.11640007,0.11966881,0.0032687419
0.73435,0.11791466,0.1162829,0.11954641,0.0032635075
0.73540,0.11779301,0.11616387,0.11942214,0.0032582769
0.73644,0.11766969,0.11604317,0.11929622,0.0032530501
0.73749,0.11754457,0.11592066,0.11916849,0.0032478271
0.73853,0.11741773,0.11579643,0.11903904,0.0032426079
0.73958,0.11728927,0.11567057,0.11890797,0.0032373925
0.74063,0.11715895,0.11554286,0.11877504,0.003232181
0.74168,0.11702693,0.11541344,0.11864041,0.0032269734
0.74272,0.11689326,0.11528238,0.11850415,0.0032217694
0.74377,0.11675769,0.1151494,0.11836597,0.0032165695
0.74482,0.11662042,0.11501474,0.11822611,0.0032113733
0.74587,0.11648134,0.11487825,0.11808443,0.0032061809
0.74692,0.11634027,0.11473978,0.11794077,0.0032009926
0.74798,0.11619753,0.11459963,0.11779544,0.003195808
0.74903,0.11605308,0.11445777,0.11764839,0.0031906272
0.75008,0.11590668,0.11431395,0.1174994,0.0031854504
0.75113,0.11575859,0.11416845,0.11734873,0.0031802774
0.75219,0.11560873,0.11402118,0.11719629,0.0031751082
0.75324,0.11545695,0.11387198,0.11704192,0.003169943
0.75430,0.11530346,0.11372106,0.11688585,0.0031647816
0.75535,0.11514815,0.11356833,0.11672796,0.0031596241
0.75641,0.11499084,0.1134136,0.11656807,0.0031544706
0.75747,0.1148317,0.11325704,0.11640636,0.0031493209
0.75853,0.11467071,0.11309862,0.11624279,0.0031441751
0.75959,0.11450782,0.11293831,0.11607734,0.0031390332
0.76064,0.11434323,0.11277628,0.11591018,0.0031338952
0.76170,0.11417678,0.1126124,0.11574116,0.0031287611
0.76276,0.11400852,0.11244671,0.11557034,0.003123631
0.76383,0.11383861,0.11227936,0.11539787,0.0031185047
0.76489,0.11366686,0.11211017,0.11522355,0.0031133824
0.76595,0.1134934,0.11193927,0.11504753,0.0031082641
0.76701,0.11331833,0.11176676,0.11486991,0.0031031495
0.76808,0.11314138,0.11159236,0.1146904,0.0030980391
0.76914,0.11296272,0.11141626,0.11450919,0.0030929325
0.77021,0.11278252,0.1112386,0.11432643,0.0030878298
0.77127,0.11260052,0.11105915,0.11414189,0.0030827312
0.77234,0.11241699,0.11087817,0.11395581,0.0030776364
0.77340,0.11223195,0.11069568,0.11376823,0.0030725455
0.77447,0.11204516,0.11051143,0.11357889,0.0030674588
0.77554,0.11185692,0.11032573,0.1133881,0.0030623759
0.77661,0.11166719,0.11013854,0.11319584,0.0030572969
0.77768,0.11147579,0.10994968,0.1130019,0.003052222
0.77875,0.11128299,0.10975942,0.11280657,0.003047151
0.77982,0.11108873,0.10956769,0.11260977,0.003042084
0.78089,0.11089283,0.10937432,0.11241134,0.003037021
0.78196,0.11069553,0.10917955,0.11221151,0.0030319619
0.78304,0.11049679,0.10898334,0.11201025,0.0030269068
0.78411,0.11029657,0.10878564,0.1118075,0.0030218559
0.78518,0.11009505,0.10858665,0.11160346,0.0030168087
0.78626,0.10989212,0.10838624,0.111398,0.0030117656
0.78733,0.10968779,0.10818442,0.11119115,0.0030067266
0.78841,0.10948222,0.10798137,0.11098306,0.0030016915
0.78949,0.10927525,0.10777692,0.11077358,0.0029966604
0.79056,0.10906697,0.10757116,0.11056279,0.0029916334
0.79164,0.10885751,0.10736421,0.11035082,0.0029866102
0.79272,0.10864668,0.10715588,0.11013747,0.0029815913
0.79380,0.10843462,0.10694633,0.10992291,0.0029765763
0.79488,0.10822138,0.1067356,0.10970716,0.0029715652
0.79596,0.10800676,0.10652348,0.10949004,0.0029665583
0.79704,0.107791,0.10631023,0.10927178,0.0029615554
0.79812,0.10757418,0.1060959,0.10905246,0.0029565563
0.79920,0.10735603,0.10588025,0.10883181,0.0029515616
0.80029,0.10713683,0.10566354,0.10861011,0.0029465708
0.80137,0.10691659,0.1054458,0.10838738,0.0029415839
0.80245,0.10669509,0.10522679,0.10816339,0.0029366013
0.80354,0.10647261,0.1050068,0.10793842,0.0029316225
0.80463,0.10624911,0.10478579,0.10771244,0.0029266478
0.80571,0.10602444,0.1045636,0.10748528,0.0029216774
0.80680,0.10579884,0.10434049,0.1072572,0.0029167108
0.80789,0.10557225,0.10411638,0.10702812,0.0029117483
0.80897,0.10534457,0.10389117,0.10679796,0.00290679
0.81006,0.105116,0.10366509,0.10656692,0.0029018356
0.81115,0.10488643,0.10343799,0.10633487,0.0028968853
0.81224,0.10465586,0.10320989,0.10610183,0.0028919392
0.81333,0.10442447,0.10298097,0.10586797,0.002886997
0.81443,0.10419214,0.10275111,0.10563317,0.002882059
0.81552,0.1039589,0.10252033,0.10539746,0.0028771251
0.81661,0.1037249,0.1022888,0.10516099,0.0028721952
0.81770,0.10348997,0.10205634,0.10492361,0.0028672694
0.81880,0.10325422,0.10182305,0.1046854,0.0028623478
0.81989,0.10301777,0.10158906,0.10444649,0.0028574301
0.82099,0.10278042,0.10135416,0.10420668,0.0028525167
0.82209,0.10254233,0.10111853,0.10396613,0.0028476073
0.82318,0.10230359,0.10088224,0.10372495,0.0028427019
0.82428,0.10206398,0.10064508,0.10348288,0.0028378009
0.82538,0.10182371,0.10040726,0.10324016,0.0028329038
0.82648,0.10158286,0.10016885,0.10299686,0.0028280107
0.82758,0.10134114,0.099929578,0.1027527,0.002823122
0.82868,0.10109884,0.099689726,0.10250796,0.0028182373
0.82978,0.10085598,0.099449302,0.10226266,0.0028133565
0.83088,0.10061234,0.099208101,0.10201658,0.0028084802
0.83198,0.10036821,0.098966402,0.10177001,0.0028036078
0.83308,0.10012353,0.098724157,0.1015229,0.0027987395
0.83419,0.099878161,0.098481224,0.1012751,0.0027938755
0.83529,0.099632355,0.098237847,0.10102686,0.0027890155
0.83640,0.099386026,0.097993946,0.10077811,0.0027841596
0.83750,0.0991391,0.097749446,0.10052875,0.0027793081
0.83861,0.098891788,0.097504557,0.10027902,0.0027744605
0.83971,0.098643975,0.097259167,0.10002878,0.002769617
0.84082,0.098395654,0.097013265,0.099778043,0.0027647779
0.84193,0.098147002,0.096767031,0.099526973,0.0027599427
0.84304,0.097897872,0.096520316,0.099275428,0.0027551117
0.84415,0.097648322,0.096273179,0.099023464,0.002750285
0.84526,0.097398496,0.096025765,0.098771227,0.0027454623
0.84637,0.097148214,0.095777892,0.098518536,0.0027406438
0.84748,0.096897602,0.095529687,0.098265516,0.0027358296
0.84859,0.096646769,0.095281259,0.098012278,0.0027310193
0.84971,0.096395501,0.095032394,0.097758608,0.0027262134
0.85082,0.096143991,0.094783285,0.097504697,0.0027214116
0.85193,0.095892318,0.094534011,0.097250625,0.0027166138
0.85305,0.095640234,0.094284324,0.096996144,0.0027118205
0.85416,0.095388,0.094034484,0.096741515,0.0027070312
0.85528,0.095135649,0.093784526,0.096486772,0.0027022459
0.85640,0.094882928,0.093534195,0.09623166,0.0026974651
0.85751,0.094630136,0.093283791,0.09597648,0.0026926883
0.85863,0.094377249,0.093033292,0.095721207,0.0026879156
0.85975,0.094124081,0.092782507,0.095465655,0.0026831474
0.86087,0.093870898,0.092531706,0.09521009,0.0026783832
0.86199,0.093617643,0.092280831,0.094954454,0.0026736231
0.86311,0.093364194,0.092029761,0.094698628,0.0026688674
0.86423,0.093110787,0.091778729,0.094442845,0.0026641157
0.86535,0.092857329,0.091527645,0.094187014,0.0026593683
0.86648,0.092603768,0.091276456,0.093931081,0.0026546252
0.86760,0.092350303,0.09102536,0.093675246,0.0026498861
0.86873,0.09209681,0.090774235,0.093419386,0.0026451513
0.86985,0.091843303,0.090523093,0.093163514,0.0026404208
0.87098,0.091589948,0.090272101,0.092907795,0.0026356943
0.87210,0.091336587,0.090021101,0.092652073,0.0026309722
0.87323,0.091083301,0.089770174,0.092396428,0.0026262543
0.87436,0.090830222,0.089519452,0.092140992,0.0026215404
0.87549,0.090577161,0.089268745,0.091885576,0.002616831
0.87661,0.090324263,0.0890182,0.091630326,0.0026121257
0.87774,0.090071629,0.088767916,0.091375341,0.0026074245
0.87887,0.089819034,0.08851767,0.091120397,0.0026027277
0.88001,0.089566696,0.088267678,0.090865713,0.0025980351
0.88114,0.089314687,0.088018014,0.090611361,0.0025933465
0.88227,0.089062742,0.087768411,0.090357073,0.0025886625
0.88340,0.08881114,0.087519148,0.090103131,0.0025839826
0.88454,0.088559894,0.08727024,0.089849547,0.0025793067
0.88567,0.088308771,0.087021454,0.089596089,0.0025746354
0.88681,0.088058062,0.086773078,0.089343046,0.0025699681
0.88794,0.087807732,0.086525079,0.089090384,0.002565305
0.88908,0.087557614,0.086277291,0.088837937,0.0025606464
0.89022,0.087307965,0.086029969,0.088585961,0.0025559918
0.89135,0.087058718,0.085783047,0.088334388,0.0025513415
0.89249,0.086809772,0.085536424,0.08808312,0.0025466956
0.89363,0.086561351,0.085290324,0.087832378,0.0025420537
0.89477,0.086313354,0.085044646,0.087582062,0.0025374162
0.89591,0.086065748,0.084799356,0.087332139,0.002532783
0.89705,0.085818722,0.084554645,0.087082799,0.0025281539
0.89819,0.085572143,0.084310378,0.086833907,0.0025235291
0.89934,0.085326044,0.08406659,0.086585499,0.0025189087
0.90048,0.085080582,0.083823435,0.086337728,0.0025142923
0.90162,0.084835588,0.083580747,0.086090428,0.0025096804
0.90277,0.084591164,0.083338627,0.0858437,0.0025050727
0.90391,0.084347431,0.083097197,0.085597666,0.0025004691
0.90506,0.084104191,0.082856256,0.085352126,0.00249587
0.90621,0.083861609,0.082615972,0.085107247,0.0024912751
0.90736,0.083619775,0.082376433,0.084863117,0.0024866842
0.90850,0.083378455,0.082137406,0.084619504,0.002482098
0.90965,0.083137884,0.081899126,0.084376642,0.0024775158
0.91080,0.082898116,0.081661647,0.084134585,0.0024729378
0.91195,0.082658885,0.081424702,0.083893067,0.0024683644
0.91310,0.082420491,0.081188593,0.083652389,0.0024637951
0.91425,0.082182927,0.080953312,0.083412542,0.0024592299
0.91541,0.081945982,0.080718647,0.083173317,0.0024546693
0.91656,0.081709934,0.080484877,0.08293499,0.0024501128
0.91771,0.081474738,0.080251957,0.082697518,0.0024455605
0.91887,0.08124025,0.080019744,0.082460757,0.0024410127
0.92002,0.081006716,0.079788481,0.08222495,0.002436469
0.92118,0.080774055,0.079558091,0.08199002,0.0024319296
0.92234,0.080542193,0.079328496,0.081755891,0.0024273947
0.92349,0.08031134,0.079099908,0.081522772,0.0024228638
0.92465,0.080081383,0.078872215,0.081290552,0.0024183373
0.92581,0.079852314,0.078645407,0.081059222,0.0024138152
0.92697,0.079624309,0.078419661,0.080828958,0.0024092972
0.92813,0.079397225,0.078194833,0.080599616,0.0024047836
0.92929,0.079171116,0.077970979,0.080371253,0.0024002744
0.93045,0.078946128,0.077748243,0.080144012,0.0023957692
0.93161,0.078722082,0.077526448,0.079917717,0.0023912685
0.93278,0.078499102,0.077305716,0.079692489,0.0023867722
0.93394,0.078277299,0.077086159,0.079468438,0.0023822799
0.93510,0.07805646,0.076867564,0.079245356,0.0023777922
0.93627,0.077836776,0.076650122,0.079023431,0.0023733087
0.93743,0.077618325,0.07643391,0.078802739,0.0023688292
0.93860,0.077400861,0.076218684,0.078583038,0.0023643545
0.93977,0.077184641,0.076004699,0.078364583,0.0023598839
0.94093,0.076969701,0.075791993,0.07814741,0.0023554174
0.94210,0.076755788,0.07558031,0.077931266,0.0023509556
0.94327,0.0765432,0.075369951,0.077716448,0.0023464978
0.94444,0.076331914,0.075160892,0.077502936,0.0023420443
0.94561,0.076121744,0.074952946,0.077290542,0.0023375954
0.94678,0.075912954,0.074746379,0.07707953,0.0023331506
0.94795,0.075705491,0.074541136,0.076869846,0.00232871
0.94913,0.075499231,0.074337094,0.076661368,0.002324274
0.95030,0.075294409,0.074134488,0.07645433,0.0023198421
0.95147,0.075090934,0.073933227,0.076248642,0.0023154145
0.95265,0.074888753,0.073733258,0.076044249,0.0023109914
0.95382,0.074688065,0.073534778,0.075841351,0.0023065724
0.95500,0.074488747,0.073337668,0.075639826,0.0023021579
0.95618,0.074290812,0.073141938,0.075439686,0.0022977477
0.95736,0.074094425,0.072947754,0.075241095,0.0022933416
0.95853,0.073899431,0.072754961,0.075043901,0.0022889401
0.95971,0.073705909,0.072563638,0.07484818,0.0022845428
0.96089,0.073513991,0.072373916,0.074654065,0.0022801497
0.96207,0.073323489,0.072185608,0.074461369,0.0022757611
0.96325,0.073134547,0.071998858,0.074270235,0.0022713769
0.96444,0.072947265,0.071813766,0.074080763,0.0022669967
0.96562,0.072761421,0.071630111,0.073892732,0.0022626211
0.96680,0.072577227,0.071448102,0.073706352,0.0022582498
0.96799,0.072394748,0.071267807,0.073521689,0.0022538826
0.96917,0.072213731,0.071088971,0.073338491,0.00224952
0.97036,0.072034451,0.07091187,0.073157032,0.0022451617
0.97154,0.071856924,0.07073652,0.072977328,0.0022408074
0.97273,0.071680918,0.070562689,0.072799147,0.0022364579
0.97392,0.07150672,0.070390663,0.072622776,0.0022321125
0.97510,0.071334297,0.070220411,0.072448182,0.0022277712
0.97629,0.071163483,0.070051766,0.072275201,0.0022234347
0.97748,0.070994534,0.069884982,0.072104085,0.0022191022
0.97867,0.070827382,0.069719995,0.071934769,0.0022147741
0.97986,0.070661928,0.069556703,0.071767153,0.0022104505
0.98106,0.070498393,0.069395328,0.071601459,0.002206131
0.98225,0.070336679,0.069235771,0.071437587,0.0022018158
0.98344,0.070176752,0.069077999,0.071275504,0.0021975052
0.98464,0.070018799,0.068922199,0.071115398,0.0021931987
0.98583,0.069862689,0.06876824,0.070957137,0.0021888966
0.98703,0.069708454,0.068616155,0.070800754,0.002184599
0.98822,0.06955625,0.068466097,0.070646402,0.0021803054
0.98942,0.06940591,0.068317902,0.070493919,0.0021760164
0.99062,0.069257535,0.068171669,0.070343401,0.0021717318
0.99181,0.069111245,0.068027519,0.070194971,0.0021674512
0.99301,0.068966843,0.067885255,0.07004843,0.0021631752
0.99421,0.068824493,0.067745041,0.069903945,0.0021589036
0.99541,0.068684295,0.067606977,0.069761613,0.002154636
0.99662,0.068546064,0.067470877,0.06962125,0.0021503731
0.99782,0.068409975,0.067336918,0.069483032,0.0021461144
0.99902,0.068276084,0.067205154,0.069347014,0.0021418598
1.00022,0.068144129,0.067075324,0.069212934,0.00213761
1.00143,0.068014405,0.066947723,0.069081087,0.0021333643
1.00263,0.067886905,0.066822344,0.068951467,0.0021291227
1.00384,0.067761421,0.066698978,0.068823864,0.0021248859
1.00504,0.067638227,0.066577901,0.068698554,0.0021206532
1.00625,0.067517281,0.066459068,0.068575493,0.0021164247
1.00746,0.067398438,0.066342337,0.068454538,0.0021122009
1.00867,0.06728194,0.06622795,0.068335931,0.0021079812
1.00988,0.067167712,0.06611583,0.068219595,0.0021037658
1.01109,0.067055676,0.066005899,0.068105454,0.002099555
1.01230,0.066946041,0.065898367,0.067993715,0.0020953483
1.01351,0.066838697,0.065793124,0.06788427,0.0020911459
1.01472,0.066733633,0.065690159,0.067777107,0.0020869481
1.01593,0.066631025,0.065589648,0.067672403,0.0020827544
1.01715,0.066530732,0.065491449,0.067570014,0.0020785651
1.01836,0.066432805,0.065395615,0.067469996,0.0020743803
1.01958,0.06633739,0.06530229,0.06737249,0.0020701996
1.02079,0.066244311,0.065211299,0.067277323,0.0020660234
1.02201,0.066153688,0.065122762,0.067184614,0.0020618516
1.02322,0.06606563,0.065036788,0.067094472,0.0020576838
1.02444,0.065979931,0.064953171,0.067006692,0.0020535208
1.02566,0.065896768,0.064872087,0.066921449,0.0020493619
1.02688,0.065816195,0.064793591,0.066838798,0.0020452072
1.02810,0.065738043,0.064717515,0.066758572,0.0020410572
1.02932,0.065662416,0.064643961,0.066680872,0.0020369113
1.03054,0.065589317,0.064572932,0.066605702,0.0020327696
1.03177,0.065518457,0.064504141,0.066532773,0.0020286327
1.03299,0.065450097,0.064437847,0.066462347,0.0020244998
1.03421,0.065384181,0.064373995,0.066394366,0.0020203712
1.03544,0.065320486,0.064312362,0.06632861,0.0020162472
1.03666,0.06525924,0.064253177,0.066265304,0.0020121274
1.03789,0.065200355,0.064196349,0.066204361,0.0020080118
1.03911,0.065143673,0.064141723,0.066145623,0.0020039009
1.04034,0.065089389,0.064089492,0.066089286,0.001999794
1.04157,0.065037383,0.064039537,0.066035228,0.0019956915
1.04280,0.064987561,0.063991764,0.065983358,0.0019915936
1.04403,0.064940087,0.063946337,0.065933837,0.0019874997
1.04526,0.064894807,0.063903102,0.065886512,0.0019834103
1.04649,0.064851693,0.063862031,0.065841356,0.0019793253
1.04772,0.064810877,0.063823255,0.065798499,0.0019752444
1.04896,0.064772171,0.063786587,0.065757755,0.0019711681
1.05019,0.064735614,0.063752065,0.065719162,0.0019670961
1.05142,0.064701429,0.063719915,0.065682943,0.0019630282
1.05266,0.064669274,0.063689791,0.065648756,0.0019589649
1.05389,0.064639249,0.063661796,0.065616702,0.0019549059
1.05513,0.064611419,0.063635993,0.065586844,0.001950851
1.05637,0.064585532,0.063612131,0.065558932,0.0019468008
1.05760,0.064561758,0.06359038,0.065533135,0.0019427548
1.05884,0.064540127,0.063570771,0.065509484,0.0019387129
1.06008,0.064520357,0.063553019,0.065487695,0.0019346757
1.06132,0.064502681,0.06353736,0.065468003,0.0019306427
1.06256,0.064487082,0.063523775,0.065450389,0.0019266138
1.06381,0.064473293,0.063511998,0.065434588,0.0019225897
1.06505,0.064461564,0.063502279,0.065420849,0.0019185696
1.06629,0.064451828,0.063494551,0.065409105,0.0019145538
1.06753,0.064443885,0.063488613,0.065399156,0.0019105426
1.06878,0.06443795,0.063484682,0.065391218,0.0019065356
1.07002,0.064433959,0.063482692,0.065385225,0.0019025328
1.07127,0.064431842,0.063482575,0.06538111,0.0018985346
1.07252,0.064431684,0.063484414,0.065378954,0.0018945405
1.07377,0.064433351,0.063488076,0.065378627,0.0018905507
1.07501,0.064436774,0.063493492,0.065380057,0.0018865655
1.07626,0.064442105,0.063500812,0.065383397,0.0018825843
1.07751,0.064449178,0.063509874,0.065388481,0.0018786076
1.07876,0.064457989,0.063520671,0.065395306,0.0018746354
1.08001,0.064468656,0.063533322,0.065403989,0.0018706672
1.08127,0.064480983,0.063547631,0.065414335,0.0018667035
1.08252,0.06449503,0.063563658,0.065426402,0.0018627442
1.08377,0.064510883,0.063581488,0.065440277,0.001858789
1.08503,0.064528313,0.063600893,0.065455732,0.0018548384
1.08628,0.064547444,0.063621998,0.06547289,0.001850892
1.08754,0.064568405,0.06364493,0.06549188,0.0018469497
1.08879,0.06459092,0.063669414,0.065512426,0.0018430121
1.09005,0.064615118,0.063695579,0.065534657,0.0018390787
1.09131,0.06464102,0.063723445,0.065558594,0.0018351493
1.09257,0.064668331,0.063752719,0.065583944,0.0018312247
1.09383,0.064697308,0.063783656,0.06561096,0.0018273043
1.09509,0.06472791,0.063816216,0.065639604,0.0018233879
1.09635,0.064759895,0.063850156,0.065669633,0.0018194763
1.09761,0.064793499,0.063885714,0.065701283,0.0018155687
1.09888,0.064828646,0.063922813,0.065734478,0.0018116654
1.10014,0.064865157,0.063961274,0.06576904,0.0018077667
1.10140,0.064903237,0.064001301,0.065805173,0.001803872
1.10267,0.064942814,0.064042823,0.065842804,0.0017999817
1.10393,0.064983833,0.064085785,0.065881881,0.0017960959
1.10520,0.065026369,0.064130262,0.065922476,0.0017922142
1.10647,0.065070282,0.064176114,0.065964451,0.0017883368
1.10774,0.065115522,0.06422329,0.066007754,0.001784464
1.10900,0.065162229,0.064271932,0.066052527,0.0017805951
1.11027,0.06521023,0.064321865,0.066098596,0.0017767308
1.11154,0.06525954,0.064373105,0.066145976,0.0017728708
1.11282,0.065310267,0.06442576,0.066194775,0.0017690149
1.11409,0.065362205,0.064479624,0.066244787,0.0017651635
1.11536,0.065415435,0.064534777,0.066296093,0.0017613164
1.11663,0.065470037,0.0645913,0.066348774,0.0017574734
1.11791,0.06552589,0.064649073,0.066402708,0.001753635
1.11918,0.065583015,0.064708115,0.066457916,0.0017498008
1.12046,0.065641456,0.06476847,0.066514441,0.0017459706
1.12173,0.06570094,0.064829868,0.066572013,0.0017421452
1.12301,0.06576168,0.064892518,0.066630841,0.0017383239
1.12429,0.065823678,0.064956425,0.066690931,0.0017345066
1.12557,0.06588665,0.065021303,0.066751997,0.0017306941
1.12685,0.065950852,0.06508741,0.066814295,0.0017268856
1.12813,0.066016232,0.065154692,0.066877773,0.0017230813
1.12941,0.066082567,0.065222927,0.066942208,0.0017192817
1.13069,0.066150164,0.065292421,0.067007907,0.0017154861
1.13197,0.066218896,0.065363049,0.067074744,0.0017116947
1.13326,0.066288565,0.065434611,0.067142519,0.0017079079
1.13454,0.066359363,0.0655073,0.067211425,0.0017041251
1.13583,0.066431171,0.065580998,0.067281344,0.0017003467
1.13711,0.066503898,0.065655612,0.067352184,0.0016965727
1.13840,0.066577705,0.065731303,0.067424106,0.0016928028
1.13969,0.066652439,0.065807921,0.067496958,0.0016890372
1.14097,0.066728075,0.065885437,0.067570713,0.0016852761
1.14226,0.066804741,0.065963981,0.0676455,0.001681519
1.14355,0.06688236,0.066043477,0.067721243,0.0016777664
1.14484,0.066960869,0.06612386,0.067797878,0.0016740181
1.14613,0.067040355,0.066205218,0.067875492,0.0016702738
1.14743,0.067120604,0.066287337,0.067953871,0.0016665341
1.14872,0.067201717,0.066370318,0.068033116,0.0016627986
1.15001,0.067283758,0.066454224,0.068113291,0.0016590671
1.15131,0.067366479,0.066538809,0.068194149,0.0016553403
1.15260,0.067450047,0.066624238,0.068275856,0.0016516176
1.15390,0.067534493,0.066710543,0.068358442,0.0016478988
1.15519,0.06761962,0.066797528,0.068441713,0.0016441849
1.15649,0.0677056,0.066885362,0.068525837,0.001640475
1.15779,0.06779239,0.066974005,0.068610775,0.0016367691
1.15909,0.067879727,0.067063193,0.068696261,0.001633068
1.16039,0.067967857,0.067153171,0.068782542,0.0016293708
1.16169,0.068056716,0.067243877,0.068869555,0.0016256778
1.16299,0.068146104,0.067335109,0.068957099,0.0016219894
1.16429,0.068236236,0.067427083,0.069045388,0.001618305
1.16559,0.068327023,0.067519711,0.069134335,0.0016146248
1.16690,0.068418413,0.067612938,0.069223888,0.0016109492
1.16820,0.068510495,0.067706856,0.069314133,0.0016072776
1.16951,0.06860314,0.067801335,0.069404945,0.0016036102
1.17081,0.068696277,0.067896304,0.069496251,0.0015999473
1.17212,0.068790057,0.067991913,0.069588201,0.0015962884
1.17343,0.068884319,0.068088002,0.069680636,0.0015926339
1.17474,0.068979056,0.068184565,0.069773548,0.0015889837
1.17604,0.069074387,0.068281718,0.069867055,0.0015853375
1.17735,0.069170189,0.068379341,0.069961037,0.0015816958
1.17867,0.069266465,0.068477436,0.070055495,0.0015780584
1.17998,0.069363283,0.06857607,0.070150495,0.0015744249
1.18129,0.069460417,0.068675019,0.070245815,0.001570796
1.18260,0.06955799,0.068774404,0.070341575,0.0015671712
1.18392,0.069656054,0.068874279,0.070437829,0.0015635504
1.18523,0.069754355,0.068974387,0.070534322,0.0015599343
1.18655,0.069853076,0.069074915,0.070631237,0.0015563222
1.18786,0.069952311,0.069175954,0.070728668,0.0015527141
1.18918,0.070051707,0.069277152,0.070826262,0.0015491107
1.19050,0.070151504,0.069378749,0.07092426,0.0015455113
1.19182,0.070251667,0.069480709,0.071022625,0.0015419159
1.19314,0.070351953,0.06958279,0.071121115,0.0015383253
1.19446,0.070452597,0.069685228,0.071219966,0.0015347385
1.19578,0.070553525,0.069787947,0.071319103,0.0015311559
1.19710,0.07065458,0.069890791,0.071418369,0.0015275778
1.19842,0.070755992,0.06999399,0.071517994,0.0015240037
1.19974,0.070857604,0.070097387,0.071617821,0.0015204338
1.20107,0.070959303,0.070200869,0.071717737,0.0015168684
1.20239,0.07106126,0.070304606,0.071817913,0.0015133069
1.20372,0.071163336,0.070408461,0.071918211,0.0015097497
1.20505,0.071265483,0.070512384,0.072018581,0.0015061969
1.20637,0.071367838,0.070616514,0.072119162,0.001502648
1.20770,0.071470288,0.070720736,0.07221984,0.0014991036
1.20903,0.07157279,0.070825009,0.072320572,0.0014955634
1.21036,0.07167545,0.070929436,0.072421463,0.0014920271
1.21169,0.071778065,0.071033817,0.072522312,0.0014884953
1.21302,0.071880713,0.071138229,0.072623197,0.0014849677
1.21435,0.071983471,0.071242749,0.072724193,0.0014814439
1.21569,0.072086103,0.071347141,0.072825066,0.0014779248
1.21702,0.072188794,0.071451589,0.072925999,0.0014744098
1.21836,0.072291546,0.071556097,0.073026996,0.0014708986
1.21969,0.072394091,0.071660395,0.073127787,0.0014673921
1.22103,0.072496632,0.071764687,0.073228577,0.0014638896
1.22236,0.072599178,0.071868982,0.073329373,0.0014603911
1.22370,0.072701444,0.071972995,0.073429893,0.0014568972
1.22504,0.072803689,0.072076985,0.073530393,0.0014534072
1.22638,0.072905889,0.072180928,0.07363085,0.0014499213
1.22772,0.07300779,0.07228457,0.07373101,0.0014464399
1.22906,0.073109615,0.072388134,0.073831096,0.0014429625
1.23040,0.073211281,0.072491537,0.073931026,0.0014394892
1.23175,0.073312632,0.072594622,0.074030642,0.0014360203
1.23309,0.07341386,0.072697582,0.074130137,0.0014325554
1.23443,0.073514858,0.072800311,0.074229405,0.0014290946
1.23578,0.073615534,0.072902715,0.074328353,0.0014256383
1.23712,0.073716035,0.073004943,0.074427128,0.0014221858
1.23847,0.073816214,0.073106846,0.074525583,0.0014187377
1.23982,0.073916042,0.073208395,0.074623689,0.0014152938
1.24117,0.074015647,0.07330972,0.074721574,0.0014118538
1.24252,0.07411485,0.07341064,0.074819059,0.0014084182
1.24387,0.074213693,0.0735112,0.074916187,0.0014049868
1.24522,0.074312263,0.073611483,0.075013043,0.0014015592
1.24657,0.074410347,0.073711279,0.075109415,0.0013981362
1.24792,0.074508045,0.073810686,0.075205403,0.0013947172
1.24927,0.07460542,0.073909769,0.075301071,0.0013913021
1.25063,0.07470223,0.074008285,0.075396176,0.0013878915
1.25198,0.074798635,0.074106393,0.075490878,0.001384485
1.25334,0.074894666,0.074204125,0.075585207,0.0013810823
1.25469,0.074990049,0.074301207,0.075678891,0.0013776842
1.25605,0.07508501,0.074397865,0.075772155,0.0013742901
1.25741,0.075179535,0.074494085,0.075864985,0.0013708998
1.25877,0.075273362,0.074589605,0.075957119,0.0013675142
1.26013,0.075366725,0.074684659,0.076048791,0.0013641324
1.26149,0.075459565,0.074779188,0.076139942,0.0013607547
1.26285,0.075551688,0.074872997,0.076230379,0.0013573814
1.26421,0.075643306,0.0749663,0.076320312,0.001354012
1.26558,0.075734327,0.075059004,0.076409651,0.0013506467
1.26694,0.075824616,0.075150973,0.076498259,0.0013472858
1.26830,0.07591433,0.075242365,0.076586294,0.0013439288
1.26967,0.076003357,0.075333069,0.076673645,0.0013405759
1.27104,0.076091631,0.075423018,0.076760245,0.0013372273
1.27240,0.076179303,0.075512362,0.076846245,0.0013338826
1.27377,0.076266216,0.075600945,0.076931487,0.0013305421
1.27514,0.076352362,0.075688759,0.077015964,0.0013272059
1.27651,0.076437815,0.075775878,0.077099752,0.0013238735
1.27788,0.076522425,0.075862152,0.077182698,0.0013205454
1.27925,0.076606248,0.075947637,0.077264859,0.0013172214
1.28062,0.07668937,0.07603242,0.077346321,0.0013139013
1.28199,0.076771572,0.076116279,0.077426865,0.0013105856
1.28337,0.076852955,0.076199318,0.077506592,0.0013072739
1.28474,0.076933548,0.076281565,0.077585531,0.0013039661
1.28612,0.077013138,0.076362807,0.07766347,0.0013006627
1.28749,0.077091907,0.076443226,0.077740589,0.0012973633
1.28887,0.077169877,0.076522844,0.077816911,0.0012940677
1.29025,0.077246767,0.076601378,0.077892155,0.0012907767
1.29163,0.077322765,0.07667902,0.07796651,0.0012874895
1.29301,0.077397873,0.07675577,0.078039976,0.0012842062
1.29439,0.077471867,0.076831403,0.078112331,0.0012809274
1.29577,0.077544981,0.076906154,0.078183807,0.0012776525
1.29715,0.077617142,0.076979951,0.078254332,0.0012743815
1.29853,0.077688145,0.077052588,0.078323703,0.0012711149
1.29992,0.077758164,0.077124238,0.07839209,0.0012678521
1.30130,0.077827148,0.077194851,0.078459444,0.0012645934
1.30269,0.077894984,0.077264314,0.078525653,0.001261339
1.30407,0.077961842,0.077332798,0.078590886,0.0012580884
1.30546,0.078027584,0.077400163,0.078655005,0.001254842
1.30685,0.078092068,0.077466268,0.078717868,0.0012515998
1.30824,0.078155524,0.077531343,0.078779704,0.0012483613
1.30963,0.078217785,0.077595221,0.078840348,0.0012451271
1.31102,0.078278864,0.077657916,0.078899813,0.001241897
1.31241,0.078338869,0.077719534,0.078958204,0.0012386707
1.31380,0.078397508,0.077779784,0.079015232,0.0012354487
1.31519,0.078454927,0.077838812,0.079071043,0.0012322307
1.31659,0.078511222,0.077896714,0.07912573,0.0012290165
1.31798,0.078566163,0.077953259,0.079179066,0.0012258067
1.31938,0.078619888,0.078008588,0.079231189,0.0012226009
1.32077,0.078672351,0.078062651,0.07928205,0.0012193987
1.32217,0.078723343,0.078115243,0.079331444,0.0012162011
1.32357,0.078773102,0.078166598,0.079379606,0.0012130073
1.32497,0.078821636,0.078216727,0.079426545,0.0012098173
1.32637,0.078868664,0.078265348,0.07947198,0.0012066318
1.32777,0.07891434,0.078312615,0.079516065,0.0012034501
1.32917,0.078958669,0.078358533,0.079558805,0.0012002722
1.33057,0.079001474,0.078402924,0.079600023,0.0011970987
1.33197,0.079042979,0.078446014,0.079639943,0.001193929
1.33338,0.079083117,0.078487736,0.079678499,0.0011907632
1.33478,0.079121644,0.078527843,0.079715445,0.0011876018
1.33619,0.079158861,0.078566639,0.079751083,0.0011844441
1.33759,0.079194712,0.078604067,0.079785358,0.0011812904
1.33900,0.079229131,0.07864006,0.079818201,0.001178141
1.34041,0.079262301,0.078674804,0.079849799,0.0011749953
1.34182,0.079293972,0.078708045,0.079879899,0.0011718537
1.34323,0.079324266,0.078739908,0.079908624,0.0011687162
1.34464,0.079353346,0.078770554,0.079936137,0.0011655824
1.34605,0.07938106,0.078799834,0.079962287,0.0011624529
1.34746,0.079407442,0.078827779,0.079987106,0.0011593274
1.34887,0.07943253,0.078854427,0.080010633,0.0011562056
1.35029,0.079456255,0.078879711,0.080032799,0.001153088
1.35170,0.079478737,0.078903749,0.080053724,0.0011499744
1.35312,0.079500067,0.078926634,0.080073499,0.0011468645
1.35453,0.079519966,0.078948087,0.080091846,0.001143759
1.35595,0.079538622,0.078968293,0.080108951,0.0011406573
1.35737,0.079556158,0.078987379,0.080124938,0.0011375593
1.35879,0.079572332,0.079005099,0.080139565,0.0011344658
1.36021,0.079587389,0.079021701,0.080153077,0.001131376
1.36163,0.079601231,0.079037086,0.080165376,0.0011282899
1.36305,0.079613726,0.079051122,0.08017633,0.0011252083
1.36447,0.079625154,0.079064089,0.08018622,0.0011221303
1.36590,0.079635482,0.079075954,0.08019501,0.0011190562
1.36732,0.079644494,0.0790865,0.080202487,0.0011159864
1.36875,0.079652393,0.079095933,0.080208853,0.0011129203
1.37017,0.079659193,0.079104264,0.080214122,0.001109858
1.37160,0.079664784,0.079111384,0.080218184,0.0011068001
1.37303,0.079669372,0.079117499,0.080221244,0.0011037458
1.37446,0.079672757,0.079122409,0.080223104,0.0011006954
1.37588,0.079674984,0.079126159,0.080223808,0.0010976492
1.37731,0.07967624,0.079128936,0.080223543,0.0010946067
1.37875,0.079676397,0.079130612,0.080222181,0.0010915683
1.38018,0.079675417,0.07913115,0.080219684,0.0010885339
1.38161,0.079673441,0.07913069,0.080216193,0.0010855031
1.38304,0.079670367,0.079129129,0.080211606,0.0010824765
1.38448,0.079666274,0.079126547,0.080206001,0.0010794538
1.38591,0.079661258,0.07912304,0.080199475,0.0010764348
1.38735,0.079655053,0.079118343,0.080191763,0.00107342
1.38879,0.079647892,0.079112688,0.080183097,0.001070409
1.39023,0.079639855,0.079106154,0.080173556,0.0010674017
1.39166,0.07963072,0.079098521,0.08016292,0.0010643987
1.39310,0.079620607,0.079089907,0.080151307,0.0010613995
1.39454,0.079609634,0.079080433,0.080138836,0.0010584038
1.39599,0.079597566,0.07906986,0.080125272,0.0010554126
1.39743,0.079584666,0.079058453,0.080110878,0.0010524251
1.39887,0.07957087,0.079046149,0.08009559,0.0010494412
1.40032,0.07955599,0.07903276,0.080079221,0.0010464616
1.40176,0.079540319,0.079018576,0.080062062,0.0010434857
1.40321,0.079523811,0.079003555,0.080044068,0.0010405135
1.40465,0.079506278,0.078987505,0.08002505,0.0010375456
1.40610,0.079487935,0.078970644,0.080005226,0.0010345813
1.40755,0.079468757,0.078952947,0.079984567,0.0010316209
1.40900,0.079448655,0.078934323,0.079962988,0.0010286646
1.41045,0.079427797,0.078914941,0.079940653,0.0010257118
1.41190,0.079406049,0.078894667,0.07991743,0.0010227631
1.41335,0.07938344,0.078873531,0.079893349,0.0010198183
1.41480,0.079360133,0.078851694,0.079868572,0.0010168772
1.41626,0.079335971,0.078829001,0.079842941,0.0010139401
1.41771,0.079310955,0.078805451,0.079816458,0.0010110069
1.41917,0.079285272,0.078781234,0.079789311,0.0010080773
1.42062,0.079258756,0.07875618,0.079761332,0.0010051518
1.42208,0.079231486,0.07873037,0.079732601,0.0010022302
1.42354,0.079203527,0.078703871,0.079703183,0.00099931211
1.42500,0.079174735,0.078676536,0.079672934,0.00099639824
1.42646,0.07914527,0.078648526,0.079642014,0.0009934881
1.42792,0.079115183,0.078619892,0.079610473,0.00099058151
1.42938,0.079084215,0.078590376,0.079578055,0.00098767922
1.43084,0.079052637,0.078560247,0.079545028,0.00098478056
1.43231,0.079020484,0.078529542,0.079511427,0.00098188544
1.43377,0.078987483,0.078497986,0.07947698,0.0009789947
1.43523,0.078953892,0.078465838,0.079441945,0.00097610749
1.43670,0.078919726,0.078433114,0.079406338,0.00097322392
1.43817,0.078884795,0.078399623,0.079369968,0.00097034461
1.43963,0.078849319,0.078365585,0.079333053,0.00096746883
1.44110,0.078813241,0.078330943,0.079295539,0.00096459677
1.44257,0.07877646,0.078295596,0.079257324,0.00096172886
1.44404,0.07873919,0.078259757,0.079218622,0.00095886448
1.44551,0.078701316,0.078223314,0.079179318,0.0009560039
1.44699,0.078662784,0.07818621,0.079139358,0.00095314738
1.44846,0.078623794,0.078148647,0.079098941,0.00095029437
1.44993,0.078584231,0.078110508,0.079057954,0.00094744526
1.45141,0.078544055,0.078071755,0.079016355,0.00094460009
1.45288,0.078503445,0.078032566,0.078974324,0.00094175843
1.45436,0.078462263,0.077992803,0.078931723,0.00093892075
1.45584,0.07842056,0.077952517,0.078888604,0.00093608691
1.45732,0.07837843,0.077911802,0.078845058,0.00093325656
1.45880,0.078335728,0.077870513,0.078800943,0.00093043029
1.46028,0.078292571,0.077828767,0.078756375,0.00092760776
1.46176,0.078249037,0.077786643,0.078711432,0.0009247887
1.46324,0.078204915,0.077743928,0.078665902,0.00092197381
1.46472,0.078160399,0.077700818,0.07861998,0.00091916255
1.46621,0.078115549,0.077657372,0.078573727,0.00091635477
1.46769,0.078070112,0.077613336,0.078526887,0.00091355123
1.46918,0.078024337,0.077568961,0.078479712,0.00091075122
1.47066,0.077978246,0.077524269,0.078432224,0.00090795471
1.47215,0.077931608,0.077479027,0.078384189,0.00090516246
1.47364,0.077884672,0.077433486,0.078335859,0.00090237367
1.47513,0.077837423,0.077387628,0.078287217,0.00089958847
1.47662,0.077789687,0.077341284,0.078238091,0.00089680743
1.47811,0.077741696,0.077294681,0.078188711,0.00089402983
1.47960,0.077693385,0.077247757,0.078139013,0.00089125592
1.48109,0.077644651,0.077200408,0.078088894,0.00088848605
1.48258,0.077595696,0.077152836,0.078038556,0.00088571962
1.48408,0.077546424,0.077104945,0.077987902,0.00088295696
1.48557,0.077496789,0.07705669,0.077936889,0.00088019824
1.48707,0.077446966,0.077008244,0.077885687,0.00087744295
1.48857,0.077396828,0.076959482,0.077834174,0.00087469152
1.49007,0.077346392,0.07691042,0.077782364,0.00087194392
1.49156,0.077295798,0.076861198,0.077730398,0.00086919975
1.49306,0.077244889,0.07681166,0.077678119,0.00086645952
1.49457,0.07719375,0.076761888,0.077625611,0.00086372301
1.49607,0.077142484,0.076711989,0.077572979,0.00086098992
1.49757,0.077090904,0.076661773,0.077520034,0.00085826086
1.49907,0.077039152,0.076611384,0.077466919,0.00085553543
1.50058,0.076987312,0.076560906,0.077413719,0.0008528134
1.50208,0.076935159,0.076510112,0.077360207,0.00085009548
1.50359,0.07688289,0.076459199,0.07730658,0.00084738109
1.50510,0.076830575,0.07640824,0.07725291,0.00084467009
1.50660,0.076777947,0.076356966,0.077198929,0.00084196329
1.50811,0.076725265,0.076305635,0.077144895,0.0008392599
1.50962,0.076672539,0.076254259,0.077090819,0.00083655998
1.51113,0.076619557,0.076202625,0.077036489,0.0008338642
1.51264,0.07656656,0.076150974,0.076982146,0.0008311718
1.51416,0.07651351,0.076099269,0.076927751,0.00082848294
1.51567,0.076460281,0.076047382,0.07687318,0.00082579813
1.51719,0.076407067,0.075995508,0.076818625,0.00082311668
1.51870,0.076353794,0.075943574,0.076764013,0.00082043887
1.52022,0.076300408,0.075891526,0.076709291,0.00081776499
1.52173,0.076247075,0.075839528,0.076654623,0.00081509448
1.52325,0.076193684,0.07578747,0.076599897,0.00081242768
1.52477,0.076140231,0.075735349,0.076545113,0.00080976471
1.52629,0.076086877,0.075683324,0.07649043,0.0008071051
1.52781,0.076033465,0.07563124,0.076435689,0.00080444929
1.52933,0.07598004,0.075579141,0.076380939,0.0008017972
1.53086,0.075926763,0.075527189,0.076326337,0.00079914846
1.53238,0.075873427,0.075475176,0.076271679,0.0007965036
1.53390,0.075820127,0.075423196,0.076217059,0.00079386237
1.53543,0.075767024,0.075371412,0.076162636,0.00079122447
1.53696,0.075713863,0.075319568,0.076108158,0.00078859055
1.53848,0.075660799,0.075267819,0.076053779,0.00078596014
1.54001,0.075607952,0.075216285,0.075999618,0.00078333306
1.54154,0.075555063,0.075164708,0.075945418,0.00078071003
1.54307,0.075502332,0.075113286,0.075891377,0.00077809042
1.54460,0.075449836,0.075062099,0.075837573,0.00077547413
1.54613,0.075397318,0.075010887,0.075783749,0.00077286197
1.54766,0.075345017,0.074959891,0.075730144,0.00077025313
1.54920,0.075292941,0.074909117,0.075676765,0.00076764769
1.55073,0.07524092,0.074858397,0.075623443,0.00076504629
1.55227,0.075189147,0.074807922,0.075570371,0.00076244818
1.55380,0.075137586,0.07475766,0.075517513,0.00075985357
1.55534,0.07508616,0.074707529,0.075464792,0.00075726288
1.55688,0.075035011,0.074657673,0.075412349,0.00075467549
1.55842,0.074984065,0.074608019,0.075360111,0.00075209167
1.55996,0.07493333,0.074558574,0.075308086,0.00074951168
1.56150,0.074882902,0.074509435,0.07525637,0.00074693497
1.56304,0.074832669,0.074460488,0.07520485,0.00074436192
1.56459,0.074782721,0.074411824,0.075153617,0.00074179259
1.56613,0.074733111,0.074363498,0.075102725,0.00073922653
1.56767,0.074683696,0.074315364,0.075052028,0.00073666422
1.56922,0.074634624,0.074267571,0.075001677,0.00073410552
1.57077,0.07458593,0.074220155,0.074951705,0.00073155009
1.57231,0.074537429,0.074172929,0.074901928,0.00072899849
1.57386,0.074489331,0.074126106,0.074852556,0.00072645039
1.57541,0.074441648,0.074079696,0.074803601,0.00072390555
1.57696,0.074394159,0.074033476,0.074754841,0.00072136463
1.57851,0.074347134,0.07398772,0.074706547,0.00071882712
1.58007,0.074300559,0.073942413,0.074658705,0.00071629285
1.58162,0.074254177,0.073897296,0.074611058,0.00071376258
1.58317,0.074208323,0.073852706,0.074563941,0.00071123561
1.58473,0.074162942,0.073808586,0.074517297,0.00070871191
1.58628,0.074117774,0.073764678,0.07447087,0.00070619223
1.58784,0.074073191,0.073721353,0.074425029,0.00070367577
1.58940,0.074029079,0.073678498,0.074379661,0.00070116268
1.59096,0.073985242,0.073635915,0.074334569,0.00069865349
1.59252,0.073942028,0.073593955,0.074290102,0.00069614753
1.59408,0.073899282,0.07355246,0.074246105,0.00069364501
1.59564,0.073856871,0.073511298,0.074202444,0.00069114629
1.59720,0.073815126,0.073470801,0.074159452,0.00068865079
1.59876,0.073773842,0.073430763,0.074116922,0.00068615881
1.60033,0.073732953,0.073391118,0.074074788,0.00068367054
1.60189,0.073692776,0.073352183,0.074033369,0.00068118546
1.60346,0.07365305,0.073313698,0.073992402,0.000678704
1.60503,0.073613785,0.073275672,0.073951898,0.00067622613
1.60660,0.073575269,0.073238393,0.073912145,0.00067375146
1.60816,0.073537195,0.073201555,0.073872836,0.00067128048
1.60973,0.073499663,0.073165256,0.073834069,0.000668813
1.61131,0.073462895,0.073129721,0.07379607,0.0006663487
1.61288,0.07342657,0.073094626,0.073758514,0.00066388818
1.61445,0.073390869,0.073060154,0.073721585,0.00066143104
1.61602,0.073355946,0.073026458,0.073685435,0.00065897709
1.61760,0.073321465,0.072993201,0.073649728,0.00065652699
1.61917,0.073287696,0.072960656,0.073614736,0.00065408018
1.62075,0.073254713,0.072928894,0.073580531,0.00065163654
1.62233,0.07322217,0.072897571,0.073546768,0.00064919683
1.62391,0.073190434,0.072867054,0.073513814,0.00064676031
1.62549,0.073159464,0.0728373,0.073481627,0.00064432702
1.62707,0.073128975,0.072808026,0.073449924,0.00064189762
1.62865,0.073099373,0.072779637,0.073419108,0.00063947136
1.63023,0.073070502,0.072751977,0.073389026,0.00063704841
1.63181,0.073042171,0.072724857,0.073359486,0.00063462925
1.63340,0.073014803,0.072698696,0.07333091,0.00063221323
1.63498,0.072988126,0.072673225,0.073303026,0.0006298006
1.63657,0.072962094,0.072648398,0.07327579,0.00062739165
1.63816,0.072937015,0.072624522,0.073249508,0.00062498584
1.63975,0.072912626,0.072601334,0.073223917,0.00062258349
1.64133,0.072888994,0.072578902,0.073199086,0.00062018473
1.64292,0.072866299,0.072557404,0.073175193,0.00061778909
1.64452,0.072844292,0.072536593,0.07315199,0.000615397
1.64611,0.072823162,0.072516657,0.073129666,0.00061300839
1.64770,0.072802944,0.072497632,0.073108255,0.0006106229
1.64929,0.072783413,0.072479292,0.073087533,0.00060824103
1.65089,0.072764886,0.072461955,0.073067817,0.00060586255
1.65248,0.07274724,0.072445496,0.073048983,0.00060348717
1.65408,0.072730344,0.072429786,0.073030902,0.0006011155
1.65568,0.072714457,0.072415083,0.07301383,0.00059874711
1.65728,0.072699475,0.072401285,0.072997666,0.00059638182
1.65888,0.07268532,0.07238831,0.07298233,0.00059402031
1.66048,0.072672163,0.072376332,0.072967994,0.00059166199
1.66208,0.07265994,0.072365286,0.072954593,0.00058930675
1.66368,0.072648627,0.072355149,0.072942105,0.00058695538
1.66529,0.072638293,0.07234599,0.072930597,0.00058460709
1.66689,0.072628954,0.072337823,0.072920085,0.00058226197
1.66850,0.072620554,0.072330593,0.072910514,0.00057992062
1.67010,0.072613136,0.072324345,0.072901928,0.00057758233
1.67171,0.072606808,0.072319184,0.072894431,0.0005752473
1.67332,0.072601389,0.072314931,0.072887847,0.00057291593
1.67493,0.072596981,0.072311687,0.072882275,0.00057058762
1.67654,0.072593765,0.072309633,0.072877896,0.00056826264
1.67815,0.07259142,0.072308449,0.072874391,0.00056594123
1.67976,0.072590211,0.0723084,0.072872023,0.00056362286
1.68137,0.072590114,0.07230946,0.072870768,0.00056130791
1.68299,0.072590936,0.072311438,0.072870434,0.00055899642
1.68460,0.072593038,0.072314694,0.072871382,0.00055668797
1.68622,0.072596133,0.072318941,0.072873324,0.00055438301
1.68784,0.072600224,0.072324184,0.072876265,0.00055208141
1.68945,0.072605602,0.072330711,0.072880494,0.00054978285
1.69107,0.072611839,0.072338095,0.072885583,0.00054748785
1.69269,0.072619184,0.072346586,0.072891782,0.00054519612
1.69431,0.072627659,0.072356206,0.072899113,0.00054290741
1.69593,0.072636936,0.072366625,0.072907248,0.00054062235
1.69756,0.07264742,0.07237825,0.07291659,0.00053834045
1.69918,0.072658885,0.072390854,0.072926915,0.00053606157
1.70081,0.072671208,0.072404315,0.072938101,0.00053378641
1.70243,0.072684608,0.07241885,0.072950365,0.00053151432
1.70406,0.072698944,0.072434321,0.072963567,0.00052924526
1.70569,0.072714215,0.072450725,0.072977705,0.00052697994
1.70732,0.072730423,0.072468064,0.072992782,0.00052471763
1.70895,0.072747614,0.072486385,0.073008844,0.00052245842
1.71058,0.072765633,0.072505532,0.073025734,0.00052020286
1.71221,0.072784542,0.072525567,0.073043517,0.00051795028
1.71384,0.072804492,0.072546642,0.073062343,0.0005157009
1.71547,0.072825138,0.072568411,0.073081866,0.00051345506
1.71711,0.072846748,0.072591142,0.073102354,0.0005112122
1.71874,0.07286924,0.072614754,0.073123727,0.00050897261
1.72038,0.072892407,0.072639039,0.073145775,0.00050673646
1.72202,0.072916626,0.072664374,0.073168878,0.00050450329
1.72366,0.072941536,0.072690399,0.073192672,0.00050227346
1.72530,0.072967232,0.072717208,0.073217255,0.00050004697
1.72694,0.072993834,0.072744922,0.073242746,0.00049782345
1.72858,0.073021064,0.072773262,0.073268865,0.00049560335
1.73022,0.07304918,0.072802486,0.073295873,0.0004933865
1.73186,0.073078049,0.072832463,0.073323635,0.0004911726
1.73351,0.073107608,0.072863127,0.073352089,0.0004889622
1.73515,0.073137917,0.07289454,0.073381295,0.00048675495
1.73680,0.073168985,0.07292671,0.07341126,0.00048455064
1.73845,0.073200725,0.07295955,0.0734419,0.00048234992
1.74010,0.073233122,0.072993046,0.073473198,0.00048015224
1.74175,0.073266368,0.073027389,0.073505346,0.00047795749
1.74340,0.073300092,0.073062209,0.073537976,0.0004757664
1.74505,0.073334544,0.073097755,0.073571334,0.00047357827
1.74670,0.073369764,0.073134068,0.073605461,0.00047139311
1.74835,0.073405387,0.073170781,0.073639993,0.00046921157
1.75001,0.073441836,0.073208319,0.073675352,0.00046703295
1.75166,0.073478861,0.073246433,0.07371129,0.00046485738
1.75332,0.073516402,0.073285059,0.073747744,0.00046268533
1.75498,0.073554621,0.073324363,0.073784879,0.00046051619
1.75664,0.073593387,0.073364212,0.073822562,0.00045835018
1.75830,0.073632701,0.073404608,0.073860795,0.00045618759
1.75996,0.073672578,0.073445564,0.073899592,0.0004540279
1.76162,0.073713058,0.073487122,0.073938993,0.00045187142
1.76328,0.073753956,0.073529097,0.073978815,0.00044971826
1.76494,0.073795477,0.073571693,0.074019261,0.00044756799
1.76661,0.073837467,0.073614756,0.074060177,0.000445421
1.76827,0.073879874,0.073658236,0.074101513,0.00044327724
1.76994,0.073922925,0.073702357,0.074143493,0.00044113636
1.77161,0.073966292,0.073746793,0.074185791,0.00043899884
1.77328,0.074010189,0.073791756,0.074228621,0.00043686445
1.77494,0.074054573,0.073837207,0.07427194,0.00043473293
1.77662,0.074099301,0.073882998,0.074315603,0.00043260484
1.77829,0.074144486,0.073929246,0.074359726,0.00043047979
1.77996,0.074190137,0.073975958,0.074404316,0.0004283576
1.78163,0.074236103,0.074022984,0.074449223,0.00042623891
1.78331,0.074282446,0.074070385,0.074494508,0.00042412317
1.78498,0.07432933,0.074118325,0.074540335,0.00042201028
1.78666,0.074376352,0.074166402,0.074586303,0.00041990097
1.78834,0.074423845,0.074214948,0.074632743,0.0004177945
1.79001,0.074471724,0.074263878,0.074679569,0.00041569096
1.79169,0.074519781,0.074312986,0.074726577,0.00041359091
1.79337,0.074568268,0.074362522,0.074774015,0.00041149369
1.79506,0.074617042,0.074412342,0.074821742,0.00040939947
1.79674,0.07466606,0.074462406,0.074869714,0.00040730865
1.79842,0.074715384,0.074512774,0.074917995,0.00040522065
1.80011,0.074765033,0.074563465,0.074966601,0.00040313572
1.80179,0.074814816,0.074614289,0.075015343,0.00040105409
1.80348,0.074864953,0.074665465,0.075064441,0.00039897528
1.80517,0.074915284,0.074716834,0.075113734,0.00039689961
1.80686,0.074965776,0.074768363,0.07516319,0.00039482715
1.80855,0.075016585,0.074820206,0.075212964,0.00039275749
1.81024,0.075067496,0.07487215,0.075262841,0.00039069106
1.81193,0.075118615,0.074924301,0.075312929,0.00038862773
1.81362,0.075169942,0.074976659,0.075363226,0.0003865672
1.81531,0.075221397,0.075029142,0.075413652,0.00038450996
1.81701,0.075272964,0.075081736,0.075464191,0.00038245574
1.81870,0.075324785,0.075134583,0.075514987,0.0003804043
1.82040,0.075376592,0.075187414,0.07556577,0.00037835624
1.82210,0.075428558,0.075240403,0.075616714,0.00037631109
1.82380,0.075480712,0.075293578,0.075667846,0.00037426872
1.82550,0.075532797,0.075346682,0.075718912,0.00037222979
1.82720,0.075585043,0.075399946,0.07577014,0.00037019368
1.82890,0.075637407,0.075453326,0.075821487,0.00036816037
1.83060,0.075689696,0.075506631,0.075872761,0.00036613053
1.83231,0.075742074,0.075560022,0.075924126,0.00036410344
1.83401,0.075794574,0.075613535,0.075975614,0.00036207921
1.83572,0.075846923,0.075666894,0.076026953,0.00036005836
1.83742,0.075899397,0.075720376,0.076078417,0.00035804025
1.83913,0.075951856,0.075773844,0.076129869,0.00035602509
1.84084,0.076004215,0.075827209,0.076181222,0.00035401319
1.84255,0.076056617,0.075880615,0.076232619,0.00035200404
1.84426,0.076108974,0.075933975,0.076283972,0.0003499979
1.84598,0.076161202,0.075987204,0.076335199,0.00034799494
1.84769,0.076213448,0.07604045,0.076386445,0.00034599471
1.84940,0.076265581,0.076093583,0.07643758,0.00034399756
1.85112,0.076317573,0.076146572,0.076488575,0.00034200351
1.85283,0.076369562,0.076199556,0.076539568,0.00034001217
1.85455,0.076421352,0.07625234,0.076590364,0.00033802399
1.85627,0.07647302,0.076305001,0.07664104,0.0003360388
1.85799,0.076524618,0.07635759,0.076691646,0.00033405633
1.85971,0.076575987,0.076409949,0.076742026,0.00033207708
1.86143,0.07662719,0.07646214,0.076792241,0.00033010073
1.86315,0.076678327,0.076514264,0.076842391,0.00032812709
1.86488,0.076729132,0.076566053,0.07689221,0.00032615675
1.86660,0.0767798,0.076617705,0.076941894,0.00032418921
1.86833,0.076830331,0.076669219,0.076991443,0.00032222437
1.87005,0.076880494,0.076720363,0.077040625,0.0003202629
1.87178,0.07693049,0.076771338,0.077089642,0.00031830414
1.87351,0.076980314,0.07682214,0.077138488,0.00031634812
1.87524,0.077029726,0.076872528,0.077186924,0.00031439544
1.87697,0.077078958,0.076922736,0.077235181,0.00031244544
1.87870,0.077127944,0.076972695,0.077283193,0.00031049824
1.88044,0.077176518,0.077022241,0.077330796,0.00030855429
1.88217,0.077224872,0.077071565,0.077378178,0.000306613
1.88390,0.077272917,0.07712058,0.077425255,0.0003046746
1.88564,0.077320542,0.077169173,0.077471912,0.00030273934
1.88738,0.077367912,0.077217508,0.077518315,0.00030080675
1.88912,0.077414908,0.077265469,0.077564346,0.0002988771
1.89086,0.077461476,0.077313001,0.077609952,0.00029695052
1.89260,0.077507754,0.077360241,0.077655267,0.00029502658
1.89434,0.077553593,0.07740704,0.077700145,0.00029310567
1.89608,0.077598997,0.077453404,0.077744591,0.00029118772
1.89782,0.077644075,0.077499439,0.077788712,0.00028927242
1.89957,0.077688649,0.077544969,0.077832329,0.0002873602
1.90131,0.077732783,0.077590057,0.077875508,0.00028545087
1.90306,0.077776552,0.07763478,0.077918324,0.00028354416
1.90481,0.077819754,0.077678934,0.077960574,0.00028164061
1.90655,0.077862507,0.077722637,0.078002377,0.00027973985
1.90830,0.077904863,0.077765942,0.078043784,0.00027784172
1.91006,0.077946583,0.077808609,0.078084556,0.00027594681
1.91181,0.077987851,0.077850824,0.078124879,0.0002740546
1.91356,0.078028682,0.077892599,0.078164764,0.000272165
1.91531,0.078068816,0.077933677,0.078203955,0.0002702787
1.91707,0.078108487,0.07797429,0.078242685,0.000268395
1.91882,0.078147661,0.078014404,0.078280918,0.00026651399
1.92058,0.078186126,0.078053808,0.078318444,0.00026463619
1.92234,0.078224096,0.078092716,0.078355477,0.00026276099
1.92410,0.078261502,0.078131058,0.078391947,0.00026088853
1.92586,0.078298192,0.078168683,0.078427702,0.0002590192
1.92762,0.078334354,0.078205778,0.07846293,0.00025715245
1.92938,0.078369882,0.078242238,0.078497526,0.00025528852
1.93115,0.078404694,0.078277981,0.078531408,0.00025342763
1.93291,0.078438932,0.078313147,0.078564717,0.00025156931
1.93468,0.078472485,0.078347628,0.078597342,0.00024971387
1.93644,0.078505298,0.078381367,0.078629229,0.00024786139
1.93821,0.078537523,0.078414517,0.078660529,0.00024601146
1.93998,0.07856897,0.078446888,0.078691053,0.0002441645
1.94175,0.078599705,0.078478544,0.078720865,0.00024232039
1.94352,0.078629774,0.078509535,0.078750014,0.00024047883
1.94529,0.07865905,0.07853973,0.07877837,0.0002386403
1.94706,0.078687549,0.078569147,0.078805951,0.00023680454
1.94884,0.078715413,0.078597927,0.078832898,0.00023497132
1.95061,0.078742343,0.078625773,0.078858914,0.0002331412
1.95239,0.078768569,0.078652912,0.078884225,0.00023131375
1.95417,0.07879404,0.078679296,0.078908785,0.00022948884
1.95595,0.078818597,0.078704763,0.07893243,0.00022766709
1.95772,0.078842363,0.078729439,0.078955287,0.00022584793
1.95951,0.078865405,0.078753389,0.07897742,0.00022403132
1.96129,0.078887419,0.07877631,0.078998528,0.0002222179
1.96307,0.078908681,0.078798478,0.079018885,0.00022040699
1.96485,0.078929112,0.078819812,0.079038411,0.00021859871
1.96664,0.078948538,0.078840142,0.079056935,0.00021679352
1.96842,0.078967161,0.078859665,0.079074656,0.00021499085
1.97021,0.078984888,0.078878293,0.079091484,0.00021319086
1.97200,0.079001619,0.078895922,0.079107315,0.00021139387
1.97379,0.079017479,0.078912679,0.079122279,0.0002095994
1.97558,0.079032427,0.078928523,0.079136331,0.00020780767
1.97737,0.079046305,0.078943296,0.079149315,0.00020601887
1.97916,0.079059363,0.078957247,0.07916148,0.00020423256
1.98095,0.079071338,0.078970114,0.079172563,0.00020244907
1.98275,0.079082342,0.078982008,0.079182677,0.00020066841
1.98454,0.079092384,0.078992939,0.079191829,0.00019889024
1.98634,0.079101384,0.079002826,0.079199941,0.00019711495
1.98814,0.079109321,0.07901165,0.079206992,0.00019534241
1.98994,0.079116322,0.079019536,0.079213108,0.00019357235
1.99174,0.079122179,0.079026276,0.079218082,0.00019180524
1.99354,0.07912698,0.079031959,0.079222,0.00019004079
1.99534,0.079130822,0.079036682,0.079224961,0.0001882788
1.99714,0.079133413,0.079040153,0.079226673,0.00018651984
1.99895,0.079135013,0.079042632,0.079227395,0.00018476344
2.00075,0.079135516,0.079044011,0.079227021,0.0001830095
2.00256,0.079134814,0.079044184,0.079225443,0.00018125865
2.00437,0.079132995,0.079043239,0.07922275,0.00017951028
2.00617,0.079130143,0.079041261,0.079219025,0.00017776441
2.00798,0.079125964,0.079037953,0.079213975,0.0001760216
2.00980,0.07912071,0.079033569,0.079207851,0.00017428123
2.01161,0.079114329,0.079028057,0.079200601,0.00017254343
2.01342,0.079106606,0.079021202,0.07919201,0.00017080859
2.01523,0.07909782,0.079013282,0.079182358,0.00016907619
2.01705,0.079087754,0.07900408,0.079171427,0.00016734642
2.01887,0.079076445,0.078993635,0.079159255,0.00016561954
2.02068,0.079063911,0.078981964,0.079145859,0.00016389508
2.02250,0.079050158,0.078969072,0.079131245,0.00016217331
2.02432,0.079035056,0.078954829,0.079115283,0.00016045434
2.02614,0.079018767,0.078939398,0.079098136,0.00015873779
2.02796,0.079001168,0.078922656,0.07907968,0.000157024
2.02979,0.078982189,0.078904533,0.079059845,0.00015531293
2.03161,0.078962063,0.078885261,0.079038865,0.00015360426
2.03343,0.078940434,0.078864485,0.079016384,0.00015189841
2.03526,0.078917547,0.07884245,0.078992645,0.0001501952
2.03709,0.078893348,0.078819101,0.078967596,0.00014849438
2.03892,0.078867709,0.078794311,0.078941108,0.00014679645
2.04074,0.078840735,0.078768184,0.078913285,0.00014510107
2.04258,0.078812425,0.078740721,0.078884129,0.00014340807
2.04441,0.07878266,0.078711801,0.078853519,0.00014171803
2.04624,0.078751441,0.078681425,0.078821456,0.00014003045
2.04807,0.078718971,0.078649798,0.078788144,0.00013834524
2.04991,0.078684852,0.07861652,0.078753183,0.00013666305
2.05174,0.078649399,0.078581907,0.07871689,0.00013498325
2.05358,0.078612564,0.078545911,0.078679217,0.00013330587
2.05542,0.078574078,0.078508263,0.078639894,0.00013163144
2.05726,0.078534286,0.078469307,0.078599266,0.00012995938
2.05910,0.078492915,0.07842877,0.07855706,0.00012828981
2.06094,0.078450018,0.078386706,0.078513329,0.00012662311
2.06278,0.07840565,0.07834317,0.078468129,0.00012495875
2.06463,0.078359762,0.078298114,0.078421411,0.00012329697
2.06647,0.078312298,0.078251479,0.078373117,0.00012163796
2.06832,0.07826329,0.078203299,0.078323281,0.00011998129
2.07016,0.078212781,0.078153618,0.078271945,0.00011832725
2.07201,0.078160559,0.078102221,0.078218897,0.0001166759
2.07386,0.078106885,0.078049372,0.078164399,0.00011502689
2.07571,0.07805156,0.07799487,0.078108251,0.00011338057
2.07756,0.077994559,0.07793869,0.078050427,0.00011173686
2.07942,0.077936112,0.077881064,0.07799116,0.00011009547
2.08127,0.077875821,0.077821592,0.077930049,0.00010845685
2.08312,0.077813973,0.077760563,0.077867383,0.00010682074
2.08498,0.077750526,0.077697933,0.07780312,0.00010518695
2.08684,0.077685279,0.077633501,0.077737057,0.00010355598
2.08870,0.077618463,0.0775675,0.077669427,0.00010192745
2.09056,0.077549914,0.077499763,0.077600065,0.00010030124
2.09242,0.077479624,0.077430285,0.077528963,9.8677898e-05
2.09428,0.077407723,0.077359194,0.077456251,9.7056918e-05
2.09614,0.077334351,0.077286632,0.07738207,9.5438257e-05
2.09800,0.077259416,0.077212505,0.077306328,9.3822502e-05
2.09987,0.077183099,0.077136994,0.077229203,9.2209042e-05
2.10173,0.077105605,0.077060306,0.077150904,9.0597963e-05
2.10360,0.077026745,0.07698225,0.07707124,8.8989708e-05
2.10547,0.076946848,0.076903156,0.076990539,8.7383739e-05
2.10734,0.07686597,0.07682308,0.07690886,8.5780214e-05
2.10921,0.076783982,0.076741892,0.076826071,8.417943e-05
2.11108,0.076701252,0.076659961,0.076742542,8.2580923e-05
2.11295,0.076617716,0.076577224,0.076658209,8.0984923e-05
2.11483,0.07653341,0.076493714,0.076573106,7.9391581e-05
2.11670,0.076448595,0.076409695,0.076487496,7.7800507e-05
2.11858,0.076363189,0.076325083,0.076401295,7.6212002e-05
2.12046,0.076277313,0.07624,0.076314627,7.4626074e-05
2.12233,0.076191162,0.076154641,0.076227683,7.3042405e-05
2.12421,0.076104673,0.076068942,0.076140403,7.1461366e-05
2.12610,0.076017979,0.075983038,0.076052921,6.9882822e-05
2.12798,0.075931275,0.075897121,0.075965428,6.830653e-05
2.12986,0.075844455,0.075811089,0.075877822,6.6732927e-05
2.13174,0.075757709,0.075725128,0.07579029,6.516174e-05
2.13363,0.075671222,0.075639425,0.075703018,6.3592795e-05
2.13552,0.075584825,0.075553812,0.075615838,6.20266e-05
2.13740,0.075498811,0.07546858,0.075529042,6.0462741e-05
2.13929,0.075413292,0.075383841,0.075442742,5.8901115e-05
2.14118,0.075328072,0.075299401,0.075356743,5.7342299e-05
2.14307,0.075243571,0.075215678,0.075271464,5.578574e-05
2.14496,0.075159759,0.075132643,0.075186874,5.4231444e-05
2.14686,0.075076538,0.075050198,0.075102878,5.2679938e-05
2.14875,0.07499428,0.074968715,0.075019845,5.1130649e-05
2.15065,0.074912918,0.074888127,0.07493771,4.9583686e-05
2.15254,0.074832489,0.07480847,0.074856509,4.8039431e-05
2.15444,0.074753229,0.07472998,0.074776478,4.6497384e-05
2.15634,0.074675076,0.074652597,0.074697555,4.4957724e-05
2.15824,0.074598215,0.074576505,0.074619926,4.3420692e-05
2.16014,0.074522711,0.074501768,0.074543654,4.188586e-05
2.16204,0.074448589,0.074428412,0.074468766,4.0353474e-05
2.16395,0.074376009,0.074356597,0.074395421,3.8823636e-05
2.16585,0.07430502,0.074286372,0.074323668,3.729599e-05
2.16776,0.074235709,0.074217824,0.074253595,3.5770849e-05
2.16966,0.074168164,0.07415104,0.074185289,3.4248178e-05
2.17157,0.074102452,0.074086088,0.074118816,3.272769e-05
2.17348,0.074038725,0.07402312,0.074054329,3.1209766e-05
2.17539,0.073976976,0.073962128,0.073991823,2.9694233e-05
2.17730,0.073917305,0.073903215,0.073931395,2.8180874e-05
2.17922,0.073859929,0.073846594,0.073873264,2.6670138e-05
2.18113,0.073804738,0.073792157,0.073817319,2.5161715e-05
2.18304,0.073751943,0.073740115,0.073763771,2.3655458e-05
2.18496,0.073701617,0.073690541,0.073712693,2.2151882e-05
2.18688,0.073653748,0.073643423,0.073664073,2.0650541e-05
2.18880,0.073608597,0.073599022,0.073618173,1.9151357e-05
2.19072,0.073566085,0.073557257,0.073574912,1.7654912e-05
2.19264,0.073526301,0.073518221,0.073534382,1.6160625e-05
2.19456,0.073489536,0.073482202,0.073496871,1.4668548e-05
2.19648,0.073455628,0.073449038,0.073462217,1.3179144e-05
2.19841,0.073424696,0.07341885,0.073430542,1.1691883e-05
2.20033,0.073397079,0.073391975,0.073402182,1.0206891e-05
2.20226,0.073372542,0.07336818,0.073376905,8.7244946e-06
2.20419,0.073351228,0.073347606,0.07335485,7.2442318e-06
2.20611,0.073333522,0.073330639,0.073336405,5.7662961e-06
2.20804,0.073319125,0.07331698,0.07332127,4.2908785e-06
2.20998,0.073308196,0.073306787,0.073309605,2.817586e-06
2.21191,0.073301163,0.07330049,0.073301836,1.3466787e-06
2.21384,0.073297672,0.073297733,0.073297611,-1.2178784e-07
2.21578,0.073297897,0.073298691,0.073297103,-1.5881377e-06
2.21771,0.073302297,0.073303823,0.073300771,-3.0520449e-06
2.21965,0.073310481,0.073312738,0.073308224,-4.5135881e-06
2.22159,0.073322647,0.073325633,0.07331966,-5.973023e-06
2.22353,0.073339219,0.073342934,0.073335504,-7.4299583e-06
2.22547,0.073359847,0.073364289,0.073355405,-8.8846057e-06
2.22741,0.073384715,0.073389884,0.073379547,-1.0337153e-05
2.22935,0.073414225,0.073420118,0.073408331,-1.1787145e-05
2.23129,0.073448067,0.073454684,0.073441449,-1.3234924e-05
2.23324,0.073486393,0.073493733,0.073479052,-1.4680612e-05
2.23519,0.073529609,0.073537671,0.073521547,-1.6123688e-05
2.23713,0.073577436,0.073586218,0.073568653,-1.7564627e-05
2.23908,0.073629967,0.073639468,0.073620465,-1.9003468e-05
2.24103,0.073687668,0.073697887,0.073677448,-2.0439671e-05
2.24298,0.073750249,0.073761186,0.073739313,-2.1873796e-05
2.24494,0.073817754,0.073829407,0.073806101,-2.3305767e-05
2.24689,0.073890693,0.073903061,0.073878326,-2.4735176e-05
2.24884,0.073968803,0.073981884,0.073955721,-2.6162516e-05
2.25080,0.074052056,0.07406585,0.074038262,-2.7587644e-05
2.25276,0.07414098,0.074155485,0.074126475,-2.9010286e-05
2.25471,0.074235389,0.074250604,0.074220174,-3.0430868e-05
2.25667,0.074335165,0.074351089,0.07431924,-3.1849181e-05
2.25863,0.07444082,0.074457453,0.074424188,-3.3265083e-05
2.26060,0.074552302,0.074569641,0.074534962,-3.4678934e-05
2.26256,0.074669373,0.074687418,0.074651328,-3.6090461e-05
2.26452,0.074792506,0.074811256,0.074773756,-3.7499651e-05
2.26649,0.074921833,0.074941287,0.07490238,-3.8906798e-05
2.26845,0.075056974,0.07507713,0.075036818,-4.0311565e-05
2.27042,0.075198327,0.075219184,0.07517747,-4.1714071e-05
2.27239,0.075346275,0.075367832,0.075324717,-4.3114542e-05
2.27436,0.075500259,0.075522515,0.075478002,-4.4512577e-05
2.27633,0.075660574,0.075683528,0.07563762,-4.5908425e-05
2.27830,0.075827916,0.075851567,0.075804265,-4.7302246e-05
2.28028,0.076001518,0.076025865,0.075977171,-4.8693577e-05
2.28225,0.076181622,0.076206663,0.07615658,-5.0082794e-05
2.28423,0.076369045,0.07639478,0.07634331,-5.1469993e-05
2.28620,0.076563041,0.076589468,0.076536614,-5.2854648e-05
2.28818,0.076763819,0.076790938,0.076736701,-5.4237261e-05
2.29016,0.076971935,0.076999744,0.076944126,-5.5617829e-05
2.29214,0.077187115,0.077215613,0.077158617,-5.699587e-05
2.29412,0.077409344,0.07743853,0.077380158,-5.8371906e-05
2.29611,0.077638874,0.077668747,0.077609001,-5.9745843e-05
2.29809,0.077876027,0.077906585,0.077845468,-6.1117325e-05
2.30008,0.078120482,0.078151725,0.078089239,-6.2486812e-05
2.30206,0.078372247,0.078404175,0.07834032,-6.3854143e-05
2.30405,0.07863206,0.078664669,0.07859945,-6.5219094e-05
2.30604,0.078899518,0.078932809,0.078866227,-6.6582058e-05
2.30803,0.079174513,0.079208484,0.079140541,-6.7942811e-05
2.31002,0.079457497,0.079492147,0.079422846,-6.9301258e-05
2.31201,0.079748734,0.079784063,0.079713406,-7.0657725e-05
2.31401,0.080047735,0.080083741,0.080011729,-7.2011929e-05
2.31600,0.080354619,0.080391301,0.080317937,-7.3363897e-05
2.31800,0.080670413,0.080707769,0.080633056,-7.4713895e-05
2.32000,0.080994196,0.081032227,0.080956166,-7.6061575e-05
2.32199,0.081326117,0.081364821,0.081287414,-7.7407093e-05
2.32399,0.081666831,0.081706206,0.081627456,-7.8750647e-05
2.32599,0.082016175,0.082056221,0.081976129,-8.0091831e-05
2.32800,0.08237394,0.082414655,0.082333225,-8.1430924e-05
2.33000,0.082740266,0.08278165,0.082698882,-8.2768062e-05
