variant,z,whitened_residual
identity,0.00299,0.5012520033431345
identity,0.0046,-0.3912814581450138
identity,0.0046,0.6181234058835274
identity,0.0046,-0.37073496537635786
identity,0.0046,3.80993141901646
identity,0.00458,0.7831014634790261
identity,0.00701,-1.6707640083392967
identity,0.00489,1.1292592236096788
identity,0.00489,1.0638933409656026
identity,0.00505,0.4172474810618821
identity,0.00603,1.4574563296232053
identity,0.00551,-2.213586071531771
identity,0.00551,-1.8984565625662477
identity,0.00552,0.6409985363445684
identity,0.00552,0.40488679110366366
identity,0.00552,0.14815011434894854
identity,0.00567,2.0457453085715644
identity,0.00548,2.0330070780658716
identity,0.00801,-2.6341184525390307
identity,0.00594,-2.5042446268667033
identity,0.00812,-2.2075859842314163
identity,0.00611,1.437779942920377
identity,0.00722,-0.22270288927787762
identity,0.00722,-0.2547166792668749
identity,0.00769,0.46602282609249657
identity,0.00788,0.5723985289348985
identity,0.00867,-1.1427160400153746
identity,0.0078,-0.3362692019469733
identity,0.00758,2.1032400569428327
identity,0.00775,-0.10971189737643353
identity,0.00775,0.4594499826696564
identity,0.00812,0.157557083671269
identity,0.00841,-1.3852449611522868
identity,0.00841,-1.275179443670704
identity,0.00841,-1.2922232957469726
identity,0.00837,0.775935726670731
identity,0.00853,0.1945795280506912
identity,0.00853,-0.14697625675286785
identity,0.01029,-2.863648759196355
identity,0.01051,-1.3662225162794983
identity,0.01051,-1.132235573523742
identity,0.00957,-0.7793491459414978
identity,0.00957,-0.11631987925215193
identity,0.009,2.559415560099418
identity,0.01042,-1.419816057637602
identity,0.00979,-0.7879938458223732
identity,0.00979,-0.16083166184377615
identity,0.00921,1.9849702765955253
identity,0.00921,1.10432504003231
identity,0.0098,0.16005587561566587
identity,0.01048,-0.44154689389917373
identity,0.0104,1.4914657217566218
identity,0.01238,1.179171433020787
identity,0.01238,0.4719444960696372
identity,0.01096,2.200858598913054
identity,0.01096,0.6003584324575026
identity,0.01096,0.853727927357995
identity,0.01189,0.7058549039441625
identity,0.01168,0.3867344637528738
identity,0.01275,0.9980736298796592
identity,0.01244,0.8147966478034476
identity,0.01142,1.6938706226843112
identity,0.0126,1.1298462450943567
identity,0.0122,0.9442176859022016
identity,0.0122,0.8453459928459542
identity,0.01247,-0.04046434203184246
identity,0.01247,-0.4866809572039569
identity,0.01407,-0.6811215158688282
identity,0.01306,-0.287673716394727
identity,0.01306,-0.8232966448743132
identity,0.01309,0.4060785045403956
identity,0.01309,0.4963210040070518
identity,0.01222,0.3245601241792412
identity,0.01222,0.16478599939743158
identity,0.01288,1.6366380292563358
identity,0.01288,1.0351161293884996
identity,0.01288,0.45059004386323964
identity,0.0136,0.05988781978445473
identity,0.0136,-0.34447752891151434
identity,0.0136,-0.1388859440307783
identity,0.01314,0.2638850084208531
identity,0.01361,-0.5454465676201001
identity,0.01434,-1.2333743000128625
identity,0.014,-0.17849361422311633
identity,0.014,-0.8691901605308315
identity,0.01406,-0.3651651785240207
identity,0.01424,-0.04723154800710605
identity,0.01386,0.9919981917614913
identity,0.01386,0.6905665087259154
identity,0.01509,1.2951380370183483
identity,0.01509,-0.395824396062349
identity,0.01509,0.2997922600455153
identity,0.01416,0.1639360036167005
identity,0.01504,0.6190315214916158
identity,0.01457,-1.1208164850719182
identity,0.0142,-0.0774973040326104
identity,0.01422,0.1618689867546116
identity,0.01503,-0.8287327452943912
identity,0.01503,-0.628117500576273
identity,0.01448,-0.18156088363737133
identity,0.01429,-0.38100193936419846
identity,0.01472,0.27240448672692363
identity,0.01449,0.8557947047648248
identity,0.01402,-0.007835301655909344
identity,0.01483,0.2018485640054505
identity,0.01483,-0.2772283305776969
identity,0.01509,-0.36900167734063605
identity,0.01495,0.8851958617682493
identity,0.01529,-1.4838731195995014
identity,0.01522,0.012000110520775348
identity,0.01518,1.1082490680893256
identity,0.01566,-0.07284853599165889
identity,0.01572,-0.33011366941439674
identity,0.01493,1.3149806564718685
identity,0.01534,0.9978338971155633
identity,0.01534,0.6922836709450612
identity,0.01534,-0.19500922327279518
identity,0.01534,-0.6683900271145742
identity,0.01592,-1.4696167243869536
identity,0.01592,-1.182135851553668
identity,0.01506,0.8943753518801861
identity,0.01506,0.36330437329426424
identity,0.01539,1.3581055120234713
identity,0.01527,0.584878187249591
identity,0.01629,-1.1954712169494068
identity,0.01629,-0.4477291549183665
identity,0.01556,-0.3887023575175063
identity,0.01556,-1.1682286185750579
identity,0.01579,1.3489664943898985
identity,0.01619,-0.4548935535014629
identity,0.01579,0.3867310398638709
identity,0.01579,0.2935025292507166
identity,0.01538,-0.12354891888383862
identity,0.01636,-0.131947581638169
identity,0.01619,1.2363771547492663
identity,0.01595,-0.4466531840745823
identity,0.0157,0.398466197402103
identity,0.01612,-0.4183667670382946
identity,0.01581,1.320976558381471
identity,0.01633,1.2121972821601374
identity,0.0163,-1.8053171387911655
identity,0.01632,-0.22849853016468485
identity,0.01601,-0.5336364941635312
identity,0.0161,-1.210123269972314
identity,0.0161,-0.7909640188149178
identity,0.01671,1.0311316550302132
identity,0.01678,0.6172190460919136
identity,0.01673,-0.8835518819664983
identity,0.01661,-0.2440284353564633
identity,0.01658,-0.9290969306148396
identity,0.01658,0.4131545656605611
identity,0.01697,2.1135928533062707
identity,0.01649,-0.1374613504447501
identity,0.01649,-0.17931325236177287
identity,0.0168,0.9280140277951012
identity,0.0168,1.608605716339456
identity,0.01694,0.4509868862388252
identity,0.01709,-0.0559500730687118
identity,0.01709,-0.26009424963274685
identity,0.01646,-1.3967866779135405
identity,0.01774,-0.26061945739864484
identity,0.01774,-0.3489166769286622
identity,0.01718,-1.1142719511723425
identity,0.01748,-0.39957145004233585
identity,0.01734,0.24392271789501324
identity,0.01734,-0.30348345437767377
identity,0.01739,-0.3220146237115466
identity,0.01739,-0.642515380221008
identity,0.01765,-0.5112217391184952
identity,0.01791,-1.0404048530712884
identity,0.01805,1.3634969875836964
identity,0.01918,3.2745954378751403
identity,0.01791,-0.9708352911544708
identity,0.01796,0.2659309722764286
identity,0.01925,-0.13724144456220844
identity,0.01925,0.15563881046316366
identity,0.01851,0.944096299732557
identity,0.01851,0.6150025762074295
identity,0.01902,0.3203062626987038
identity,0.01822,0.7672406352415064
identity,0.01822,0.3173021914704921
identity,0.01839,-0.07671969343541862
identity,0.01955,1.4375122287487232
identity,0.01955,1.3191256573851429
identity,0.01835,0.8178968792564099
identity,0.01835,0.7220807460403775
identity,0.01992,0.021875843651353973
identity,0.01855,-0.459328063900956
identity,0.01948,0.735806534252635
identity,0.01976,-0.5905364415406018
identity,0.02033,-0.9961920041586179
identity,0.02033,0.5644778245559747
identity,0.01926,0.4031436562009132
identity,0.01926,-0.18692292217543466
identity,0.01926,0.12498740160301067
identity,0.01926,0.6738282867876568
identity,0.0187,3.904832915628049
identity,0.02019,0.9729788020662444
identity,0.02019,-0.25442143942503526
identity,0.02066,-1.0034445098524674
identity,0.02066,-0.7102310047189596
identity,0.02066,-1.0929050995681244
identity,0.02121,-0.7417681525171553
identity,0.01983,2.028693297266619
identity,0.02039,-0.44613936182728003
identity,0.02061,-1.9866474987739646
identity,0.02014,-0.4562421226734359
identity,0.02079,-1.1165318264030966
identity,0.02087,-0.24446065273185663
identity,0.02087,-0.3440416072927807
identity,0.02046,0.5557735399264753
identity,0.02001,0.44407906312413425
identity,0.01993,0.23307833048902035
identity,0.02093,-2.5826488935754828
identity,0.02207,-0.2876796639032354
identity,0.02146,1.5775696376722417
identity,0.02146,1.2563173410284783
identity,0.02187,-0.5745479972134194
identity,0.02187,-0.6569981675587904
identity,0.02187,-0.4603013357575514
identity,0.01978,0.76185902728576
identity,0.02179,-3.1926382303209047
identity,0.02017,-0.4269073133427339
identity,0.02104,-0.5538865553895289
identity,0.02157,-0.032613076255251894
identity,0.0214,0.043236701580654374
identity,0.0214,0.028253788330029297
identity,0.02263,-0.10570400463908863
identity,0.02245,0.5097385459696679
identity,0.02193,-0.8419776544213493
identity,0.02209,-0.6611979687794786
identity,0.02202,0.4889043817037596
identity,0.02238,0.7846569446767929
identity,0.02292,0.6960394725197427
identity,0.02161,-0.07386374727416872
identity,0.02161,0.12774042071026642
identity,0.02257,0.08211499303594
identity,0.02214,0.02728996650991955
identity,0.02214,0.6800977759773581
identity,0.02217,-0.6327304997358618
identity,0.02334,-1.2523738386491465
identity,0.02334,-0.284176041040738
identity,0.02181,-0.33473224784801164
identity,0.02181,0.11226374446187103
identity,0.02253,0.9939686668911731
identity,0.02253,-1.015424879287547
identity,0.02382,-1.4044557661186574
identity,0.02226,-0.03134269888021002
identity,0.02224,-0.6821665581788223
identity,0.02368,1.3020726697537248
identity,0.02374,-1.2212233263304424
identity,0.0226,0.5315971803816449
identity,0.0226,0.22899506798282743
identity,0.0235,0.018223435573340774
identity,0.02324,-0.7263324258510148
identity,0.02317,0.3617761423687723
identity,0.02262,-0.057746378311857416
identity,0.02287,0.1171530054189126
identity,0.02222,1.1795035466114006
identity,0.02295,-1.1006785204913656
identity,0.02295,-1.9178446999506356
identity,0.02328,0.22839981966159995
identity,0.02328,0.29072483989773684
identity,0.02328,-0.09974148167390132
identity,0.02315,-0.31005569926427023
identity,0.02315,-0.4288500316377364
identity,0.02309,-0.566354541679496
identity,0.02405,-1.4502200956530027
identity,0.0245,-0.5915386795383941
identity,0.0228,0.8877553920480237
identity,0.0228,-0.15594977994954595
identity,0.02331,-2.0482160515545447
identity,0.0222,0.4305813603837696
identity,0.02422,-0.9471767777228014
identity,0.02307,0.3165936937763399
identity,0.02396,-0.44480848359032693
identity,0.02296,0.3326413148493808
identity,0.02454,-1.3399488933818176
identity,0.02358,0.7906543051074345
identity,0.02436,0.29207843980054293
identity,0.02436,-2.56595546161033
identity,0.02421,-1.1192842402008938
identity,0.0242,-0.6281260319234441
identity,0.0242,0.7564463189968216
identity,0.0245,0.6921784948576758
identity,0.02425,0.3010430803945378
identity,0.02395,-0.05442168706087713
identity,0.02395,-0.3364537822250554
identity,0.02349,1.4788734047264736
identity,0.02414,-0.22503034981842313
identity,0.02476,-0.45493891767064
identity,0.02476,0.25453596632636
identity,0.02476,-1.151531768674462
identity,0.02395,1.180939102302018
identity,0.02451,0.2685878660385102
identity,0.02451,-0.01697234596445435
identity,0.02451,-1.0754209305502596
identity,0.02426,-0.8396832671040959
identity,0.02426,-1.970521603976132
identity,0.02406,-0.9975200864913154
identity,0.02404,0.35503360910056864
identity,0.02491,0.5795008686545031
identity,0.02553,0.4073603794907855
identity,0.02481,-1.9024114928871243
identity,0.02481,-2.15924243373746
identity,0.02413,0.8857222835741867
identity,0.02481,-0.1123302919548522
identity,0.02499,-0.5553736865266752
identity,0.02443,-2.5366830411046357
identity,0.025,-0.8922865844382628
identity,0.025,0.44934157730994173
identity,0.025,0.7173907401868247
identity,0.02469,0.22924519300300322
identity,0.02469,0.12476635521975449
identity,0.02547,-1.2438168530768414
identity,0.02494,-0.9605933318467628
identity,0.02494,-0.9057668844713418
identity,0.02582,-0.08475096059997289
identity,0.02522,0.4671261921685678
identity,0.02474,0.5402335549861621
identity,0.02492,-0.46473239707890845
identity,0.02592,-1.4174784411463812
identity,0.02538,-0.30255946093021013
identity,0.02525,1.850259456960095
identity,0.02584,0.9082648530758886
identity,0.02584,-1.0251185263191944
identity,0.02584,-1.4687658185300043
identity,0.02618,0.7481177614099781
identity,0.02597,0.6056493128566836
identity,0.02597,0.4944048543707495
identity,0.02579,-0.5858779874159563
identity,0.02595,0.9029916290607186
identity,0.02603,0.4337862356618559
identity,0.02603,0.5908797172002639
identity,0.02691,-1.3929954194666196
identity,0.02643,-0.08597663390194793
identity,0.0264,0.5685153594928521
identity,0.02724,0.005374960416580865
identity,0.02633,0.34010332171883223
identity,0.02655,0.5558048278068745
identity,0.02655,-0.7567262466312189
identity,0.02655,-0.2856376309880009
identity,0.02643,0.8380790840874976
identity,0.0266,0.29261435154839144
identity,0.02721,1.336206287584084
identity,0.02717,-1.6074722966388193
identity,0.02717,-0.3868110939526897
identity,0.02717,-0.8885640094743187
identity,0.02676,0.3073412024548041
identity,0.0277,1.9684627369811003
identity,0.02704,-1.3127811352571437
identity,0.02759,2.1695803001369116
identity,0.02748,0.17387993035537952
identity,0.02827,-0.632146576524581
identity,0.02775,-0.13299816884252263
identity,0.02831,0.9868622720579295
identity,0.02831,1.1891706058178828
identity,0.02831,0.8140097650641362
identity,0.02794,-0.785010645463402
identity,0.02834,-0.23034825505537343
identity,0.02834,-0.41477685838730216
identity,0.02778,-1.7109049377746803
identity,0.02732,0.8964608323657888
identity,0.02732,-0.7482375657187094
identity,0.02732,0.08924430133132522
identity,0.02802,-0.6394426980741599
identity,0.02829,1.2050503004137842
identity,0.02779,1.6842502352841573
identity,0.02953,-0.8163454524245483
identity,0.02859,0.07297445075751641
identity,0.02806,-2.7826646738319005
identity,0.02828,0.14173984425164882
identity,0.02871,0.2687245659128565
identity,0.02845,-2.2871835598670387
identity,0.02875,0.5563891948065052
identity,0.02844,2.2151453823230036
identity,0.0285,-1.3706947897022954
identity,0.02895,1.2658902230713442
identity,0.02895,0.9047906068547136
identity,0.02874,0.17701233540956293
identity,0.0299,-1.8644464073273763
identity,0.02886,-1.4760376651460847
identity,0.02896,0.899649015377054
identity,0.0305,-0.7286162784506014
identity,0.03053,-0.9098326549763728
identity,0.029,0.2520921316281128
identity,0.03048,-1.9420007661418779
identity,0.02935,0.24390670494305833
identity,0.02988,-0.035241606481530297
identity,0.02934,-0.2596269940162114
identity,0.02962,2.9195159031803435
identity,0.02978,0.0688997528428128
identity,0.02978,-0.20498689265040088
identity,0.02978,-0.24076981820141083
identity,0.03025,-0.02902248433643506
identity,0.03002,0.25860950594164056
identity,0.02994,-0.3119311178209767
identity,0.02973,0.2874971945224958
identity,0.02965,-1.2152580923357221
identity,0.03099,-0.7865399010196071
identity,0.03004,0.6200977932731813
identity,0.0298,-0.1869270947961704
identity,0.03007,-0.862022899189428
identity,0.03093,-0.7033638399169558
identity,0.03136,0.9175825050886193
identity,0.03072,1.2099309165475687
identity,0.03072,-0.5815713133343836
identity,0.03072,-1.4189586606266769
identity,0.03013,0.23739471924302163
identity,0.03107,0.45744281542398735
identity,0.03107,-0.6301479844846835
identity,0.03132,-0.1643397245488869
identity,0.03093,-0.1708613341782095
identity,0.03156,0.3174270976201534
identity,0.03141,-0.9510793349473508
identity,0.03141,-0.020966909856085514
identity,0.03141,-1.012181021970127
identity,0.03241,0.6631314558194948
identity,0.03241,0.03796462579303603
identity,0.03241,0.5126614177520299
identity,0.03075,0.03153132931147315
identity,0.03107,0.258792054643859
identity,0.03264,-1.1828611306880903
identity,0.03123,1.7683930923410625
identity,0.03081,0.7139713046087339
identity,0.03081,1.3124043459499748
identity,0.03081,0.43829872284859717
identity,0.03081,0.5540517767408846
identity,0.03279,0.3510422854474202
identity,0.03207,-1.1097969016320508
identity,0.03158,-1.2130723632999163
identity,0.03174,0.14619570263759993
identity,0.03201,-0.5514003337798499
identity,0.03212,0.8942298455236717
identity,0.03212,0.3569179484943412
identity,0.03183,1.734945919829203
identity,0.03183,-0.9826860360976175
identity,0.03189,1.7037851706402578
identity,0.03246,-0.20105282826673232
identity,0.03246,-0.39695372246348587
identity,0.03246,-0.14708300219171683
identity,0.0337,-0.9525009535599307
identity,0.03337,0.7224018302649354
identity,0.03212,0.5884503840933992
identity,0.03212,0.32845481419252953
identity,0.0325,0.1948325932420328
identity,0.0325,1.428412957351405
identity,0.03314,-0.9581119545615289
identity,0.03245,-0.14520888693373457
identity,0.03245,0.7601190075267337
identity,0.03336,0.3605696726260813
identity,0.03292,1.577914731131048
identity,0.03292,0.7791108038776611
identity,0.03309,0.40554292562700356
identity,0.03344,0.10807974982606727
identity,0.03316,1.753218126888908
identity,0.03323,0.45603189405391087
identity,0.0331,1.2778424257863605
identity,0.03432,-0.09780150409335064
identity,0.03352,0.9962992598161224
identity,0.03352,0.5350445561147665
identity,0.03565,-0.7778216015347224
identity,0.03533,-0.558671209144006
identity,0.0337,0.8312350855468802
identity,0.03481,-1.0132063719511128
identity,0.0341,0.1942736086501368
identity,0.03351,1.181230931305165
identity,0.03492,0.25658825369711646
identity,0.03574,0.24608992902839158
identity,0.03369,0.15599562345471768
identity,0.03369,0.09948116359513529
identity,0.03497,-0.2514830006360134
identity,0.03445,0.38269396436918907
identity,0.03518,0.3490874121400587
identity,0.03542,2.5103423428860956
identity,0.03495,0.5734690152888021
identity,0.03495,1.775273161360004
identity,0.03564,0.025632034025270867
identity,0.03501,-2.2328638693307123
identity,0.03592,0.43619520611938306
identity,0.03544,-0.3141862270537491
identity,0.03602,1.9098492564967007
identity,0.03577,0.6108284797286019
identity,0.03643,-0.1918860929352384
identity,0.03643,-0.483921017603705
identity,0.03725,0.2301889573010647
identity,0.03631,-1.0562484200802973
identity,0.03631,0.5832632331960719
identity,0.03616,1.0162477636454386
identity,0.03654,0.5685418341354203
identity,0.03591,0.6003017473761599
identity,0.03646,0.7821357547043742
identity,0.03627,0.7229813006317771
identity,0.03627,0.13929774121662103
identity,0.03589,-0.3633284032177754
identity,0.03704,0.0737527294985198
identity,0.03639,-0.06529558470756056
identity,0.03652,2.9332737704114376
identity,0.03652,0.7840639322962935
identity,0.03761,-0.32913880645979976
identity,0.03672,0.6826764889481893
identity,0.03641,0.7785797995249766
identity,0.03732,-1.0183679116435647
identity,0.03732,-1.1205824465547478
identity,0.0379,0.462682059744655
identity,0.03762,2.9059577449682616
identity,0.0394,0.3463883787532946
identity,0.03748,2.57474299599291
identity,0.03835,-0.27134476803173
identity,0.03832,-0.40631308106282205
identity,0.03871,-0.7647957369160661
identity,0.038,0.7018163843709582
identity,0.03928,0.727317771609561
identity,0.03996,1.219239225090192
identity,0.03891,2.4099854798142
identity,0.04015,-1.3173363865020367
identity,0.04015,-0.36683048557993786
identity,0.03975,-1.0762586161079786
identity,0.04056,-0.5736232919964723
identity,0.04045,0.9500498748385604
identity,0.04027,-1.3504109189306812
identity,0.04059,1.3677619259368163
identity,0.04023,1.806915941113058
identity,0.0428,-0.2830374468666318
identity,0.04239,0.7019339791273745
identity,0.04223,0.3672535428088664
identity,0.04251,-2.148863283859975
identity,0.0413,-0.05143630362161894
identity,0.0413,-0.3883328914395083
identity,0.04265,-0.8878668620517857
identity,0.04252,-0.5085733460580746
identity,0.04328,1.0993198057490399
identity,0.04275,-0.7635319428667342
identity,0.04275,-0.10788821487091149
identity,0.04391,-0.8085592602022138
identity,0.04307,-0.13233336367398962
identity,0.04404,0.9129045334338489
identity,0.04397,-0.4719771850856647
identity,0.0451,1.0709546195192086
identity,0.04366,1.0086616875876977
identity,0.04429,0.5698484938608289
identity,0.04433,1.1732365904620408
identity,0.04502,0.08488291750973403
identity,0.04496,0.4130376125207246
identity,0.04496,0.6679892519866015
identity,0.04488,-2.2078300021533828
identity,0.04549,-0.6078453130689752
identity,0.04627,-1.5170006660163287
identity,0.04612,0.7816773071563157
identity,0.04541,-1.064368305110071
identity,0.04673,-0.10757334113027095
identity,0.0467,-0.4665589013882851
identity,0.04692,-0.5324980700339569
identity,0.04692,0.036914016436882635
identity,0.04764,0.8872410811491644
identity,0.04677,0.254247427848861
identity,0.04734,0.553004856810791
identity,0.04768,0.5275502543312818
identity,0.0478,-0.030936565669060723
identity,0.04777,-0.40291670799240975
identity,0.04777,-1.6719348920737742
identity,0.04867,-2.5681699665618147
identity,0.04839,0.33107835485663395
identity,0.05018,-0.13665313523594846
identity,0.04896,-1.299364469116949
identity,0.04928,-0.2857378010398187
identity,0.05019,0.040358453293521224
identity,0.04952,-1.5308433926318201
identity,0.0498,-0.5738140097651077
identity,0.04998,1.7052226620057886
identity,0.04944,-0.4024400062495311
identity,0.0497,-1.5609167793182173
identity,0.05063,-0.970890253351341
identity,0.05071,0.036020781093045295
identity,0.04995,0.7507286444389214
identity,0.05139,1.556166285653379
identity,0.05196,-2.332945897231726
identity,0.05165,-1.0990778846153462
identity,0.05148,0.41926782119810296
identity,0.05232,0.6576679075157753
identity,0.05232,-1.8636477129044449
identity,0.05229,0.4184728142825811
identity,0.0532,0.7818515091966384
identity,0.05268,-0.06083731768681533
identity,0.05291,0.5516087894097742
identity,0.05449,0.11050247186264883
identity,0.0543,-0.32132614585105523
identity,0.05485,0.052711348416006
identity,0.05529,-1.8552713953012543
identity,0.05513,-0.09805681148542156
identity,0.05641,-0.8158689611497765
identity,0.05658,-0.2747307641762648
identity,0.05668,0.7194732105515784
identity,0.05631,0.39303777163162634
identity,0.0568,0.6323486367879977
identity,0.0576,0.06204044093042754
identity,0.0576,-0.4286218352737907
identity,0.05708,0.0021682885194138635
identity,0.05837,-0.09734791113902819
identity,0.05837,1.104155310489789
identity,0.05934,-1.5420351406253858
identity,0.06079,-0.4235867673205711
identity,0.0613,0.6569643815347375
identity,0.0613,0.7297190655726311
identity,0.06067,0.6081693563821576
identity,0.06116,-1.0259761699680403
identity,0.06116,-1.138159899166252
identity,0.06142,-0.23713252753984848
identity,0.0637,1.477318267566491
identity,0.06419,-1.8117543480994516
identity,0.06398,-1.1691726227534152
identity,0.06485,-1.3553136935811547
identity,0.06603,0.5876319453726311
identity,0.06652,-0.624171506137401
identity,0.06723,0.811197578101428
identity,0.06731,-0.8321651856272081
identity,0.06758,1.3943228590168553
identity,0.06841,-0.9002230926117715
identity,0.06908,0.5624973422081931
identity,0.0691,-0.8270199937281866
identity,0.07076,-0.44215662050459
identity,0.07028,-0.8529526169136168
identity,0.07028,-0.7594038436616233
identity,0.07046,0.5638335255421233
identity,0.07113,-0.10653970896047096
identity,0.07068,-0.08143643698058584
identity,0.07061,0.8178545955078294
identity,0.07074,-0.45164282759018903
identity,0.07094,-0.668161693721761
identity,0.07149,-1.7597675655227267
identity,0.07134,-0.25439374694573613
identity,0.07193,0.8783416903617316
identity,0.07196,0.8389316532086153
identity,0.07301,0.3402828728672131
identity,0.07398,0.13250944189585556
identity,0.07478,-0.5516181275045344
identity,0.07467,-0.7984005334401041
identity,0.0749,-0.9219884313506914
identity,0.0749,-0.015115814403219185
identity,0.07514,1.170380772757447
identity,0.07529,-0.23671016161821307
identity,0.07557,0.3671776111762712
identity,0.07855,-0.9083555717141222
identity,0.07833,1.726091058390334
identity,0.07849,1.966803642198459
identity,0.07849,3.1750493175950774
identity,0.07869,-0.12186253809350514
identity,0.07891,0.4776504890370878
identity,0.07901,-1.4061847218793213
identity,0.07966,-0.9651467659536764
identity,0.08024,-0.5005115042747221
identity,0.08141,-0.22725585783351587
identity,0.08221,0.21727665003725632
identity,0.08255,-0.4557671146088109
identity,0.08282,1.292182342389085
identity,0.08366,0.733616723806366
identity,0.08544,-0.33738978305041956
identity,0.08656,-0.38741900239827104
identity,0.08848,-0.8313226196177563
identity,0.09015,-0.35761997889293595
identity,0.09066,0.17083974982993022
identity,0.09181,0.8871614178353555
identity,0.09284,0.4439405290920388
identity,0.09968,1.7036698566914752
identity,0.10142,0.30101735643121347
identity,0.10237,0.9848203729199543
identity,0.10231,-0.1811497543751457
identity,0.10298,-1.0254836740668307
identity,0.10338,0.2812681779824914
identity,0.10351,-0.6698599955129049
identity,0.10485,0.5803999917270738
identity,0.10638,-0.7477151495821694
identity,0.10684,0.7132557014196128
identity,0.10694,0.306191813895922
identity,0.10728,1.1825868908466484
identity,0.10751,0.7202238564513324
identity,0.1081,-0.02208316125765497
identity,0.10886,-0.25284408082455867
identity,0.10988,0.9242680677709421
identity,0.11243,0.9103594971940215
identity,0.11365,-1.2492423587099362
identity,0.11628,-0.4642224213719993
identity,0.11635,0.38719546047116404
identity,0.11741,0.03637011048060812
identity,0.11771,-0.14301753278504636
identity,0.11797,-2.1837307074170704
identity,0.11878,-0.6210826571384294
identity,0.11992,-0.3684011789766851
identity,0.12042,0.5570288962820009
identity,0.12067,-0.21333655022575465
identity,0.1219,-1.089800413256866
identity,0.12208,-0.50228602686442
identity,0.12262,-0.3130937157379632
identity,0.12303,-0.4740755091241651
identity,0.12336,-0.9546797791501355
identity,0.12356,0.6194301305319687
identity,0.12363,0.919778437310617
identity,0.12377,-0.8213532656630385
identity,0.12384,0.6842391801194126
identity,0.12455,0.2834389874950386
identity,0.12542,2.008358128143637
identity,0.12608,-1.2874594290944237
identity,0.12688,-0.0028924486803906246
identity,0.12694,-0.3395654468371384
identity,0.12705,-0.4994111859156998
identity,0.12716,-0.15739219624137635
identity,0.129,-0.5794099231248523
identity,0.12904,-0.011353025305934461
identity,0.12929,-0.14411794509898024
identity,0.1294,0.1062670830794814
identity,0.13153,-0.7543124023380356
identity,0.13269,-1.0952281669970216
identity,0.13349,-0.2463100672437581
identity,0.13353,-0.5471357842117052
identity,0.13463,2.1281382989082935
identity,0.13514,0.8456462436863476
identity,0.13599,0.21670482928452117
identity,0.1364,-0.8617700412600685
identity,0.13687,0.12052056244178505
identity,0.13696,0.09623570110226554
identity,0.13729,2.50011485945299
identity,0.13811,-1.1199328833560855
identity,0.13818,-0.4338865890669533
identity,0.13824,0.5567765505743971
identity,0.13834,0.24846175400861514
identity,0.13868,0.09546978035202613
identity,0.13864,0.6583156367975668
identity,0.13959,0.1876635667625115
identity,0.1407,1.0732657246554025
identity,0.14084,1.8471970326601395
identity,0.14108,0.16519706460454145
identity,0.1412,0.6714619149383464
identity,0.14311,-0.2921468961623469
identity,0.14335,1.7242361959117902
identity,0.14344,0.44635381954836245
identity,0.14388,-0.08105323224948369
identity,0.1441,-0.41806570930751497
identity,0.14533,0.2873898461135766
identity,0.14624,0.5393768526887968
identity,0.14656,0.33900025323406013
identity,0.14741,-0.8456099609647477
identity,0.14729,-1.4260321426001645
identity,0.14759,-0.21139372486070873
identity,0.14757,0.15838349470356355
identity,0.14812,0.7656743633947543
identity,0.14792,-1.1279506318364563
identity,0.14819,-1.1331315365743468
identity,0.14882,0.00897403353834203
identity,0.14923,-0.3940558489017052
identity,0.15036,-0.6355253410482509
identity,0.15067,0.00027277000242520444
identity,0.15186,-1.6880551903686394
identity,0.15272,0.892285920858201
identity,0.15304,0.044157574187515314
identity,0.15317,-1.2294415996732357
identity,0.15325,0.18085975936273957
identity,0.15339,1.1901159776678647
identity,0.15493,-0.3629632582675072
identity,0.15509,0.16656800218305334
identity,0.15518,1.1780369973525753
identity,0.15591,-2.3430360240195443
identity,0.15654,-0.5981632196541244
identity,0.15838,-1.918737080371926
identity,0.15906,0.6001768567220365
identity,0.15922,-3.6541419777901445
identity,0.15935,-2.3743317887676954
identity,0.16009,-1.6621559117787457
identity,0.15991,-0.8253466040275294
identity,0.16036,-0.9373484717384828
identity,0.16045,0.46562793244825373
identity,0.1606,-0.7618029008826902
identity,0.16134,-0.1962857882963665
identity,0.1622,-0.16393641070934684
identity,0.16357,-0.7450888143565093
identity,0.16431,-0.8856193566041111
identity,0.16455,-0.4984844612894762
identity,0.16478,-0.6669031471957518
identity,0.16593,0.5611171819673307
identity,0.16595,-1.75415686420213
identity,0.16817,-1.4694054987782361
identity,0.16935,0.43088997730777046
identity,0.1696,1.1045977168512384
identity,0.17029,0.10269371759070678
identity,0.17137,0.24244061517111537
identity,0.17156,-0.2311508454932409
identity,0.17239,0.06984518895529501
identity,0.17274,-2.155012315664412
identity,0.17282,1.2370659679413563
identity,0.17315,-1.2589128560808414
identity,0.17357,0.2425622897224527
identity,0.1736,-1.6238996965765495
identity,0.17383,0.2450903071068967
identity,0.174,0.5897027446489972
identity,0.17405,-1.7361863085724223
identity,0.17431,-0.2923043043709551
identity,0.17427,0.26089514151252075
identity,0.17428,-0.2989253556474235
identity,0.17483,1.701671989639699
identity,0.17654,-0.48499632862332276
identity,0.17697,-0.36769737192386565
identity,0.17729,-0.9643698588870104
identity,0.17769,-1.2772247823844358
identity,0.1778,0.8827530508600843
identity,0.17839,2.6769217711592606
identity,0.1789,0.6236610672529415
identity,0.17896,1.1632405764220775
identity,0.17916,-0.32560662593146983
identity,0.17955,-0.07420216893065401
identity,0.17959,-0.31429413754790925
identity,0.17979,-0.10698180313000671
identity,0.1799,2.081584891133783
identity,0.18037,-2.3460233105789428
identity,0.18059,-1.0968303842348424
identity,0.18064,0.9081297396116086
identity,0.18067,0.3127103098255205
identity,0.18071,-0.04727684272891858
identity,0.1808,0.019423262124397433
identity,0.18138,0.2807949342394468
identity,0.18123,-1.4117835311385467
identity,0.18148,-1.2823329219133188
identity,0.18203,-0.31044104674053274
identity,0.18216,-0.9627800272627167
identity,0.18217,0.5041160308419201
identity,0.18243,1.2713089089122378
identity,0.18345,-0.2343143196748726
identity,0.18383,0.14505767466969066
identity,0.18376,0.7935385567036766
identity,0.18388,0.939003401193422
identity,0.18444,1.4356931915444604
identity,0.18443,1.4389966263543366
identity,0.18468,-0.13709701489354276
identity,0.18482,-0.45637898289520407
identity,0.18492,0.6163289645056037
identity,0.18501,-0.3824303064349742
identity,0.18507,-0.8856242289525531
identity,0.18538,1.2656336270254966
identity,0.18651,0.8577062073124277
identity,0.18714,0.8814146315865021
identity,0.18801,0.24458895678745632
identity,0.18892,-2.5652057011930998
identity,0.18893,0.5610348142200645
identity,0.18937,1.3072183786043436
identity,0.18915,3.0587664782201296
identity,0.18931,0.14097371366547595
identity,0.18955,0.1669824711607154
identity,0.18979,-0.019405632771427817
identity,0.19009,1.5552361964465617
identity,0.19026,-0.30000202130272974
identity,0.1903,1.8441400820165796
identity,0.19397,0.18317723602941904
identity,0.19422,0.5778071829024064
identity,0.19534,1.0719100442460818
identity,0.19556,-0.887015883697979
identity,0.19549,0.7530349285622872
identity,0.19555,1.0867419673635537
identity,0.19602,-0.8405038282883488
identity,0.19611,-0.12793679651187706
identity,0.19616,0.1879961963392382
identity,0.19624,0.20910549500193812
identity,0.19719,-0.08404589633328607
identity,0.19726,-1.1553151806597892
identity,0.19786,-2.6086991167330997
identity,0.19801,-0.5702960750560109
identity,0.19815,0.360633637974402
identity,0.19846,2.9468290532701036
identity,0.1986,0.2722397465486749
identity,0.19863,0.453536180672167
identity,0.19892,1.2231772165405452
identity,0.19956,-0.01657367908487073
identity,0.19948,-1.074605426935422
identity,0.19957,0.39263243466200126
identity,0.20062,-1.2759781401627772
identity,0.20068,0.5954570415830225
identity,0.20074,-0.42468431427143183
identity,0.20139,-0.03020552318687708
identity,0.20216,-1.8333220463503168
identity,0.20237,1.051401833042224
identity,0.20268,-0.39747061678084306
identity,0.20308,0.8890749844499336
identity,0.20314,0.008382628368695855
identity,0.20318,0.1935643055806085
identity,0.20323,0.2540765836727606
identity,0.20368,0.10377953335728074
identity,0.20454,-0.11878453252224264
identity,0.20471,-0.5797367716492035
identity,0.20515,1.6262539522983355
identity,0.20549,-0.8566501078567079
identity,0.20699,-0.11130322382391905
identity,0.20736,1.5700236604432407
identity,0.20754,1.3556087980696838
identity,0.20831,-1.4503355519996775
identity,0.20847,-0.6035314644826755
identity,0.20856,0.7578016019196965
identity,0.20857,-0.6654976798073731
identity,0.20864,-0.8866633506365668
identity,0.20937,-0.547690966043095
identity,0.21003,1.7801896506877135
identity,0.21023,-3.9334167538031757
identity,0.21071,-0.10115156372040573
identity,0.21083,-1.5403826261345452
identity,0.21099,-0.04951491063160807
identity,0.21137,0.7004034022363799
identity,0.2116,-0.21809443999637962
identity,0.21186,-0.7729213804900232
identity,0.21214,-0.418871015243703
identity,0.21339,0.22097447611814436
identity,0.21353,0.1357216824299874
identity,0.21383,-0.8066792491063457
identity,0.21442,-0.10498312833877793
identity,0.21511,-0.4825663028526924
identity,0.21513,2.7580857199524247
identity,0.21566,1.03089083952467
identity,0.21653,-2.1513603515908435
identity,0.21674,0.14195608727405273
identity,0.21677,0.40317726999200193
identity,0.21729,0.5495597386434502
identity,0.21781,-0.5264050637086771
identity,0.21848,1.038621604514198
identity,0.21884,0.47877298746885766
identity,0.21885,0.7234680010051882
identity,0.21887,0.3923164770151185
identity,0.21886,-0.4073722956711252
identity,0.21943,-0.4964607574102601
identity,0.21935,0.5171062031931918
identity,0.21982,-0.2006394460133465
identity,0.21967,0.0725172900328176
identity,0.21976,1.0786400400589269
identity,0.22005,-1.0123320819485713
identity,0.22055,0.6056692836973194
identity,0.22069,-0.08967963321157713
identity,0.22141,-0.52484859265972
identity,0.22141,-0.24630537692933574
identity,0.22157,0.8504733969522411
identity,0.22287,1.0646556395832962
identity,0.22335,0.4608739494378724
identity,0.22373,-0.9817348075335891
identity,0.22451,-0.028990356182340027
identity,0.22451,-1.0811259800299364
identity,0.22482,-0.35408246497004736
identity,0.22552,-0.03711698058317392
identity,0.22534,-0.1797890910899254
identity,0.22536,0.40380171969883366
identity,0.22563,-1.3409917210966547
identity,0.22632,1.8283615964648066
identity,0.22714,-0.4949924573484594
identity,0.22806,0.4151918025939741
identity,0.22853,-0.12288737447067555
identity,0.22917,0.32466765460099656
identity,0.22967,-0.4581043111354551
identity,0.23006,-0.4386259220662424
identity,0.23044,0.47991492877470177
identity,0.23066,-1.1140531512031737
identity,0.23075,-0.7157787586430098
identity,0.23083,0.5843891296898261
identity,0.23111,0.9967367064429729
identity,0.2315,-0.028815187595749803
identity,0.23171,-0.8524022947245629
identity,0.23212,-0.12432024795647556
identity,0.23269,-2.97503525019114
identity,0.23356,-0.24114329610398955
identity,0.23364,1.289484203467341
identity,0.23381,-0.2790790505826507
identity,0.23381,-0.5140627138136176
identity,0.23475,-0.3689950066027459
identity,0.23471,0.33137084782179665
identity,0.23483,-0.7076746621228889
identity,0.23508,-0.31361533046863677
identity,0.23543,-0.010651807144317849
identity,0.2363,1.3272273724834336
identity,0.23649,0.011049733759313174
identity,0.23653,1.657584698157134
identity,0.23671,-0.7977520635701474
identity,0.23684,-0.16992543732211973
identity,0.23711,-0.2946625955306099
identity,0.23735,2.2300336975695116
identity,0.23776,-0.22952082892336123
identity,0.23954,-2.612252855368922
identity,0.23971,-1.438354889950527
identity,0.24004,0.41359422983571464
identity,0.24072,0.8395886652135571
identity,0.24106,0.28801006675105845
identity,0.24153,-1.504222669377801
identity,0.24151,-0.7670836751388785
identity,0.24207,1.6395587398977258
identity,0.24267,0.7144809760924314
identity,0.24271,1.3881500867181256
identity,0.24316,-0.7421560388805968
identity,0.24341,0.9061515456410736
identity,0.24405,-0.32392372816277537
identity,0.24436,-0.9023957416852704
identity,0.24449,-1.7166010862983017
identity,0.24497,-0.1543224840936228
identity,0.24512,1.0990742617516782
identity,0.24539,0.132091177677839
identity,0.24594,0.5462246709510311
identity,0.24604,0.12811675763040653
identity,0.24637,0.23159579202646824
identity,0.24643,-0.4778857283950787
identity,0.24649,0.5066109061900126
identity,0.24701,-1.665902649614436
identity,0.24835,-1.265715936916489
identity,0.24848,0.5158064575004817
identity,0.24848,0.44712020173922845
identity,0.24851,-0.08562928429304906
identity,0.24853,-0.31867866403585066
identity,0.24883,0.47411455921612766
identity,0.24899,-0.8166440642620589
identity,0.24961,1.8481077706874638
identity,0.24973,-0.693760698318085
identity,0.24974,0.12350321541889886
identity,0.25004,1.286327482888853
identity,0.25008,-0.15678160886554982
identity,0.2503,0.3046029734952245
identity,0.25037,1.3676780824617092
identity,0.25052,-0.8282928869455326
identity,0.25077,-0.0622006161481522
identity,0.25191,0.48145775561569937
identity,0.25247,0.3118484315518137
identity,0.25249,-0.05220347367784156
identity,0.25319,-0.6169055699139642
identity,0.25345,-2.20368977617272
identity,0.25394,0.33670303360673026
identity,0.25605,1.4650969012276396
identity,0.25609,0.6539401725463924
identity,0.25625,-0.4660401863638649
identity,0.25672,0.3157279111899094
identity,0.25721,0.6672183324632139
identity,0.25723,0.3824220014006351
identity,0.2576,0.9620473812401096
identity,0.258,0.3269795599193232
identity,0.25847,-0.22535511987047208
identity,0.25855,0.44770795160859167
identity,0.25911,0.6233280616490938
identity,0.25908,-1.506047969230489
identity,0.25912,-0.4623166606309703
identity,0.25935,0.30755192392787745
identity,0.25954,-0.35741328844331455
identity,0.26051,-0.028627386170770874
identity,0.26086,0.9264279905274367
identity,0.2613,-0.3835612184469549
identity,0.26151,-0.5904917445557603
identity,0.26162,1.0343172375885563
identity,0.26162,1.0546268933306229
identity,0.26166,-0.6370513902252054
identity,0.26173,1.0754459679686714
identity,0.26187,1.4357365391961778
identity,0.2629,2.0293657434508123
identity,0.26309,1.0193313577890155
identity,0.26348,-0.9253711755275575
identity,0.26384,0.13568280630064466
identity,0.26386,-1.6201073868712912
identity,0.26395,0.42179739834647156
identity,0.26405,-0.06463748134229502
identity,0.26462,-0.20501676223671428
identity,0.26451,0.8612833805545073
identity,0.2657,0.47126824457993344
identity,0.26576,-1.8464488654273878
identity,0.26629,-1.3866222652499038
identity,0.26687,0.11139250865721906
identity,0.26794,-0.24398210516231267
identity,0.26804,-0.6581631085305454
identity,0.2685,-0.022431301106523416
identity,0.26848,-0.5485827049725995
identity,0.26879,0.2637334043859428
identity,0.27006,0.3525410729902662
identity,0.2701,-0.5109407468315162
identity,0.27045,-0.7420118266349163
identity,0.27085,-0.8678871575893768
identity,0.27129,-0.3232545139531622
identity,0.27265,-0.44200124537184726
identity,0.2734,-0.9275163798401418
identity,0.27444,0.2710245582384221
identity,0.27511,0.8314962767465077
identity,0.27508,-0.6660139572447521
identity,0.27574,0.2824210406494466
identity,0.27619,0.4435379547995446
identity,0.27656,1.1153247663369266
identity,0.27764,-0.12505916210788648
identity,0.27784,2.196501610644165
identity,0.27924,0.4581179367403597
identity,0.2798,-1.3158473568586264
identity,0.27987,-1.0956325220711662
identity,0.28049,-0.16471343718305187
identity,0.28122,-0.3973132513909159
identity,0.28198,-0.7718769117808814
identity,0.28256,0.37945768152331016
identity,0.28333,-0.2442413841994211
identity,0.28395,-1.2877348111467182
identity,0.28436,-1.3276711739667406
identity,0.28434,-0.04922181264084924
identity,0.28468,1.6615211870125641
identity,0.28547,-0.05513658664867416
identity,0.28577,-0.46288008046934415
identity,0.28655,-0.5628687668511687
identity,0.28723,-0.9826096435019946
identity,0.28746,-1.156485264239515
identity,0.28763,0.9730161973901397
identity,0.28806,-0.18553327054072977
identity,0.28835,0.1906514726311508
identity,0.28843,-0.052448543798125136
identity,0.28882,1.309421639511275
identity,0.2889,-0.004595186018460817
identity,0.28896,-0.5715241163500265
identity,0.28899,-0.24214412814702269
identity,0.28952,1.180848652239084
identity,0.29001,-0.15187165351030946
identity,0.28998,-0.2954952375490113
identity,0.29036,0.1501084650411198
identity,0.29114,-1.9280223718211262
identity,0.29199,-0.12561178125499628
identity,0.29186,-0.05119129285158641
identity,0.29208,-0.05174904428464
identity,0.29208,-2.1831492904859338
identity,0.29241,-0.9590478126482794
identity,0.29246,-0.5923429483259253
identity,0.2928,-0.30937618813323164
identity,0.29291,0.3100965241614433
identity,0.29354,0.5824417754445999
identity,0.29496,-0.2887243538922414
identity,0.29568,1.0706434628864732
identity,0.29576,1.646546473487832
identity,0.29639,0.7302513393314525
identity,0.29683,-1.0668325060391135
identity,0.29687,-0.42974942096163
identity,0.29842,2.665039249602848
identity,0.29845,-0.9502963952216817
identity,0.29888,0.41924178716935234
identity,0.29923,0.7393605969381549
identity,0.29947,1.2827727068280927
identity,0.29936,-0.711688163619405
identity,0.30007,0.9632411751111865
identity,0.30022,0.1978009455298016
identity,0.30078,1.4960773962191818
identity,0.3015,-0.03444147567876732
identity,0.30141,1.665320215826229
identity,0.30254,0.1425205271035636
identity,0.30296,-0.27457747776182523
identity,0.30339,0.5547324561538329
identity,0.30354,1.6476367134869805
identity,0.30396,-0.985233752372945
identity,0.30395,-1.2033319813699652
identity,0.30478,1.0375084759883317
identity,0.30477,0.354393042702708
identity,0.30519,-1.371619849363619
identity,0.30525,0.23081812296311066
identity,0.30551,0.5602628756294209
identity,0.30568,0.3654744485343726
identity,0.30641,0.05802546213495474
identity,0.30668,1.5487179113381881
identity,0.30697,0.6147502723423824
identity,0.30805,3.1116957395520393
identity,0.30822,0.3187990597267881
identity,0.30881,0.8893805233369778
identity,0.30915,0.8054192395977087
identity,0.3093,0.22124202260720513
identity,0.30939,0.4726499551676529
identity,0.30955,-1.1930825343255478
identity,0.31043,-1.328009584576276
identity,0.31053,0.4893673474195279
identity,0.31077,0.9617065280766219
identity,0.31152,0.751276192036159
identity,0.31185,0.27539228707889785
identity,0.31195,-0.01854702363853522
identity,0.31252,0.10561754288628422
identity,0.31258,0.25550851451423445
identity,0.31259,-2.3432258981521414
identity,0.31287,0.5483655105721013
identity,0.31294,0.4930857802388759
identity,0.31377,0.6215086679461627
identity,0.31444,1.5723434322867895
identity,0.31495,0.49479079556002353
identity,0.31509,-0.4615548288541018
identity,0.31577,1.3829700135245604
identity,0.31582,-0.22558366257923207
identity,0.31613,1.2077739503848028
identity,0.31773,0.6617095551251794
identity,0.31795,0.7634815978678229
identity,0.31813,0.25425329063105473
identity,0.31839,1.451076178757996
identity,0.31893,1.1649869667174504
identity,0.31892,-0.6781731191884739
identity,0.32089,1.5661620242489527
identity,0.32095,-0.584330323819826
identity,0.32108,0.838442925782323
identity,0.32214,-2.290604301465608
identity,0.32214,-1.6813198848265314
identity,0.32214,-1.3117554233306001
identity,0.32265,-0.6134295940504434
identity,0.32454,0.5506965664575822
identity,0.32535,1.2940212977509433
identity,0.3255,0.9073446412309105
identity,0.3257,0.6931593925736939
identity,0.32573,0.03149737170240452
identity,0.32622,-0.1196847652435703
identity,0.32794,-0.49945004446395314
identity,0.32829,0.8486191592844856
identity,0.32838,1.4622231143879085
identity,0.32843,-0.8402171145378483
identity,0.3287,0.026448910878027476
identity,0.32859,0.18252664588852485
identity,0.3286,-0.8990642045393447
identity,0.3291,-0.12207158345856006
identity,0.32931,1.5636657863002166
identity,0.32943,1.3170498059447817
identity,0.3296,0.33482165626229454
identity,0.32985,-1.4064712531295531
identity,0.33055,1.5298618694218309
identity,0.33048,0.5282259119706896
identity,0.33052,0.6488293147239278
identity,0.3308,0.3939308289864221
identity,0.3308,-0.5906901123826049
identity,0.33094,-0.5800111930004321
identity,0.33154,-0.2699670516976506
identity,0.33137,1.1557918028930703
identity,0.33155,0.03578278055675166
identity,0.33179,-0.753082072213947
identity,0.3324,-1.1328761699208392
identity,0.3329,1.496658653838058
identity,0.33353,-1.0846715360219015
identity,0.33353,-0.5360822205507149
identity,0.33439,0.24701782796680322
identity,0.3349,-0.895464362348707
identity,0.33513,-0.7634924586334745
identity,0.33663,-0.8109549384272343
identity,0.33752,0.07198967399915995
identity,0.33739,-1.0840025697935105
identity,0.33753,0.20984968404542392
identity,0.3378,0.03219338088846724
identity,0.33825,0.045590023245283606
identity,0.33851,-0.23894889846824618
identity,0.339,-0.37450618252114676
identity,0.34051,0.1975163117443255
identity,0.3409,-0.7891486165670933
identity,0.34101,-0.38398468926910134
identity,0.34176,0.16656940228792244
identity,0.34448,1.1259089045710602
identity,0.3445,0.5284104700453262
identity,0.34479,0.4346150229997043
identity,0.34547,0.09057902266069645
identity,0.34594,1.5837202721097783
identity,0.34686,0.757375579217245
identity,0.34704,-0.8874356226113651
identity,0.34872,0.9198725862483366
identity,0.34899,0.13977493576543631
identity,0.34918,0.29950689523851765
identity,0.3492,-0.8007099146931451
identity,0.34946,-0.17546752192041914
identity,0.34957,-1.290496331284522
identity,0.34956,1.3216489469598092
identity,0.34952,-0.5268436915049248
identity,0.34957,1.422170522996761
identity,0.35017,-0.4465996362269201
identity,0.35066,-0.07646889860107076
identity,0.35087,0.1946602694271683
identity,0.35157,1.7012353572268237
identity,0.35156,0.8016308941070275
identity,0.35361,0.6994195509369684
identity,0.35527,1.356983921830297
identity,0.35767,0.4191164655391382
identity,0.35791,0.3683887367568218
identity,0.35833,-0.2793184873716589
identity,0.35858,-0.6665724558667747
identity,0.35901,-0.6317530919043052
identity,0.35897,1.30607970908321
identity,0.35949,1.2536262641841942
identity,0.36005,-0.9063185981634714
identity,0.36023,-1.4048557142794467
identity,0.36081,0.6600842467388393
identity,0.36138,-1.041042169239394
identity,0.36272,-0.5660999716204846
identity,0.36326,0.22573812222451872
identity,0.36491,0.5787152277754373
identity,0.36613,-1.4124841341837184
identity,0.36648,-1.053301412228741
identity,0.36705,-1.3014127883619553
identity,0.3678,-0.8527203695950268
identity,0.36791,1.1197636920054685
identity,0.36844,0.8323069332993167
identity,0.36862,0.3431106993707408
identity,0.36952,0.6683471323318616
identity,0.36977,-0.7543344868086468
identity,0.37012,-0.1001830551652092
identity,0.37059,-0.03282612670976626
identity,0.37051,0.06780535106756924
identity,0.37046,1.7174864841247088
identity,0.37053,-0.4306797542757129
identity,0.37053,-3.1954083190097267
identity,0.37087,0.07217850112048824
identity,0.37143,-0.43422214774372847
identity,0.3716,0.12644706433556174
identity,0.3715,0.41402779585827
identity,0.37351,-0.8087572718651787
identity,0.37426,0.6260360781515734
identity,0.37678,-0.07382867749254285
identity,0.37798,-0.5031855544139826
identity,0.37859,0.05738510376670314
identity,0.37986,-0.7479380167092236
identity,0.37989,-0.2578082468615064
identity,0.38052,0.07496829430103291
identity,0.38083,-0.10488463987367558
identity,0.38131,-0.039761995368803094
identity,0.3816,1.478973002469946
identity,0.38174,0.7549615050342482
identity,0.3825,-0.46324052109379443
identity,0.38284,-0.5720958802826178
identity,0.38394,0.39533329858722555
identity,0.38594,0.3630087840181463
identity,0.38677,-0.5875656410666096
identity,0.38735,0.41592111291223866
identity,0.38772,0.696067422352765
identity,0.38886,-0.7191377652280356
identity,0.38951,0.32225203693236976
identity,0.39262,-0.5417124736229901
identity,0.39512,-0.5323463175238683
identity,0.39698,-2.487104393115125
identity,0.39946,0.6518709960403479
identity,0.40048,-0.6971129525474201
identity,0.40212,-0.7025294622296347
identity,0.40286,0.09112051277755266
identity,0.40361,0.2264228045171544
identity,0.40454,0.669818394126336
identity,0.40472,-1.9120911341848195
identity,0.40547,1.971350688756179
identity,0.40648,0.7336550657496365
identity,0.409,0.41078646774540944
identity,0.40911,0.31152989718193425
identity,0.40927,0.47858387153065646
identity,0.40947,0.40528753744446716
identity,0.40995,0.2364043738369192
identity,0.41114,0.16292322433410628
identity,0.41131,1.0071653039221782
identity,0.41152,1.7566956301778553
identity,0.41258,0.6907073724607837
identity,0.41664,0.5687588911592801
identity,0.41864,-0.4324919690831648
identity,0.41927,-0.001661144748453136
identity,0.41931,-1.613033911442725
identity,0.41962,1.1810371134687419
identity,0.41956,0.7157813669213633
identity,0.41997,-1.1698305286899815
identity,0.42027,0.43733570270133093
identity,0.4209,-0.6328687988616513
identity,0.42085,0.20190793499995763
identity,0.42199,-0.8129694837283853
identity,0.42245,-0.010718219693444997
identity,0.42242,-0.108033159819732
identity,0.42355,-0.9143198012484588
identity,0.42349,0.30084891515973694
identity,0.42392,0.06975810919412617
identity,0.42451,0.28147015955773946
identity,0.42562,-0.1456815059348181
identity,0.42594,0.24390002050715193
identity,0.42689,0.3661789357446088
identity,0.42694,0.7188143873914736
identity,0.42784,3.2477179698871312
identity,0.42865,0.6315485641934272
identity,0.42888,-0.8472467856982842
identity,0.42895,0.36580597095269535
identity,0.42967,1.257166031300553
identity,0.43013,0.6274932431901086
identity,0.43487,0.11926604000199559
identity,0.43544,-2.0926275887504127
identity,0.43673,1.6838334757979196
identity,0.43765,-1.3491539725455444
identity,0.43774,0.233331386427984
identity,0.43883,-2.421654734218107
identity,0.43883,-0.7098121632823033
identity,0.43926,0.014280621979791519
identity,0.44004,1.08659925805073
identity,0.44059,-1.8026655430315723
identity,0.44154,-1.0167506700443982
identity,0.44246,0.14000813772542242
identity,0.44254,0.8618452559853098
identity,0.44368,-0.33342342616976856
identity,0.44384,-0.15942464589944286
identity,0.44756,0.030264269641778863
identity,0.4489,0.11832180411568055
identity,0.44896,0.8730504683283745
identity,0.4506,-2.2977146811981806
identity,0.451,0.3431565571200774
identity,0.45169,-1.8330380311833718
identity,0.45169,1.1074908242784356
identity,0.45155,-0.7639435469325073
identity,0.45223,0.5094459888071684
identity,0.45333,-0.643886053987312
identity,0.45347,0.18581878837036792
identity,0.45463,-0.6540988828802852
identity,0.45478,-0.02150700448714793
identity,0.45878,0.22056684325724485
identity,0.46055,0.5858425116438956
identity,0.46098,0.5323376132791829
identity,0.46156,0.6497802529638083
identity,0.46641,1.602752701851482
identity,0.4666,0.9114238256978626
identity,0.4684,0.0001268072608539561
identity,0.4688,-1.3124248606921662
identity,0.47039,0.9682906688996513
identity,0.47057,0.4543562990622231
identity,0.4717,0.15294099126861949
identity,0.47196,0.23361565224505526
identity,0.47572,-0.515212811306169
identity,0.47793,1.2482206145226218
identity,0.47943,-1.1641055025629106
identity,0.47948,-0.10597368321851486
identity,0.4798,-0.7345360480727244
identity,0.48056,-0.2932801383371401
identity,0.48071,-0.4914697727864553
identity,0.48171,1.686657143407464
identity,0.48881,0.05684637947066551
identity,0.49246,0.7534634010994581
identity,0.49501,-0.11605697259412517
identity,0.4956,0.5051575655930474
identity,0.49572,-0.19956508259452688
identity,0.49737,0.11908094491145299
identity,0.50073,0.5579973418889141
identity,0.5009,-0.13692441133056027
identity,0.50276,0.07258155899991298
identity,0.50276,-0.3460166435830817
identity,0.503,-0.06834686290108238
identity,0.50309,-0.0839248801536771
identity,0.50598,-0.6737708398928512
identity,0.50617,-0.49397942280058915
identity,0.50716,0.4481012377778867
identity,0.50737,0.29791910691168366
identity,0.50817,-1.264213411948032
identity,0.51006,-0.8561806817304656
identity,0.51087,-0.7980320361737873
identity,0.51175,1.2641825126782293
identity,0.5138,0.29800110253275386
identity,0.51435,0.20343327628552021
identity,0.51475,0.5157716495544085
identity,0.51718,-0.860992751153379
identity,0.51876,-0.32067130543504585
identity,0.51879,-0.3585681664125425
identity,0.51943,0.09097659726432772
identity,0.5196,0.39907668413276126
identity,0.52277,0.5154197911631477
identity,0.52393,-0.34097483347011764
identity,0.52613,-0.63405318830524
identity,0.52851,-1.4405185953042756
identity,0.52939,0.19697126769044015
identity,0.53091,-2.5551787863475477
identity,0.53105,1.1047990982597056
identity,0.53117,0.8806937268416025
identity,0.53226,-1.902496197824914
identity,0.53277,-0.2822070225422998
identity,0.53377,-0.7636974646348841
identity,0.53433,-1.060268728549339
identity,0.53532,0.03399013158615727
identity,0.53578,-0.6370312393857124
identity,0.53944,0.09010747843259781
identity,0.54089,-0.45160806350578286
identity,0.54154,1.2216035181423637
identity,0.5454,1.5434580492789234
identity,0.54832,-1.4067840065562547
identity,0.54886,-0.7451713175937743
identity,0.55011,-0.22884532929401236
identity,0.55031,0.0004393464758551402
identity,0.55048,0.11341105563833807
identity,0.5526,-1.0783707461943408
identity,0.5538,0.7149233012227261
identity,0.55389,-2.511188288975787
identity,0.55775,0.19391617989083215
identity,0.55875,1.398307125604072
identity,0.55875,-0.4261034836766403
identity,0.56174,-1.2705099727482263
identity,0.56263,0.713926175520208
identity,0.56276,-0.05032670029758696
identity,0.56441,-0.2829581908524328
identity,0.5643,0.3681587203161757
identity,0.56431,-0.19494154262324104
identity,0.56475,0.4296186639246756
identity,0.56883,-1.2072632249020732
identity,0.57535,-0.914869324114191
identity,0.57583,0.6136223135760615
identity,0.57609,-0.153165776372561
identity,0.57661,-0.5814626494281168
identity,0.57741,0.7483606436111294
identity,0.57829,-0.510457160244457
identity,0.57823,-0.15193152269770294
identity,0.57875,-0.4792774129683866
identity,0.57884,0.07313616931570766
identity,0.57959,-0.6111586226610403
identity,0.5806,0.25004272737964617
identity,0.58073,1.207584825366871
identity,0.58294,0.08489117644627586
identity,0.58328,2.2609730832729356
identity,0.58375,-0.43620018205777605
identity,0.58375,0.745102494069227
identity,0.58382,-0.6605015855086336
identity,0.58575,0.7224098410532678
identity,0.58728,0.5622945061100652
identity,0.58873,-0.46421832135262453
identity,0.59028,-0.3591054504616144
identity,0.59184,-0.5440007034451931
identity,0.6006,0.001026838694173915
identity,0.60149,0.6025434709767907
identity,0.60327,0.9188804522390794
identity,0.6062,-0.36904164435336373
identity,0.60826,-0.34704464501959265
identity,0.6088,-0.6303837548101617
identity,0.60873,0.28789216294754383
identity,0.60987,0.34433962089677683
identity,0.61064,0.22591896017893423
identity,0.61125,1.5553732045634996
identity,0.61171,0.42000316909947544
identity,0.61571,0.17414901173730635
identity,0.61869,0.12180846787890515
identity,0.61942,0.11860052793608306
identity,0.61988,0.5141020743656793
identity,0.62063,-0.0010381506752338288
identity,0.62188,-0.48343964485530855
identity,0.62523,-0.3616909058688513
identity,0.62723,-0.8735208344392866
identity,0.63071,-0.4799286668292025
identity,0.63189,-1.8477971069820844
identity,0.63223,0.48649700613515
identity,0.63392,-1.5458969601581154
identity,0.63771,-0.6462542116859976
identity,0.63787,0.47261251333122
identity,0.63823,-0.34367841445518205
identity,0.63866,0.0874999653893273
identity,0.63936,0.27461828935659965
identity,0.6419,0.3583379136202169
identity,0.64305,-1.4267375529936364
identity,0.64364,0.12939768637527851
identity,0.64363,0.08772787204566118
identity,0.64763,0.20880929089920752
identity,0.64846,1.2825754745727636
identity,0.64863,-0.19549966592256618
identity,0.64964,-0.28543402953036
identity,0.66207,0.6683794376003326
identity,0.66463,-0.2279989950024896
identity,0.67065,1.0187718587229972
identity,0.67767,1.434340989685412
identity,0.68195,-0.8319502104173279
identity,0.68365,0.849471377327567
identity,0.68517,0.3827988725709345
identity,0.68867,-0.9390566731063615
identity,0.68937,-0.9535449429277704
identity,0.68937,0.42220815363449216
identity,0.69065,-0.0014898176654104534
identity,0.69316,-0.11582838862418227
identity,0.69716,-0.3801119173071939
identity,0.69816,-0.10441173127548287
identity,0.69916,-0.15069088554723054
identity,0.69916,0.2813479925128347
identity,0.69933,0.8972266024730776
identity,0.69997,0.7742971081393222
identity,0.70064,-0.437248548425546
identity,0.70115,0.490248127475555
identity,0.70197,-0.079436369618127
identity,0.70198,0.20929696828736566
identity,0.71565,-0.2543764667391287
identity,0.71867,-1.5965348354445152
identity,0.71962,0.6130556045674342
identity,0.71964,-0.3120294445487631
identity,0.72013,0.6604332556600205
identity,0.72067,-0.06324403429116038
identity,0.72667,-0.06375687586563428
identity,0.72767,-0.4547238659173792
identity,0.72861,-0.5229825194541295
identity,0.73012,-0.832899488778424
identity,0.73163,0.5405688633753087
identity,0.73362,-0.901024995669907
identity,0.734,0.44420526942313676
identity,0.73501,0.7688981166897291
identity,0.73562,0.47964564712414626
identity,0.73602,0.26133013775348646
identity,0.73668,-1.041287410261831
identity,0.74202,1.364065009308796
identity,0.74269,-0.1571203189118483
identity,0.74566,0.12177596362676352
identity,0.74613,-0.9537827498022369
identity,0.7491,-1.2360758434351375
identity,0.74932,-0.12624744959398554
identity,0.75068,-1.1282579991319401
identity,0.75904,0.20752671996752733
identity,0.76069,-0.9003253229367243
identity,0.76108,-0.03510786585600001
identity,0.76159,-0.40578046428762254
identity,0.7656,0.11984314737166346
identity,0.7666,1.0603382222407451
identity,0.76668,0.8363478160418163
identity,0.76707,1.7360078174678142
identity,0.7686,0.5011351739814918
identity,0.76933,-0.28944854891869765
identity,0.77308,0.4253230100313813
identity,0.77931,-0.9659122340836261
identity,0.78806,-0.1532595336760066
identity,0.78905,0.4710707267043849
identity,0.78929,-1.2632068159677714
identity,0.79656,-1.6844396062572986
identity,0.79858,0.6557182064976279
identity,0.83973,-0.5917071524530935
identity,0.83973,-0.8842910497429654
identity,0.85474,0.593353528237667
identity,0.93577,-1.1851719548398019
identity,0.97424,2.016302166024936
identity,1.01236,0.7425860164514116
identity,1.0198,1.9156639389780843
identity,1.02081,-0.015953394006662736
identity,1.02781,2.2627425025533614
identity,1.04819,1.031312694434001
identity,1.12085,1.2897118086972252
identity,1.23223,-0.3317014891090153
identity,1.23589,2.1191913287042947
identity,1.29912,1.207788296769247
identity,1.30412,0.33932826740989847
identity,1.30612,1.3644126790875113
identity,1.31311,0.5652810343538689
identity,1.32911,1.0616275292804085
identity,1.34093,0.1382622468048137
identity,1.35134,-0.883183932993629
identity,1.3561,0.38662715037369866
identity,1.39096,-0.15653479788820635
identity,1.41631,-0.7878734584705127
identity,1.54295,0.08310095629570369
identity,1.54903,1.1303618618089468
identity,1.61499,-0.21174581834528972
identity,1.69702,-0.24339876829715723
identity,1.80111,-0.06047590666203173
identity,1.9116,-0.9102084302883913
identity,2.2613,0.5151335473321512
m24d,0.00299,0.5379096485212367
m24d,0.0046,-0.35399995844279636
m24d,0.0046,0.6539382966515843
m24d,0.0046,-0.28520942879496014
m24d,0.0046,3.9063624940341892
m24d,0.00458,0.8220155316786044
m24d,0.00701,-1.6449506256281672
m24d,0.00489,1.1697087673149018
m24d,0.00489,1.10389416113233
m24d,0.00505,0.4550368942049675
m24d,0.00603,1.4859019113510712
m24d,0.00551,-2.1843492345747566
m24d,0.00551,-1.8649004778363178
m24d,0.00552,0.6747550444766
m24d,0.00552,0.42743570374134
m24d,0.00552,0.1644886918896436
m24d,0.00567,2.0721989236536236
m24d,0.00548,2.063453421964742
m24d,0.00801,-2.613577078394051
m24d,0.00594,-2.4692089048303694
m24d,0.00812,-2.1823686891186593
m24d,0.00611,1.4725912899656617
m24d,0.00722,-0.19147291507247566
m24d,0.00722,-0.2301848101598285
m24d,0.00769,0.49542866809650266
m24d,0.00788,0.5987961962255849
m24d,0.00867,-1.1234405735250974
m24d,0.0078,-0.30535593359005037
m24d,0.00758,2.128123240129083
m24d,0.00775,-0.086525905994175
m24d,0.00775,0.46726291619507737
m24d,0.00812,0.18271352242081668
m24d,0.00841,-1.3563991788788992
m24d,0.00841,-1.2502553319502558
m24d,0.00841,-1.2699659997901838
m24d,0.00837,0.8067651571151854
m24d,0.00853,0.21887104929816223
m24d,0.00853,-0.13562049125234416
m24d,0.01029,-2.846910102673056
m24d,0.01051,-1.3428729896596088
m24d,0.01051,-1.112340654711062
m24d,0.00957,-0.7590710073018705
m24d,0.00957,-0.1013175753178845
m24d,0.009,2.5765449440144317
m24d,0.01042,-1.4031100076039573
m24d,0.00979,-0.7743886213234603
m24d,0.00979,-0.14536749907539415
m24d,0.00921,2.013325950985862
m24d,0.00921,1.1269564135826984
m24d,0.0098,0.18249343445494243
m24d,0.01048,-0.4215309887433758
m24d,0.0104,1.511292726610448
m24d,0.01238,1.1933425233013994
m24d,0.01238,0.4901813009847057
m24d,0.01096,2.208741622476308
m24d,0.01096,0.626648534068406
m24d,0.01096,0.8701725199590762
m24d,0.01189,0.7281005341756654
m24d,0.01168,0.4075938965991012
m24d,0.01275,1.0096489980972803
m24d,0.01244,0.8420187293090426
m24d,0.01142,1.718723586773521
m24d,0.0126,1.1481303954711657
m24d,0.0122,0.9703759000999981
m24d,0.0122,0.8655936414970945
m24d,0.01247,-0.01687942847647944
m24d,0.01247,-0.4709482290641091
m24d,0.01407,-0.6747924232318443
m24d,0.01306,-0.270180679348615
m24d,0.01306,-0.8147502680979558
m24d,0.01309,0.4312779123832515
m24d,0.01309,0.5133730082449856
m24d,0.01222,0.346510345328669
m24d,0.01222,0.18373071309471717
m24d,0.01288,1.654331815744003
m24d,0.01288,1.0445275811251027
m24d,0.01288,0.4585778999553169
m24d,0.0136,0.07894770000842039
m24d,0.0136,-0.32464244097171757
m24d,0.0136,-0.11891746234107564
m24d,0.01314,0.278287049527621
m24d,0.01361,-0.5438904119202388
m24d,0.01434,-1.2097002936503878
m24d,0.014,-0.1617988355806638
m24d,0.014,-0.8606159553060237
m24d,0.01406,-0.34477976519730913
m24d,0.01424,-0.022104572869749983
m24d,0.01386,1.0079872179178075
m24d,0.01386,0.7057564367659799
m24d,0.01509,1.3047945326256287
m24d,0.01509,-0.39502219473469086
m24d,0.01509,0.30274186974519485
m24d,0.01416,0.1826833024855966
m24d,0.01504,0.6275870948983264
m24d,0.01457,-1.0948295790843396
m24d,0.0142,-0.06271048815980865
m24d,0.01422,0.17794941884121945
m24d,0.01503,-0.8188086378465551
m24d,0.01503,-0.6260546091976956
m24d,0.01448,-0.1600421607193462
m24d,0.01429,-0.37373532205986904
m24d,0.01472,0.2884601437198838
m24d,0.01449,0.8594103816401542
m24d,0.01402,0.008235078921660921
m24d,0.01483,0.22819102942787634
m24d,0.01483,-0.26157712868056987
m24d,0.01509,-0.35097771405614225
m24d,0.01495,0.8977474192945769
m24d,0.01529,-1.4747716811773526
m24d,0.01522,0.023414852899041855
m24d,0.01518,1.1163431225970142
m24d,0.01566,-0.06004944134577128
m24d,0.01572,-0.31274178970940836
m24d,0.01493,1.3222934692444146
m24d,0.01534,1.0118618066656708
m24d,0.01534,0.7054834869981532
m24d,0.01534,-0.18170739185246304
m24d,0.01534,-0.6592687085074883
m24d,0.01592,-1.4498599252593816
m24d,0.01592,-1.1646562695521276
m24d,0.01506,0.9093159442411803
m24d,0.01506,0.36677224882710213
m24d,0.01539,1.3735143372978083
m24d,0.01527,0.596938325277365
m24d,0.01629,-1.1799794645031967
m24d,0.01629,-0.44019412389833645
m24d,0.01556,-0.36876801910149165
m24d,0.01556,-1.1534939020776935
m24d,0.01579,1.360573540934775
m24d,0.01619,-0.425708748777221
m24d,0.01579,0.4057309954818729
m24d,0.01579,0.3139949994260798
m24d,0.01538,-0.11047856783668081
m24d,0.01636,-0.11745197025990037
m24d,0.01619,1.2533800413233132
m24d,0.01595,-0.4378037308863283
m24d,0.0157,0.41881355196303366
m24d,0.01612,-0.4142833674327464
m24d,0.01581,1.3396744263338651
m24d,0.01633,1.2347630892450872
m24d,0.0163,-1.7917433117871764
m24d,0.01632,-0.2132641967668517
m24d,0.01601,-0.5148438598770282
m24d,0.0161,-1.1934863952815515
m24d,0.0161,-0.7739060358314771
m24d,0.01671,1.041853226325747
m24d,0.01678,0.6389782889023603
m24d,0.01673,-0.8713726839273676
m24d,0.01661,-0.2260265340669142
m24d,0.01658,-0.9174810175375869
m24d,0.01658,0.42108316856979294
m24d,0.01697,2.1264029448253208
m24d,0.01649,-0.12245902707716841
m24d,0.01649,-0.16674193552783378
m24d,0.0168,0.9432087641067968
m24d,0.0168,1.6106259745195948
m24d,0.01694,0.4655693655172165
m24d,0.01709,-0.047613814787768216
m24d,0.01709,-0.2534844388050602
m24d,0.01646,-1.4102689730933213
m24d,0.01774,-0.24153780096997926
m24d,0.01774,-0.33421293862560236
m24d,0.01718,-1.1051507397749845
m24d,0.01748,-0.395270319584832
m24d,0.01734,0.25776874577343606
m24d,0.01734,-0.2905907721401411
m24d,0.01739,-0.3103697901765717
m24d,0.01739,-0.6320693858430175
m24d,0.01765,-0.5075556574605764
m24d,0.01791,-1.0362562040123218
m24d,0.01805,1.3758925154379504
m24d,0.01918,3.300850466620232
m24d,0.01791,-0.9618012445240542
m24d,0.01796,0.28200136342878573
m24d,0.01925,-0.13042029988696513
m24d,0.01925,0.16430585947148746
m24d,0.01851,0.9596697080061287
m24d,0.01851,0.6280396412109227
m24d,0.01902,0.32638759642497983
m24d,0.01822,0.7816819849776369
m24d,0.01822,0.3226918207805698
m24d,0.01839,-0.06649101487920009
m24d,0.01955,1.4441807041022179
m24d,0.01955,1.326332336276756
m24d,0.01835,0.822940786625395
m24d,0.01835,0.7291675000193945
m24d,0.01992,0.015148180478449803
m24d,0.01855,-0.4494988190084252
m24d,0.01948,0.7506937535443774
m24d,0.01976,-0.5698857573174418
m24d,0.02033,-0.9853024647704837
m24d,0.02033,0.5827194817152472
m24d,0.01926,0.4214267274462812
m24d,0.01926,-0.18418138344005952
m24d,0.01926,0.13715070210911062
m24d,0.01926,0.6850622461693292
m24d,0.0187,3.923688006155377
m24d,0.02019,0.9843974590594706
m24d,0.02019,-0.24913923609664448
m24d,0.02066,-0.9871459317763276
m24d,0.02066,-0.6927772255625806
m24d,0.02066,-1.0784840212371494
m24d,0.02121,-0.7240239710118048
m24d,0.01983,2.0334071704772354
m24d,0.02039,-0.4380360051911717
m24d,0.02061,-1.9786101818594029
m24d,0.02014,-0.4468795893170938
m24d,0.02079,-1.1132984194797209
m24d,0.02087,-0.23217864139233146
m24d,0.02087,-0.33789339120766904
m24d,0.02046,0.5629551005198268
m24d,0.02001,0.46236228904161497
m24d,0.01993,0.24263074855580063
m24d,0.02093,-2.566392467751954
m24d,0.02207,-0.27729014690423565
m24d,0.02146,1.5856638114829322
m24d,0.02146,1.259801454979377
m24d,0.02187,-0.5595955042777558
m24d,0.02187,-0.641204052246704
m24d,0.02187,-0.4487958639063722
m24d,0.01978,0.7650626515732586
m24d,0.02179,-3.1786588721265434
m24d,0.02017,-0.408975045290454
m24d,0.02104,-0.5518349194263776
m24d,0.02157,-0.009147618255284318
m24d,0.0214,0.05168526816155705
m24d,0.0214,0.03419590840127909
m24d,0.02263,-0.0894821896978964
m24d,0.02245,0.5213035337736127
m24d,0.02193,-0.8312068972860347
m24d,0.02209,-0.6443527520662362
m24d,0.02202,0.5087522209623389
m24d,0.02238,0.7848070313805683
m24d,0.02292,0.7157407833695372
m24d,0.02161,-0.06058765755537415
m24d,0.02161,0.12970262667444216
m24d,0.02257,0.08552736623012036
m24d,0.02214,0.05764249550549583
m24d,0.02214,0.6997116242946675
m24d,0.02217,-0.6258617026249269
m24d,0.02334,-1.2451377262533418
m24d,0.02334,-0.28214258525467173
m24d,0.02181,-0.32702507891219534
m24d,0.02181,0.11896090881604077
m24d,0.02253,1.0077245323052506
m24d,0.02253,-1.0065144704566837
m24d,0.02382,-1.3949753130220004
m24d,0.02226,-0.022742998732514896
m24d,0.02224,-0.6766342198595218
m24d,0.02368,1.306141216176041
m24d,0.02374,-1.209678588569381
m24d,0.0226,0.5397763760431431
m24d,0.0226,0.23335048753274965
m24d,0.0235,0.031227336390141636
m24d,0.02324,-0.7228037633769512
m24d,0.02317,0.37057549635468934
m24d,0.02262,-0.049373999567472265
m24d,0.02287,0.1399427287789603
m24d,0.02222,1.1908968109791895
m24d,0.02295,-1.0851606235706104
m24d,0.02295,-1.9069280726761104
m24d,0.02328,0.2387611686233027
m24d,0.02328,0.2942524662265406
m24d,0.02328,-0.09326312564520749
m24d,0.02315,-0.3013095779956455
m24d,0.02315,-0.4104482603294236
m24d,0.02309,-0.5571760891629912
m24d,0.02405,-1.4395758203869922
m24d,0.0245,-0.5806929321726098
m24d,0.0228,0.902277551193512
m24d,0.0228,-0.15234185519777357
m24d,0.02331,-2.0367076910003887
m24d,0.0222,0.43156573733950454
m24d,0.02422,-0.9355732816317839
m24d,0.02307,0.3272528759063307
m24d,0.02396,-0.44370792499815487
m24d,0.02296,0.3379922675826298
m24d,0.02454,-1.326301129421876
m24d,0.02358,0.800951831494616
m24d,0.02436,0.2961027979896598
m24d,0.02436,-2.560203047336309
m24d,0.02421,-1.1110319692834292
m24d,0.0242,-0.6132897031330415
m24d,0.0242,0.7721077695874784
m24d,0.0245,0.6978933342390125
m24d,0.02425,0.31690060204186843
m24d,0.02395,-0.0341037515994802
m24d,0.02395,-0.32619903889410934
m24d,0.02349,1.4926168075273774
m24d,0.02414,-0.21458677492555236
m24d,0.02476,-0.4352528554818681
m24d,0.02476,0.2696087486103618
m24d,0.02476,-1.141185427943846
m24d,0.02395,1.2047937583565278
m24d,0.02451,0.28244557905981854
m24d,0.02451,-0.006919420876254023
m24d,0.02451,-1.0653492637368245
m24d,0.02426,-0.8317488587220161
m24d,0.02426,-1.951309468838088
m24d,0.02406,-0.9917151939194655
m24d,0.02404,0.36465431720720665
m24d,0.02491,0.5951919363390662
m24d,0.02553,0.4164732945451231
m24d,0.02481,-1.8954652943319044
m24d,0.02481,-2.147386821116138
m24d,0.02413,0.8852804482381808
m24d,0.02481,-0.10648671627055933
m24d,0.02499,-0.5415802705874072
m24d,0.02443,-2.5373156140279716
m24d,0.025,-0.8847183185913883
m24d,0.025,0.4617158500014565
m24d,0.025,0.7302661758147191
m24d,0.02469,0.24650792084143536
m24d,0.02469,0.13393424968533685
m24d,0.02547,-1.2250254732900259
m24d,0.02494,-0.9489473579540271
m24d,0.02494,-0.8983701317927832
m24d,0.02582,-0.07263950217570514
m24d,0.02522,0.4864109811799052
m24d,0.02474,0.5457330619637379
m24d,0.02492,-0.45052969614093397
m24d,0.02592,-1.405141635182317
m24d,0.02538,-0.2813709823273901
m24d,0.02525,1.8589200896498883
m24d,0.02584,0.9295213479936352
m24d,0.02584,-1.0233579759869786
m24d,0.02584,-1.4657094073244128
m24d,0.02618,0.7649881584417263
m24d,0.02597,0.611215122432012
m24d,0.02597,0.49646930207401324
m24d,0.02579,-0.5810247588481852
m24d,0.02595,0.91998410640802
m24d,0.02603,0.44948629054736955
m24d,0.02603,0.6018311772211213
m24d,0.02691,-1.383844203796681
m24d,0.02643,-0.07778611875732167
m24d,0.0264,0.5761868827945169
m24d,0.02724,0.009479802529846704
m24d,0.02633,0.3553907026537382
m24d,0.02655,0.5607413881841048
m24d,0.02655,-0.7578337603305553
m24d,0.02655,-0.2813024061944237
m24d,0.02643,0.8533933568144036
m24d,0.0266,0.2977087783194052
m24d,0.02721,1.343464748406436
m24d,0.02717,-1.5920903670682174
m24d,0.02717,-0.3791238203410551
m24d,0.02717,-0.8894223323982643
m24d,0.02676,0.3094008933685421
m24d,0.0277,1.9681780993231595
m24d,0.02704,-1.304872566412213
m24d,0.02759,2.171381080838653
m24d,0.02748,0.18154135340556565
m24d,0.02827,-0.6228365229795716
m24d,0.02775,-0.12968724787271557
m24d,0.02831,0.9974727749644772
m24d,0.02831,1.1977514448581572
m24d,0.02831,0.8233367628901516
m24d,0.02794,-0.7729739650258332
m24d,0.02834,-0.22424699483250798
m24d,0.02834,-0.4037040754381765
m24d,0.02778,-1.697061137767394
m24d,0.02732,0.9093491760411598
m24d,0.02732,-0.7451291500566557
m24d,0.02732,0.09292409205090499
m24d,0.02802,-0.6376630941561807
m24d,0.02829,1.2074397391541436
m24d,0.02779,1.69875468883705
m24d,0.02953,-0.8048371202490978
m24d,0.02859,0.08667627770384939
m24d,0.02806,-2.7739080509104856
m24d,0.02828,0.15329824254337948
m24d,0.02871,0.27549905093783766
m24d,0.02845,-2.279186060421776
m24d,0.02875,0.5654193008358809
m24d,0.02844,2.2322327714436123
m24d,0.0285,-1.3640812522022663
m24d,0.02895,1.2761565112301128
m24d,0.02895,0.9080937423263487
m24d,0.02874,0.1805237141099521
m24d,0.0299,-1.8532442940120295
m24d,0.02886,-1.4705657147386062
m24d,0.02896,0.9060363867762384
m24d,0.0305,-0.7204808002617142
m24d,0.03053,-0.9043962151722548
m24d,0.029,0.25659750635715156
m24d,0.03048,-1.9326771727453969
m24d,0.02935,0.2549942141564052
m24d,0.02988,-0.022117624743824338
m24d,0.02934,-0.24746041771952249
m24d,0.02962,2.9316029514529713
m24d,0.02978,0.0767940704033152
m24d,0.02978,-0.20581468312522944
m24d,0.02978,-0.2397894816367363
m24d,0.03025,-0.006389025196048226
m24d,0.03002,0.26599182892111806
m24d,0.02994,-0.28832798775311563
m24d,0.02973,0.2955609118506079
m24d,0.02965,-1.2017842223215718
m24d,0.03099,-0.7825093678670171
m24d,0.03004,0.6269437227812948
m24d,0.0298,-0.18570132287995567
m24d,0.03007,-0.8563140488087326
m24d,0.03093,-0.691128040936993
m24d,0.03136,0.9375267414770658
m24d,0.03072,1.2171083680278194
m24d,0.03072,-0.5724277456939948
m24d,0.03072,-1.4588281978304825
m24d,0.03013,0.2507356471614125
m24d,0.03107,0.4665196523973686
m24d,0.03107,-0.6242874129390202
m24d,0.03132,-0.15217034145175318
m24d,0.03093,-0.16675329285976317
m24d,0.03156,0.3306111459255576
m24d,0.03141,-0.938581906353299
m24d,0.03141,-0.01018450166508239
m24d,0.03141,-1.0052485615181457
m24d,0.03241,0.673842388603485
m24d,0.03241,0.038545912880703026
m24d,0.03241,0.5186652982762325
m24d,0.03075,0.037949599155009034
m24d,0.03107,0.26220610595847393
m24d,0.03264,-1.172047425380725
m24d,0.03123,1.775880533896953
m24d,0.03081,0.7251898910036494
m24d,0.03081,1.3327753196651948
m24d,0.03081,0.4456766189697648
m24d,0.03081,0.5583637209417884
m24d,0.03279,0.3606565994788322
m24d,0.03207,-1.103555473141611
m24d,0.03158,-1.193031757177239
m24d,0.03174,0.1538237074220299
m24d,0.03201,-0.5355638252142642
m24d,0.03212,0.8863631968249519
m24d,0.03212,0.41679634429061574
m24d,0.03183,1.738768428443953
m24d,0.03183,-0.9809397353052905
m24d,0.03189,1.7101809434355881
m24d,0.03246,-0.18889544507057843
m24d,0.03246,-0.38855432713603044
m24d,0.03246,-0.137860763555493
m24d,0.0337,-0.9446664713786589
m24d,0.03337,0.73812259338036
m24d,0.03212,0.6064488463319461
m24d,0.03212,0.32190149714065247
m24d,0.0325,0.19905646621622602
m24d,0.0325,1.4330050349026981
m24d,0.03314,-0.9336025140882801
m24d,0.03245,-0.13311184447821844
m24d,0.03245,0.7586749119736182
m24d,0.03336,0.3747331975332552
m24d,0.03292,1.5934898770063306
m24d,0.03292,0.7908659818674156
m24d,0.03309,0.421026784392341
m24d,0.03344,0.11232286556646093
m24d,0.03316,1.758492770319456
m24d,0.03323,0.46273604228752174
m24d,0.0331,1.2892023761729763
m24d,0.03432,-0.09019313471291254
m24d,0.03352,1.00287922899216
m24d,0.03352,0.5374793323490933
m24d,0.03565,-0.7746138417704783
m24d,0.03533,-0.5579279985063058
m24d,0.0337,0.8326351096557588
m24d,0.03481,-1.0033154361049612
m24d,0.0341,0.20262598092618428
m24d,0.03351,1.183345980517164
m24d,0.03492,0.27403769078483464
m24d,0.03574,0.25331416817718055
m24d,0.03369,0.1617578190169998
m24d,0.03369,0.10352957690636738
m24d,0.03497,-0.2457487610018347
m24d,0.03445,0.3982813486094289
m24d,0.03518,0.3550069966592516
m24d,0.03542,2.5190803728762994
m24d,0.03495,0.5832335367190115
m24d,0.03495,1.777239345904218
m24d,0.03564,0.0066081859869268345
m24d,0.03501,-2.22822647515407
m24d,0.03592,0.4420559103725199
m24d,0.03544,-0.3043703888795135
m24d,0.03602,1.9174475756398297
m24d,0.03577,0.6183263987669232
m24d,0.03643,-0.17970181489332404
m24d,0.03643,-0.4753998155079273
m24d,0.03725,0.23453324717625765
m24d,0.03631,-1.0501413059042861
m24d,0.03631,0.5869531464904929
m24d,0.03616,1.0239935808319707
m24d,0.03654,0.5752461847838022
m24d,0.03591,0.6169412535156158
m24d,0.03646,0.7945073540055753
m24d,0.03627,0.74080631822391
m24d,0.03627,0.14835750005052828
m24d,0.03589,-0.3595699285147645
m24d,0.03704,0.08656807555213597
m24d,0.03639,-0.06550425877137571
m24d,0.03652,2.9407579603413847
m24d,0.03652,0.7815250262752232
m24d,0.03761,-0.33048337877823497
m24d,0.03672,0.6892222697532125
m24d,0.03641,0.7810783271508119
m24d,0.03732,-1.0015036438074563
m24d,0.03732,-1.1113707244049444
m24d,0.0379,0.47152078127220787
m24d,0.03762,2.909589931789605
m24d,0.0394,0.3451681265765768
m24d,0.03748,2.592941008397185
m24d,0.03835,-0.2522079036904237
m24d,0.03832,-0.4056870065830941
m24d,0.03871,-0.7599570634377906
m24d,0.038,0.7004064313191556
m24d,0.03928,0.7374393165288816
m24d,0.03996,1.2285865222191499
m24d,0.03891,2.401127242187358
m24d,0.04015,-1.300527973982612
m24d,0.04015,-0.35607801861121713
m24d,0.03975,-1.0709242861805846
m24d,0.04056,-0.5651444156199461
m24d,0.04045,0.9540646698267953
m24d,0.04027,-1.3365987969170776
m24d,0.04059,1.385634365472622
m24d,0.04023,1.8052042724888235
m24d,0.0428,-0.2706716594273458
m24d,0.04239,0.7070242204432494
m24d,0.04223,0.38783939039317294
m24d,0.04251,-2.148644855100095
m24d,0.0413,-0.05083882239744522
m24d,0.0413,-0.3876842396986234
m24d,0.04265,-0.8737713059427396
m24d,0.04252,-0.5059052660240229
m24d,0.04328,1.1127718875984522
m24d,0.04275,-0.7507999862375572
m24d,0.04275,-0.0860870614453847
m24d,0.04391,-0.796347443668568
m24d,0.04307,-0.127766312375547
m24d,0.04404,0.9137215158612974
m24d,0.04397,-0.4709672178649581
m24d,0.0451,1.0821614557234371
m24d,0.04366,1.0136863495391428
m24d,0.04429,0.578943999924016
m24d,0.04433,1.1854602749406196
m24d,0.04502,0.08933267509332543
m24d,0.04496,0.4239496088440128
m24d,0.04496,0.6730393449082517
m24d,0.04488,-2.1959182146705034
m24d,0.04549,-0.6059570593345164
m24d,0.04627,-1.5062749060276377
m24d,0.04612,0.8028855628665255
m24d,0.04541,-1.06002760611644
m24d,0.04673,-0.10284461296866057
m24d,0.0467,-0.4594866198764844
m24d,0.04692,-0.5299022215390224
m24d,0.04692,0.049290507538969075
m24d,0.04764,0.8921822925464837
m24d,0.04677,0.2544344995967783
m24d,0.04734,0.5591923928937546
m24d,0.04768,0.5418931492984188
m24d,0.0478,-0.023809044275311664
m24d,0.04777,-0.3859128719613289
m24d,0.04777,-1.6596177962370118
m24d,0.04867,-2.550334110356995
m24d,0.04839,0.3318622520773554
m24d,0.05018,-0.1319263476002389
m24d,0.04896,-1.2940463970826621
m24d,0.04928,-0.2729562528341832
m24d,0.05019,0.04676133120741577
m24d,0.04952,-1.5301571242528258
m24d,0.0498,-0.5629323954744119
m24d,0.04998,1.7165722604097273
m24d,0.04944,-0.4030686105627642
m24d,0.0497,-1.5612331233997812
m24d,0.05063,-0.9580134312128291
m24d,0.05071,0.03785052494536767
m24d,0.04995,0.7502231261445449
m24d,0.05139,1.5744954749929787
m24d,0.05196,-2.32495634797123
m24d,0.05165,-1.0811367312696971
m24d,0.05148,0.42503107466497414
m24d,0.05232,0.6658343646790728
m24d,0.05232,-1.8623260398429042
m24d,0.05229,0.4203518035122721
m24d,0.0532,0.7852843389988602
m24d,0.05268,-0.05530291682960903
m24d,0.05291,0.566960118612712
m24d,0.05449,0.11363664572324866
m24d,0.0543,-0.32502110632283476
m24d,0.05485,0.07111532631863515
m24d,0.05529,-1.844209672978012
m24d,0.05513,-0.09615399451808318
m24d,0.05641,-0.809453617059058
m24d,0.05658,-0.2700956214128441
m24d,0.05668,0.7226738307497198
m24d,0.05631,0.40044406413052813
m24d,0.0568,0.6372230084819634
m24d,0.0576,0.06553492836494845
m24d,0.0576,-0.4240134973898334
m24d,0.05708,0.014022543554192968
m24d,0.05837,-0.0898468309086094
m24d,0.05837,1.1165638225198062
m24d,0.05934,-1.54258501896703
m24d,0.06079,-0.4128747016927852
m24d,0.0613,0.6669518410213287
m24d,0.0613,0.7392285190908623
m24d,0.06067,0.6240118357032517
m24d,0.06116,-1.0173225041347762
m24d,0.06116,-1.1337730633499008
m24d,0.06142,-0.22121963913058185
m24d,0.0637,1.4908761856539392
m24d,0.06419,-1.7978152843986763
m24d,0.06398,-1.1562527962088875
m24d,0.06485,-1.3444382714611611
m24d,0.06603,0.5939282422763638
m24d,0.06652,-0.617582598645753
m24d,0.06723,0.8235627871618476
m24d,0.06731,-0.8308612169493884
m24d,0.06758,1.4024470098744053
m24d,0.06841,-0.887381026800572
m24d,0.06908,0.5760056472524423
m24d,0.0691,-0.8197034794300506
m24d,0.07076,-0.43344297665668485
m24d,0.07028,-0.8437088384241415
m24d,0.07028,-0.7520110741352296
m24d,0.07046,0.5854995960348087
m24d,0.07113,-0.10570992314635896
m24d,0.07068,-0.07702781604916231
m24d,0.07061,0.8187257427136293
m24d,0.07074,-0.4487677013538416
m24d,0.07094,-0.6626609579703866
m24d,0.07149,-1.7469862823989182
m24d,0.07134,-0.25209996181572997
m24d,0.07193,0.8928882172142484
m24d,0.07196,0.8458967898457005
m24d,0.07301,0.3459643918883743
m24d,0.07398,0.14240926511037222
m24d,0.07478,-0.5432504413458686
m24d,0.07467,-0.7957459347932313
m24d,0.0749,-0.9150116330792988
m24d,0.0749,0.00013870386301417792
m24d,0.07514,1.174122057292598
m24d,0.07529,-0.23278945692583086
m24d,0.07557,0.3715863286236295
m24d,0.07855,-0.899073909536843
m24d,0.07833,1.7614524148525272
m24d,0.07849,1.977814343271378
m24d,0.07849,3.183830252789183
m24d,0.07869,-0.11933215014415818
m24d,0.07891,0.48427817834717296
m24d,0.07901,-1.393542977291672
m24d,0.07966,-0.9570074834066359
m24d,0.08024,-0.48645001546982714
m24d,0.08141,-0.22023982179457557
m24d,0.08221,0.22384901075689523
m24d,0.08255,-0.4481540833117175
m24d,0.08282,1.300174527522959
m24d,0.08366,0.7437951523383786
m24d,0.08544,-0.31991413552998504
m24d,0.08656,-0.3807117485208693
m24d,0.08848,-0.824437776596884
m24d,0.09015,-0.3462284829272089
m24d,0.09066,0.1828928303458106
m24d,0.09181,0.8931372385819376
m24d,0.09284,0.44244226131746256
m24d,0.09968,1.714339378858888
m24d,0.10142,0.31229478050151094
m24d,0.10237,0.9931538904846844
m24d,0.10231,-0.17300260033912052
m24d,0.10298,-1.0179283958587566
m24d,0.10338,0.297521602341275
m24d,0.10351,-0.6562424736791972
m24d,0.10485,0.5900371514953326
m24d,0.10638,-0.7310858370829134
m24d,0.10684,0.7277134400887193
m24d,0.10694,0.3145892759057204
m24d,0.10728,1.1841743598471248
m24d,0.10751,0.7331830896394587
m24d,0.1081,-0.010302428130213315
m24d,0.10886,-0.2384513828334507
m24d,0.10988,0.9305636138171652
m24d,0.11243,0.9239445768735643
m24d,0.11365,-1.238320295471669
m24d,0.11628,-0.44867212201307455
m24d,0.11635,0.39931066480739474
m24d,0.11741,0.048003862738851155
m24d,0.11771,-0.1339058478620586
m24d,0.11797,-2.1637657562098576
m24d,0.11878,-0.6160167591731752
m24d,0.11992,-0.35484560102834195
m24d,0.12042,0.5670343680513824
m24d,0.12067,-0.20874265849984608
m24d,0.1219,-1.074448444100527
m24d,0.12208,-0.498973123528454
m24d,0.12262,-0.30347591965133675
m24d,0.12303,-0.4663754397755469
m24d,0.12336,-0.9399572062377637
m24d,0.12356,0.6343342618875923
m24d,0.12363,0.9285351741502202
m24d,0.12377,-0.8094131554399472
m24d,0.12384,0.6925777505600257
m24d,0.12455,0.296335921006193
m24d,0.12542,2.018499002398225
m24d,0.12608,-1.2777520479479072
m24d,0.12688,0.007540165801567245
m24d,0.12694,-0.32927653896463255
m24d,0.12705,-0.48777577883722206
m24d,0.12716,-0.1469503657895892
m24d,0.129,-0.5677459494665215
m24d,0.12904,-0.006205954390163859
m24d,0.12929,-0.133129879148846
m24d,0.1294,0.11529335577212074
m24d,0.13153,-0.7513821181863634
m24d,0.13269,-1.0813025406389
m24d,0.13349,-0.24425008056992414
m24d,0.13353,-0.5304327208933887
m24d,0.13463,2.1339381813625913
m24d,0.13514,0.8607889180349938
m24d,0.13599,0.22221422399019058
m24d,0.1364,-0.84926010062259
m24d,0.13687,0.12936848847890414
m24d,0.13696,0.10609047822608109
m24d,0.13729,2.508719310305097
m24d,0.13811,-1.1062324963484864
m24d,0.13818,-0.4219227092814472
m24d,0.13824,0.5675667077215856
m24d,0.13834,0.26080477331382435
m24d,0.13868,0.10201220022345403
m24d,0.13864,0.6634950090798641
m24d,0.13959,0.195106689055352
m24d,0.1407,1.083502670419933
m24d,0.14084,1.8559075733449792
m24d,0.14108,0.1652362694722399
m24d,0.1412,0.6762182770454848
m24d,0.14311,-0.28055518521204115
m24d,0.14335,1.7416422387041
m24d,0.14344,0.4533756728533417
m24d,0.14388,-0.06774490449961912
m24d,0.1441,-0.409502912825372
m24d,0.14533,0.2953404904327529
m24d,0.14624,0.546031748528004
m24d,0.14656,0.3446584649786183
m24d,0.14741,-0.8360501881635544
m24d,0.14729,-1.4121922349474438
m24d,0.14759,-0.20613644370524975
m24d,0.14757,0.167504159439412
m24d,0.14812,0.7752297128620526
m24d,0.14792,-1.1170027082080294
m24d,0.14819,-1.1174909034235958
m24d,0.14882,0.021220697424697565
m24d,0.14923,-0.3791661693298558
m24d,0.15036,-0.627338234954566
m24d,0.15067,0.00464680010617069
m24d,0.15186,-1.6749357914542724
m24d,0.15272,0.9132060064909975
m24d,0.15304,0.05920354614567125
m24d,0.15317,-1.2146013560246975
m24d,0.15325,0.192213552238355
m24d,0.15339,1.2048106430796686
m24d,0.15493,-0.35464717046798033
m24d,0.15509,0.18047876900093962
m24d,0.15518,1.1905694662359485
m24d,0.15591,-2.3323610496252463
m24d,0.15654,-0.5873567358176444
m24d,0.15838,-1.908430852079901
m24d,0.15906,0.6020987073327075
m24d,0.15922,-3.6432789924050466
m24d,0.15935,-2.3640257484547793
m24d,0.16009,-1.6580257986626497
m24d,0.15991,-0.8128344793330406
m24d,0.16036,-0.9268681178410447
m24d,0.16045,0.47021169227772985
m24d,0.1606,-0.7491919646106922
m24d,0.16134,-0.19218566816239543
m24d,0.1622,-0.15344747235205763
m24d,0.16357,-0.7333810088541521
m24d,0.16431,-0.8739509996016211
m24d,0.16455,-0.4831248828744326
m24d,0.16478,-0.6569112238012771
m24d,0.16593,0.567610922152093
m24d,0.16595,-1.7439232993173035
m24d,0.16817,-1.4612738323228567
m24d,0.16935,0.43666904971987763
m24d,0.1696,1.1155323978090823
m24d,0.17029,0.1165022168559523
m24d,0.17137,0.24733754436572863
m24d,0.17156,-0.22709380253317088
m24d,0.17239,0.08222348668500967
m24d,0.17274,-2.140267503130783
m24d,0.17282,1.2361049458869307
m24d,0.17315,-1.2433123278457154
m24d,0.17357,0.2548456029537941
m24d,0.1736,-1.6205496703198097
m24d,0.17383,0.2513851236542239
m24d,0.174,0.6040574526594283
m24d,0.17405,-1.7229685656927645
m24d,0.17431,-0.29111890866952395
m24d,0.17427,0.27398993365634017
m24d,0.17428,-0.2864716439724386
m24d,0.17483,1.707333923491991
m24d,0.17654,-0.4792810472719691
m24d,0.17697,-0.3564981078955679
m24d,0.17729,-0.9559141585174284
m24d,0.17769,-1.253758463584486
m24d,0.1778,0.8987000240717988
m24d,0.17839,2.685408394094837
m24d,0.1789,0.636273125973708
m24d,0.17896,1.1641299010596171
m24d,0.17916,-0.3160512473200222
m24d,0.17955,-0.07263540686506231
m24d,0.17959,-0.30270000722449514
m24d,0.17979,-0.1017054896993756
m24d,0.1799,2.0902041003568548
m24d,0.18037,-2.333932429579529
m24d,0.18059,-1.085574196385568
m24d,0.18064,0.9015988324110995
m24d,0.18067,0.32478642792409385
m24d,0.18071,-0.04133117262339381
m24d,0.1808,0.025457131576790748
m24d,0.18138,0.2880771614227474
m24d,0.18123,-1.4056790388409175
m24d,0.18148,-1.2747279802061908
m24d,0.18203,-0.30213217827393357
m24d,0.18216,-0.9563585543856145
m24d,0.18217,0.5150422931851962
m24d,0.18243,1.2817014390149866
m24d,0.18345,-0.2245548536756044
m24d,0.18383,0.15910756225493095
m24d,0.18376,0.8049306666897473
m24d,0.18388,0.9463878668608215
m24d,0.18444,1.4416783764991123
m24d,0.18443,1.45319579241121
m24d,0.18468,-0.12366111080193226
m24d,0.18482,-0.44676165539988666
m24d,0.18492,0.6287371320751693
m24d,0.18501,-0.37144527721157566
m24d,0.18507,-0.8724385383218904
m24d,0.18538,1.2795956749654827
m24d,0.18651,0.8709840454151178
m24d,0.18714,0.8918264895808388
m24d,0.18801,0.2504908448207443
m24d,0.18892,-2.552717990694407
m24d,0.18893,0.5752408273628107
m24d,0.18937,1.3117391410769752
m24d,0.18915,3.069017227948758
m24d,0.18931,0.15227599691055682
m24d,0.18955,0.17515786959491464
m24d,0.18979,-0.009489202665169338
m24d,0.19009,1.566973856093063
m24d,0.19026,-0.2896609461468578
m24d,0.1903,1.8560351864553057
m24d,0.19397,0.19307738524735363
m24d,0.19422,0.5866684319550584
m24d,0.19534,1.0765478670383062
m24d,0.19556,-0.875747297847737
m24d,0.19549,0.7589459013158
m24d,0.19555,1.097367734193916
m24d,0.19602,-0.8285304519626011
m24d,0.19611,-0.11779732189217296
m24d,0.19616,0.1907159610606129
m24d,0.19624,0.21417906098037703
m24d,0.19719,-0.07258501965046471
m24d,0.19726,-1.141224953844445
m24d,0.19786,-2.599356420393116
m24d,0.19801,-0.576576311118217
m24d,0.19815,0.3700593992194767
m24d,0.19846,2.9517972312166414
m24d,0.1986,0.2787686127001817
m24d,0.19863,0.4655335552191482
m24d,0.19892,1.2340994943332773
m24d,0.19956,-0.011899888334516662
m24d,0.19948,-1.0708835498328917
m24d,0.19957,0.3962415323479533
m24d,0.20062,-1.2638636785512603
m24d,0.20068,0.6005782433876157
m24d,0.20074,-0.4207159828495256
m24d,0.20139,-0.024369527211696718
m24d,0.20216,-1.8222114606156545
m24d,0.20237,1.0589493259656875
m24d,0.20268,-0.3917222960304101
m24d,0.20308,0.8982862674098787
m24d,0.20314,0.01772922611268335
m24d,0.20318,0.2009353790310695
m24d,0.20323,0.26106575373075713
m24d,0.20368,0.11507090038438772
m24d,0.20454,-0.10798897273850705
m24d,0.20471,-0.5824979724010293
m24d,0.20515,1.6329215254570233
m24d,0.20549,-0.849006019697804
m24d,0.20699,-0.10462821190764604
m24d,0.20736,1.5788651629299444
m24d,0.20754,1.364729131524558
m24d,0.20831,-1.4426331448703285
m24d,0.20847,-0.5949311709532387
m24d,0.20856,0.7603482723546805
m24d,0.20857,-0.6562283751927037
m24d,0.20864,-0.8762325787835632
m24d,0.20937,-0.5455593148384356
m24d,0.21003,1.7908879799364152
m24d,0.21023,-3.92434926330133
m24d,0.21071,-0.09777410079396665
m24d,0.21083,-1.5368760629290472
m24d,0.21099,-0.03588646394933548
m24d,0.21137,0.7048901796324916
m24d,0.2116,-0.2082594711203517
m24d,0.21186,-0.7667086511831156
m24d,0.21214,-0.4090481848280421
m24d,0.21339,0.22873587185139876
m24d,0.21353,0.14181744233907795
m24d,0.21383,-0.7961879238484361
m24d,0.21442,-0.09998231838354948
m24d,0.21511,-0.4779430062031156
m24d,0.21513,2.7663685191648257
m24d,0.21566,1.0338713432854405
m24d,0.21653,-2.1376634540668316
m24d,0.21674,0.14870442428853092
m24d,0.21677,0.41186405934434145
m24d,0.21729,0.5555581699167249
m24d,0.21781,-0.5187603186552998
m24d,0.21848,1.0471723918159817
m24d,0.21884,0.4789267779057813
m24d,0.21885,0.7288026458192838
m24d,0.21887,0.401444651314676
m24d,0.21886,-0.3930977454082689
m24d,0.21943,-0.49171138309970003
m24d,0.21935,0.5275077881910055
m24d,0.21982,-0.18661696543597073
m24d,0.21967,0.07991951992227986
m24d,0.21976,1.0895399532877006
m24d,0.22005,-1.000896184114424
m24d,0.22055,0.6117906239095048
m24d,0.22069,-0.07871562288739553
m24d,0.22141,-0.5133737440442383
m24d,0.22141,-0.23760741835704563
m24d,0.22157,0.8576221677285889
m24d,0.22287,1.0690786817491114
m24d,0.22335,0.47141898738693677
m24d,0.22373,-0.9724627951265432
m24d,0.22451,-0.021757634891557465
m24d,0.22451,-1.073424592125682
m24d,0.22482,-0.3436240096658578
m24d,0.22552,-0.026474060995997917
m24d,0.22534,-0.17620839575004282
m24d,0.22536,0.4149353913930195
m24d,0.22563,-1.3331554546015556
m24d,0.22632,1.8371323937676585
m24d,0.22714,-0.48897321484606754
m24d,0.22806,0.4222437535252497
m24d,0.22853,-0.11418303220727993
m24d,0.22917,0.33194137262913725
m24d,0.22967,-0.453554261018464
m24d,0.23006,-0.4314209547458162
m24d,0.23044,0.49274509384376286
m24d,0.23066,-1.11404250613385
m24d,0.23075,-0.7100448474458997
m24d,0.23083,0.5907927852764885
m24d,0.23111,1.0036194587318974
m24d,0.2315,-0.021886271544135583
m24d,0.23171,-0.847952739708179
m24d,0.23212,-0.11418588072732672
m24d,0.23269,-2.9653949786661835
m24d,0.23356,-0.2353573686077371
m24d,0.23364,1.291264030684756
m24d,0.23381,-0.2722080781423582
m24d,0.23381,-0.5080038976899554
m24d,0.23475,-0.36350054805993826
m24d,0.23471,0.34149705137440134
m24d,0.23483,-0.7002124840310429
m24d,0.23508,-0.30576433734865227
m24d,0.23543,0.0014629907182082125
m24d,0.2363,1.3357900811118655
m24d,0.23649,0.017058791370578974
m24d,0.23653,1.667557515591434
m24d,0.23671,-0.7876543438128
m24d,0.23684,-0.16147774705329027
m24d,0.23711,-0.2898737784536939
m24d,0.23735,2.238635997087522
m24d,0.23776,-0.21940020658145487
m24d,0.23954,-2.6010187076555047
m24d,0.23971,-1.43629429495811
m24d,0.24004,0.42082430128448856
m24d,0.24072,0.848500953160017
m24d,0.24106,0.3055415428090298
m24d,0.24153,-1.4949455246698733
m24d,0.24151,-0.7620571022545293
m24d,0.24207,1.64649586807698
m24d,0.24267,0.7244861731068422
m24d,0.24271,1.3981844544458446
m24d,0.24316,-0.7345829080925298
m24d,0.24341,0.9152685178329296
m24d,0.24405,-0.32699804616433237
m24d,0.24436,-0.8941129925392748
m24d,0.24449,-1.7131724802434047
m24d,0.24497,-0.14614672627785702
m24d,0.24512,1.1038472329953122
m24d,0.24539,0.14286084198755733
m24d,0.24594,0.5556349699071362
m24d,0.24604,0.14133492041814566
m24d,0.24637,0.23789502089445003
m24d,0.24643,-0.467186410895429
m24d,0.24649,0.5143132440313185
m24d,0.24701,-1.6556793911442433
m24d,0.24835,-1.2562581443712695
m24d,0.24848,0.522498171253873
m24d,0.24848,0.4544593525752727
m24d,0.24851,-0.08019200762220419
m24d,0.24853,-0.307159773412121
m24d,0.24883,0.48440762089553335
m24d,0.24899,-0.8082709504973461
m24d,0.24961,1.8532046541798053
m24d,0.24973,-0.6910101103185559
m24d,0.24974,0.1311430225255087
m24d,0.25004,1.2921225245838852
m24d,0.25008,-0.14954150752623718
m24d,0.2503,0.3091924135701897
m24d,0.25037,1.3759359786922059
m24d,0.25052,-0.820731113300255
m24d,0.25077,-0.053864846329655935
m24d,0.25191,0.4882988996029575
m24d,0.25247,0.3219084192220186
m24d,0.25249,-0.04459452306886624
m24d,0.25319,-0.6061221815685527
m24d,0.25345,-2.1897124901355265
m24d,0.25394,0.3500510890398416
m24d,0.25605,1.4716575339245557
m24d,0.25609,0.6618499512754898
m24d,0.25625,-0.4546516242429611
m24d,0.25672,0.32247529837951733
m24d,0.25721,0.6737248525183243
m24d,0.25723,0.3931656413083048
m24d,0.2576,0.9723752410520565
m24d,0.258,0.3374260410665936
m24d,0.25847,-0.2172652013184922
m24d,0.25855,0.45716032604092793
m24d,0.25911,0.6330932895594689
m24d,0.25908,-1.501105015256699
m24d,0.25912,-0.4553926125324677
m24d,0.25935,0.31708739713400624
m24d,0.25954,-0.34894821932463704
m24d,0.26051,-0.019037410067442084
m24d,0.26086,0.9364472348044564
m24d,0.2613,-0.3701820121768836
m24d,0.26151,-0.584825881021787
m24d,0.26162,1.0368250377353712
m24d,0.26162,1.0604773279282766
m24d,0.26166,-0.6298856416062656
m24d,0.26173,1.0883458787251352
m24d,0.26187,1.4481344634172002
m24d,0.2629,2.035810981983132
m24d,0.26309,1.028272890915639
m24d,0.26348,-0.9218942662092461
m24d,0.26384,0.1446891209215988
m24d,0.26386,-1.6141986774250805
m24d,0.26395,0.4274905499492166
m24d,0.26405,-0.055504285278383136
m24d,0.26462,-0.19513805346330748
m24d,0.26451,0.869816807594237
m24d,0.2657,0.4757379441190829
m24d,0.26576,-1.8467442778835719
m24d,0.26629,-1.3798292045550378
m24d,0.26687,0.1212164010456328
m24d,0.26794,-0.2363093535400032
m24d,0.26804,-0.6510265453501921
m24d,0.2685,-0.02061001891963088
m24d,0.26848,-0.5406807445294548
m24d,0.26879,0.2689503379092547
m24d,0.27006,0.36160450855816795
m24d,0.2701,-0.5022848922718841
m24d,0.27045,-0.7353233846738099
m24d,0.27085,-0.8591130769732815
m24d,0.27129,-0.3075690054471022
m24d,0.27265,-0.4333341340757533
m24d,0.2734,-0.9167508589136787
m24d,0.27444,0.2788708886779082
m24d,0.27511,0.8405602002980082
m24d,0.27508,-0.6549729209932794
m24d,0.27574,0.29097629795702484
m24d,0.27619,0.45195150095845027
m24d,0.27656,1.1254317444535271
m24d,0.27764,-0.11551882117171713
m24d,0.27784,2.2027655826968693
m24d,0.27924,0.4730804809314889
m24d,0.2798,-1.3030849521738341
m24d,0.27987,-1.0833958053606707
m24d,0.28049,-0.15062857601950197
m24d,0.28122,-0.39238107495735397
m24d,0.28198,-0.7645726882429724
m24d,0.28256,0.38918585495803404
m24d,0.28333,-0.23477389880701482
m24d,0.28395,-1.2772062829276303
m24d,0.28436,-1.3197284452959723
m24d,0.28434,-0.038793209559385144
m24d,0.28468,1.6653670479694456
m24d,0.28547,-0.04607464708341358
m24d,0.28577,-0.4518991207895647
m24d,0.28655,-0.5576879839666131
m24d,0.28723,-0.9732495359589414
m24d,0.28746,-1.1477694082199172
m24d,0.28763,0.9815187448283459
m24d,0.28806,-0.1791090992907523
m24d,0.28835,0.2013801234460859
m24d,0.28843,-0.043554708465695535
m24d,0.28882,1.3141853404602366
m24d,0.2889,0.004379653142579543
m24d,0.28896,-0.5638704118804607
m24d,0.28899,-0.23632497776800315
m24d,0.28952,1.1894375942948205
m24d,0.29001,-0.14682720921832376
m24d,0.28998,-0.2869455156355104
m24d,0.29036,0.1572908030373319
m24d,0.29114,-1.918509752245778
m24d,0.29199,-0.11756206880620818
m24d,0.29186,-0.04566246803922491
m24d,0.29208,-0.04795514357027933
m24d,0.29208,-2.1708139207535657
m24d,0.29241,-0.9527896424091107
m24d,0.29246,-0.5867300164447439
m24d,0.2928,-0.29920783583340194
m24d,0.29291,0.3173515725682483
m24d,0.29354,0.5944057161117482
m24d,0.29496,-0.28196094138958716
m24d,0.29568,1.0814516086415429
m24d,0.29576,1.657485830226297
m24d,0.29639,0.7328297484910374
m24d,0.29683,-1.0585410889931757
m24d,0.29687,-0.4266301194434427
m24d,0.29842,2.6723487800313954
m24d,0.29845,-0.944890670444209
m24d,0.29888,0.42061589221748585
m24d,0.29923,0.7451945091374037
m24d,0.29947,1.2888984190775108
m24d,0.29936,-0.695988271907642
m24d,0.30007,0.9729473248076829
m24d,0.30022,0.20317578179797807
m24d,0.30078,1.5061508596460569
m24d,0.3015,-0.02402900188299284
m24d,0.30141,1.671363614133336
m24d,0.30254,0.1514961433032086
m24d,0.30296,-0.2689256592096462
m24d,0.30339,0.5700281545985905
m24d,0.30354,1.6618189075273966
m24d,0.30396,-0.9792818144504323
m24d,0.30395,-1.1913334738620676
m24d,0.30478,1.0446390357662199
m24d,0.30477,0.3645918745896555
m24d,0.30519,-1.3662987469186394
m24d,0.30525,0.24677986867320012
m24d,0.30551,0.5692148880478273
m24d,0.30568,0.3760065189400461
m24d,0.30641,0.06753591902391343
m24d,0.30668,1.5552264988539188
m24d,0.30697,0.6256981365260592
m24d,0.30805,3.1259358916882976
m24d,0.30822,0.32869070595458055
m24d,0.30881,0.8993432744427567
m24d,0.30915,0.8123482708682177
m24d,0.3093,0.22337970112106928
m24d,0.30939,0.4848302318104755
m24d,0.30955,-1.186094039492812
m24d,0.31043,-1.3190627191234852
m24d,0.31053,0.4962412706857292
m24d,0.31077,0.9718245711401635
m24d,0.31152,0.7656521113715696
m24d,0.31185,0.29932578946675426
m24d,0.31195,-0.0064853400550890505
m24d,0.31252,0.11469938715124084
m24d,0.31258,0.2616980026264546
m24d,0.31259,-2.3342056885121925
m24d,0.31287,0.5555247092776222
m24d,0.31294,0.5027511826410719
m24d,0.31377,0.6328825850811252
m24d,0.31444,1.5835052801538485
m24d,0.31495,0.5062881219255007
m24d,0.31509,-0.45191055175581896
m24d,0.31577,1.3919070461485998
m24d,0.31582,-0.21478112924059048
m24d,0.31613,1.2164193559800227
m24d,0.31773,0.6722233199431225
m24d,0.31795,0.7716034659616718
m24d,0.31813,0.263120402236412
m24d,0.31839,1.4552693504065957
m24d,0.31893,1.1745922483305762
m24d,0.31892,-0.6689047474544608
m24d,0.32089,1.5757117733299535
m24d,0.32095,-0.5732804146596554
m24d,0.32108,0.8459938416629053
m24d,0.32214,-2.281973192020804
m24d,0.32214,-1.671950130977803
m24d,0.32214,-1.3007033436772093
m24d,0.32265,-0.6135785360745307
m24d,0.32454,0.5646336043366535
m24d,0.32535,1.3037559029019103
m24d,0.3255,0.9170938077080206
m24d,0.3257,0.7016042424813242
m24d,0.32573,0.041730327895656116
m24d,0.32622,-0.11142126673231711
m24d,0.32794,-0.4878819671434128
m24d,0.32829,0.8559635512440043
m24d,0.32838,1.4679048631778604
m24d,0.32843,-0.8341210339312535
m24d,0.3287,0.03593315689780663
m24d,0.32859,0.19108551861665102
m24d,0.3286,-0.8878714646813293
m24d,0.3291,-0.11238884387571135
m24d,0.32931,1.5684789660238907
m24d,0.32943,1.3275964138357979
m24d,0.3296,0.3474266679966165
m24d,0.32985,-1.394396064879649
m24d,0.33055,1.5432481478975448
m24d,0.33048,0.535505655923935
m24d,0.33052,0.6604495236910847
m24d,0.3308,0.4006478448725348
m24d,0.3308,-0.5828260388730998
m24d,0.33094,-0.5665546558796881
m24d,0.33154,-0.26241126398626713
m24d,0.33137,1.1681038188397923
m24d,0.33155,0.045807341930725554
m24d,0.33179,-0.7405599580459864
m24d,0.3324,-1.1225003334472103
m24d,0.3329,1.5057674363915643
m24d,0.33353,-1.0736801457722496
m24d,0.33353,-0.5263735302589472
m24d,0.33439,0.25671571563355033
m24d,0.3349,-0.8834944956774212
m24d,0.33513,-0.7547541717727588
m24d,0.33663,-0.8012079224687034
m24d,0.33752,0.077976486593763
m24d,0.33739,-1.077900770306285
m24d,0.33753,0.22008311813433123
m24d,0.3378,0.03898513755317157
m24d,0.33825,0.05388625372505318
m24d,0.33851,-0.22961181346722465
m24d,0.339,-0.3645018964741141
m24d,0.34051,0.20765671911182648
m24d,0.3409,-0.7830845536667594
m24d,0.34101,-0.3755604987899923
m24d,0.34176,0.1739957964049006
m24d,0.34448,1.1335681716109622
m24d,0.3445,0.5341281978173295
m24d,0.34479,0.4429551476401091
m24d,0.34547,0.09908040603148416
m24d,0.34594,1.5938787499697837
m24d,0.34686,0.7634425770241613
m24d,0.34704,-0.8788467771920716
m24d,0.34872,0.9305335142487713
m24d,0.34899,0.15131966885641246
m24d,0.34918,0.3072743360234358
m24d,0.3492,-0.7883639501865272
m24d,0.34946,-0.1659817681090736
m24d,0.34957,-1.285385754042883
m24d,0.34956,1.3310590889575447
m24d,0.34952,-0.5183534468558003
m24d,0.34957,1.430884413429422
m24d,0.35017,-0.43773059893925725
m24d,0.35066,-0.06466422689325813
m24d,0.35087,0.20719144389754895
m24d,0.35157,1.7083873470817135
m24d,0.35156,0.8165140318694012
m24d,0.35361,0.7109591550761901
m24d,0.35527,1.365300421248052
m24d,0.35767,0.4288229654972597
m24d,0.35791,0.3765980453762463
m24d,0.35833,-0.2730415584105837
m24d,0.35858,-0.6590033345381355
m24d,0.35901,-0.6253174510930789
m24d,0.35897,1.3166909019968365
m24d,0.35949,1.2632740210995828
m24d,0.36005,-0.8965683931191759
m24d,0.36023,-1.3975155888387842
m24d,0.36081,0.6675914364359016
m24d,0.36138,-1.0363483806564582
m24d,0.36272,-0.5591892382235053
m24d,0.36326,0.2342699195602841
m24d,0.36491,0.5828686535452046
m24d,0.36613,-1.405355860779628
m24d,0.36648,-1.0420764962324607
m24d,0.36705,-1.2903577127751458
m24d,0.3678,-0.8419943501067744
m24d,0.36791,1.128343817574072
m24d,0.36844,0.8371992718854624
m24d,0.36862,0.3513629759402126
m24d,0.36952,0.675823631356065
m24d,0.36977,-0.7457015225700563
m24d,0.37012,-0.09168309566977395
m24d,0.37059,-0.025882836777784357
m24d,0.37051,0.07303419022105273
m24d,0.37046,1.726053314762047
m24d,0.37053,-0.4266186190747809
m24d,0.37053,-3.1825024286247263
m24d,0.37087,0.07589840908697526
m24d,0.37143,-0.4253131693936668
m24d,0.3716,0.14233049082142668
m24d,0.3715,0.42036602673528967
m24d,0.37351,-0.8022247870648882
m24d,0.37426,0.6345169803804817
m24d,0.37678,-0.06524693244482671
m24d,0.37798,-0.49799082922610216
m24d,0.37859,0.0645211034499934
m24d,0.37986,-0.7389298171319811
m24d,0.37989,-0.2481401147195741
m24d,0.38052,0.08221326431255493
m24d,0.38083,-0.09654306581137928
m24d,0.38131,-0.03381657756913037
m24d,0.3816,1.4833047746537664
m24d,0.38174,0.7632139898817828
m24d,0.3825,-0.4565358413293717
m24d,0.38284,-0.5634307341763718
m24d,0.38394,0.40205768342287496
m24d,0.38594,0.37410464701354784
m24d,0.38677,-0.5814330430783132
m24d,0.38735,0.4226599696198481
m24d,0.38772,0.7016669853796549
m24d,0.38886,-0.7098968631396309
m24d,0.38951,0.32976869260282093
m24d,0.39262,-0.5354657248637009
m24d,0.39512,-0.5265757927944761
m24d,0.39698,-2.481851681297995
m24d,0.39946,0.6567329652757905
m24d,0.40048,-0.6933290545705733
m24d,0.40212,-0.6954883023818811
m24d,0.40286,0.12217593319842936
m24d,0.40361,0.2313328725471453
m24d,0.40454,0.6734756172524847
m24d,0.40472,-1.9075946457017934
m24d,0.40547,1.9737487338494342
m24d,0.40648,0.7397169147272977
m24d,0.409,0.4148806754356025
m24d,0.40911,0.31288919631734147
m24d,0.40927,0.4833524551653988
m24d,0.40947,0.409526924560798
m24d,0.40995,0.23954768446008096
m24d,0.41114,0.16636202927701849
m24d,0.41131,1.0111301614980561
m24d,0.41152,1.763867729447513
m24d,0.41258,0.6965236003696023
m24d,0.41664,0.5720130248300441
m24d,0.41864,-0.4283323856623835
m24d,0.41927,0.003700571279537712
m24d,0.41931,-1.6109468407666885
m24d,0.41962,1.1831256376386143
m24d,0.41956,0.7204463588451109
m24d,0.41997,-1.1644237187553184
m24d,0.42027,0.43675396740987416
m24d,0.4209,-0.6299404357776021
m24d,0.42085,0.20555712799864334
m24d,0.42199,-0.8092449888465691
m24d,0.42245,-0.009408535657044248
m24d,0.42242,-0.10540153562913035
m24d,0.42355,-0.9085432787914728
m24d,0.42349,0.30285127555877
m24d,0.42392,0.0710528948384912
m24d,0.42451,0.28321680340178523
m24d,0.42562,-0.14396949839395684
m24d,0.42594,0.2431130535761611
m24d,0.42689,0.36941031625736154
m24d,0.42694,0.7234294948239512
m24d,0.42784,3.2509065210356587
m24d,0.42865,0.6377287472093206
m24d,0.42888,-0.8433643158009811
m24d,0.42895,0.3663186251934105
m24d,0.42967,1.2609197807499322
m24d,0.43013,0.6316776190068589
m24d,0.43487,0.1200074259688283
m24d,0.43544,-2.093562290642268
m24d,0.43673,1.6891116987214096
m24d,0.43765,-1.346600123028642
m24d,0.43774,0.23020572075526985
m24d,0.43883,-2.4215819964583076
m24d,0.43883,-0.7088068797236082
m24d,0.43926,0.01842296661535292
m24d,0.44004,1.0869560390273727
m24d,0.44059,-1.8007586756580363
m24d,0.44154,-1.0158356288545538
m24d,0.44246,0.13959973776130186
m24d,0.44254,0.8616248872460679
m24d,0.44368,-0.3344999522923639
m24d,0.44384,-0.163526947708732
m24d,0.44756,0.03248688211328643
m24d,0.4489,0.11618769502884246
m24d,0.44896,0.8738164455271348
m24d,0.4506,-2.2971598162813063
m24d,0.451,0.34464296540346384
m24d,0.45169,-1.8348302625916153
m24d,0.45169,1.1115640076115951
m24d,0.45155,-0.7632444333997708
m24d,0.45223,0.5068642887697424
m24d,0.45333,-0.6459769504170095
m24d,0.45347,0.18468928714363975
m24d,0.45463,-0.6540033815497055
m24d,0.45478,-0.022526942904048053
m24d,0.45878,0.21955130698544018
m24d,0.46055,0.5858296046035295
m24d,0.46098,0.5309437341801791
m24d,0.46156,0.6428690376299262
m24d,0.46641,1.6063567211731509
m24d,0.4666,0.909311544257897
m24d,0.4684,-0.0073317413839665835
m24d,0.4688,-1.314786352030866
m24d,0.47039,0.9733783820361254
m24d,0.47057,0.4398469251978644
m24d,0.4717,0.15280619171991594
m24d,0.47196,0.2282683293101757
m24d,0.47572,-0.5245728798302536
m24d,0.47793,1.2407526380321592
m24d,0.47943,-1.1677537604396737
m24d,0.47948,-0.11245756773143589
m24d,0.4798,-0.7388782515726644
m24d,0.48056,-0.30334995795120945
m24d,0.48071,-0.5022926878093491
m24d,0.48171,1.6809391725213025
m24d,0.48881,0.04710391246008605
m24d,0.49246,0.7504653814895734
m24d,0.49501,-0.12786869046221727
m24d,0.4956,0.4865158497666082
m24d,0.49572,-0.21520934016894
m24d,0.49737,0.11089901022362186
m24d,0.50073,0.551619073937154
m24d,0.5009,-0.14148204612730825
m24d,0.50276,0.06232079786960837
m24d,0.50276,-0.350787843383493
m24d,0.503,-0.07069095924012808
m24d,0.50309,-0.09308935330438539
m24d,0.50598,-0.6878944327578339
m24d,0.50617,-0.5105277964574713
m24d,0.50716,0.4368556519778872
m24d,0.50737,0.28911390471213455
m24d,0.50817,-1.2760801675150137
m24d,0.51006,-0.8678403712374863
m24d,0.51087,-0.8021467534923838
m24d,0.51175,1.2461544686000603
m24d,0.5138,0.29645294580412496
m24d,0.51435,0.18739442971063763
m24d,0.51475,0.5184206098713838
m24d,0.51718,-0.8753749720509812
m24d,0.51876,-0.3318836658884842
m24d,0.51879,-0.36902401247094363
m24d,0.51943,0.0826293132087878
m24d,0.5196,0.37675585885393464
m24d,0.52277,0.507190311922335
m24d,0.52393,-0.3494180297091538
m24d,0.52613,-0.6490924355087114
m24d,0.52851,-1.4530571428459613
m24d,0.52939,0.17104149020584047
m24d,0.53091,-2.5660185651461784
m24d,0.53105,1.0948029696278623
m24d,0.53117,0.8710284120640903
m24d,0.53226,-1.9179987418066495
m24d,0.53277,-0.2922067194223435
m24d,0.53377,-0.7768224690951702
m24d,0.53433,-1.075222523079145
m24d,0.53532,0.006339144662025786
m24d,0.53578,-0.6553763000212836
m24d,0.53944,0.07402368977284979
m24d,0.54089,-0.46359105996065963
m24d,0.54154,1.205845097801093
m24d,0.5454,1.5255987572049587
m24d,0.54832,-1.4141100020644894
m24d,0.54886,-0.7573271643416147
m24d,0.55011,-0.24850571349707518
m24d,0.55031,-0.02042599940178047
m24d,0.55048,0.10137187410369336
m24d,0.5526,-1.0952924119896488
m24d,0.5538,0.6924901245600501
m24d,0.55389,-2.5378889757239067
m24d,0.55775,0.16907322169845823
m24d,0.55875,1.390700127661797
m24d,0.55875,-0.4329107492071225
m24d,0.56174,-1.2938863002391834
m24d,0.56263,0.6901934352049125
m24d,0.56276,-0.07029034052642202
m24d,0.56441,-0.30662838913734175
m24d,0.5643,0.34164187974772453
m24d,0.56431,-0.21168789099248764
m24d,0.56475,0.4013161397400049
m24d,0.56883,-1.2268314893862664
m24d,0.57535,-0.9279380473507842
m24d,0.57583,0.5867399958498193
m24d,0.57609,-0.17892407401812382
m24d,0.57661,-0.6187617405716657
m24d,0.57741,0.7290806870846428
m24d,0.57829,-0.532261165505353
m24d,0.57823,-0.17396271584469447
m24d,0.57875,-0.5069928186533448
m24d,0.57884,0.04721912683431795
m24d,0.57959,-0.6362509816135967
m24d,0.5806,0.22757703050347866
m24d,0.58073,1.1831586751173928
m24d,0.58294,0.044184582950863915
m24d,0.58328,2.228192751523978
m24d,0.58375,-0.46679006548867275
m24d,0.58375,0.7104002826480365
m24d,0.58382,-0.6939741719464266
m24d,0.58575,0.7124196498539799
m24d,0.58728,0.5328266558036915
m24d,0.58873,-0.4941166538371846
m24d,0.59028,-0.3822684950869092
m24d,0.59184,-0.5683517575626236
m24d,0.6006,-0.020888560771899933
m24d,0.60149,0.5837108102248227
m24d,0.60327,0.8826183099337533
m24d,0.6062,-0.3810539983419388
m24d,0.60826,-0.38351838631295326
m24d,0.6088,-0.6551173359034667
m24d,0.60873,0.24639144378138378
m24d,0.60987,0.3257043289216365
m24d,0.61064,0.1805389467662697
m24d,0.61125,1.526840067065167
m24d,0.61171,0.3619197501809573
m24d,0.61571,0.15795984986947365
m24d,0.61869,0.09883197246107034
m24d,0.61942,0.08665061176433675
m24d,0.61988,0.4604481390786892
m24d,0.62063,-0.026724663717921177
m24d,0.62188,-0.5107533168061322
m24d,0.62523,-0.40345518057693086
m24d,0.62723,-0.9037498404392255
m24d,0.63071,-0.5232629558341947
m24d,0.63189,-1.871813254461552
m24d,0.63223,0.4600449756814756
m24d,0.63392,-1.6186936887912826
m24d,0.63771,-0.6587503989997987
m24d,0.63787,0.43932551836060935
m24d,0.63823,-0.36407052083036456
m24d,0.63866,0.051141268060275524
m24d,0.63936,0.21882418789453872
m24d,0.6419,0.31690754400651755
m24d,0.64305,-1.449135399359217
m24d,0.64364,0.10203270041840834
m24d,0.64363,0.057652808863959765
m24d,0.64763,0.17881395139314749
m24d,0.64846,1.2427283286984503
m24d,0.64863,-0.2215956015408514
m24d,0.64964,-0.35838683547157646
m24d,0.66207,0.633191070453009
m24d,0.66463,-0.2883178312918477
m24d,0.67065,0.9790574830171677
m24d,0.67767,1.3964525005453585
m24d,0.68195,-0.8938299697266526
m24d,0.68365,0.8223348642875592
m24d,0.68517,0.3505744435503126
m24d,0.68867,-0.9965304286074851
m24d,0.68937,-1.0415752958815285
m24d,0.68937,0.36805136515171116
m24d,0.69065,-0.02400573122112748
m24d,0.69316,-0.1565805283941686
m24d,0.69716,-0.4544631891140923
m24d,0.69816,-0.1398680391374833
m24d,0.69916,-0.18684715878804858
m24d,0.69916,0.21046100462607822
m24d,0.69933,0.7960429422046993
m24d,0.69997,0.7315292306055502
m24d,0.70064,-0.4953407922239894
m24d,0.70115,0.43839097098166113
m24d,0.70197,-0.10534195861652892
m24d,0.70198,0.1569080728123809
m24d,0.71565,-0.31124057489711016
m24d,0.71867,-1.6787738640567729
m24d,0.71962,0.5357596900785873
m24d,0.71964,-0.34764044250041337
m24d,0.72013,0.6007948181327398
m24d,0.72067,-0.1059867175031649
m24d,0.72667,-0.12036543053333648
m24d,0.72767,-0.5112237737571574
m24d,0.72861,-0.5791692132387624
m24d,0.73012,-0.8773849003662082
m24d,0.73163,0.4555654325882941
m24d,0.73362,-0.9781656886076315
m24d,0.734,0.41011310135923834
m24d,0.73501,0.6991519889536435
m24d,0.73562,0.42349591815694665
m24d,0.73602,0.23030054720267695
m24d,0.73668,-1.118148329007934
m24d,0.74202,1.3125927412224547
m24d,0.74269,-0.19778581236662465
m24d,0.74566,0.042600529340635795
m24d,0.74613,-1.0126095931553571
m24d,0.7491,-1.2943107998495786
m24d,0.74932,-0.23094381940912254
m24d,0.75068,-1.1709916924338242
m24d,0.75904,0.13826634847776464
m24d,0.76069,-0.9815971365481291
m24d,0.76108,-0.10005573809961404
m24d,0.76159,-0.4702739590102462
m24d,0.7656,0.045419388906318026
m24d,0.7666,0.9950366632303511
m24d,0.76668,0.7811492664890154
m24d,0.76707,1.6688271275288602
m24d,0.7686,0.45102600213831434
m24d,0.76933,-0.40797128037766606
m24d,0.77308,0.3695206386772235
m24d,0.77931,-1.023885571199653
m24d,0.78806,-0.23472459796730996
m24d,0.78905,0.40757177748415496
m24d,0.78929,-1.3821342425747027
m24d,0.79656,-1.731226251321747
m24d,0.79858,0.5970588960988322
m24d,0.83973,-0.7249909469318916
m24d,0.83973,-0.9559257024573024
m24d,0.85474,0.4932663856301944
m24d,0.93577,-1.323394762647825
m24d,0.97424,1.8230008170550949
m24d,1.01236,0.6338253310444542
m24d,1.0198,1.7345704897911374
m24d,1.02081,-0.09572881549516721
m24d,1.02781,2.145778992014759
m24d,1.04819,0.9545146041586678
m24d,1.12085,1.0900719785574717
m24d,1.23223,-0.4069813607806655
m24d,1.23589,1.9399585843439224
m24d,1.29912,1.0172985744235667
m24d,1.30412,0.16765092039179963
m24d,1.30612,1.2515695147865211
m24d,1.31311,0.40185509810043085
m24d,1.32911,0.8378078137342899
m24d,1.34093,-0.028418315652493087
m24d,1.35134,-1.042365716130226
m24d,1.3561,0.16450414192440177
m24d,1.39096,-0.2967298736063219
m24d,1.41631,-0.8563367764054091
m24d,1.54295,-0.08863961447960789
m24d,1.54903,0.8664979663673397
m24d,1.61499,-0.3982991494693726
m24d,1.69702,-0.4215666414515684
m24d,1.80111,-0.31479719658472294
m24d,1.9116,-1.1163546810093976
m24d,2.2613,0.21033979487585253
